player_id,season,clubs,leagues,played,started,minutes,goals,yellow_cards,red_cards,votes,clean_sheets,was_goalkeeper
1K3B6G6pRN,2025,Modbury Vista,HPG Homes State League 2 North; Australia Cup SA Preliminary Rounds; HPG Homes State League 2 North - Reserves; HPG Homes State League 2 (Seniors) Final Series,22,17,1576,0,1,0,0,0,false
1K3B6G6pRN,2026,Port Adelaide; Gawler Eagles,Senior Men's Trials; HPG Homes State League 2 North - Reserves; HPG Homes State League 2 North,13,7,668,2,0,0,0,0,false
1K3B9QLWYN,2024,Noarlunga United,Senior Men's Trial Matches; State League 2 Reserves; Federation Cup Reserves; State League 2,21,12,1144,0,3,1,0,0,false
1K3B9QLWYN,2025,Noarlunga United,Reserves; HPG Homes State League 2 South - Reserves; Federation Cup Reserves,18,15,1262,2,7,0,0,0,false
1K3B9QLWYN,2026,Noarlunga United,Federation Cup Reserves; HPG Homes State League 2 South - Reserves,17,16,1919,2,2,2,0,0,false
1K3B9eV53N,2024,Mount Barker United,Under 14 Trials - No Match Officials; Under 14 JSL B; U14 Carl's Junior Boys Cup,21,20,1590,0,1,0,0,0,true
1K3B9eV53N,2025,Mount Barker United,Reserves; Federation Cup U18's; HPG Homes State League 2 South - Under 18's; HPG Homes State League 2 South - Reserves,22,19,1740,0,3,0,0,0,true
1K3B9eV53N,2026,Mount Barker United,Federation Cup U18's; Under 18's; HPG Homes State League 2 South - Under 18's; HPG Homes State League 2 South - Reserves; HPG Homes State League 2 South,19,18,2204,0,4,1,0,0,true
1K3B9gQbqN,2023,Campbelltown City,U17 Carl's Junior Boys Cup; U16 JPL A - Bottom Half; Under 17's JPL A; Under 16's JSL A,14,7,620,3,0,0,0,0,false
1K3B9gQbqN,2024,Campbelltown City,U18 Trial Matches; Reserves Trial Matches; RAA NPL Under 18's; RAA NPL Reserves; Federation Cup U18's,38,23,2025,17,1,0,0,0,false
1K3B9gQbqN,2025,Campbelltown City,Senior Men's Trials; Reserves; RAA NPL; RAA NPL Reserves; Federation Cup Reserves; Australia Cup SA Preliminary Rounds,21,16,1406,7,1,0,0,0,false
1K3B9gQbqN,2026,Modbury Jets; Campbelltown City,Federation Cup Reserves; Hahn Australia Cup SA Preliminary Rounds; HPG Homes State League 1 Reserves; HPG Homes State League 1; RAA NPL Reserves,16,9,1019,5,1,0,0,0,false
1K3Bgnp8GN,2024,Port Adelaide,Reserves Trial Matches; Senior Men's Trial Matches; Federation Cup Reserves; State League 2 Reserves; State League 2,24,22,1900,9,4,0,0,0,false
1K3Bgnp8GN,2025,Port Adelaide,Senior Men's Trials; HPG Homes State League 2 North; Australia Cup SA Preliminary Rounds; Reserves,25,19,1615,4,6,0,0,0,false
1K3Bgnp8GN,2026,Port Adelaide,Hahn Australia Cup SA Preliminary Rounds; Senior Men's Trials; HPG Homes State League 2 North,23,9,1008,3,0,0,0,0,false
1K3BgqL83N,2024,Para Hills Knights,U18 Trial Matches; Reserves Trial Matches; RAA NPL Under 18's; Federation Cup U18's,25,19,1620,1,3,0,0,0,false
1K3BgqL83N,2026,Elizabeth Downs Soccer Club,Reserves; Senior Men's Trials; HPG Homes State League 2 North - Reserves; HPG Homes State League 2 North,19,17,1478,0,2,0,0,0,false
1K3BwRRj3N,2024,WT Birkalla,Reserves Trial Matches; State League 1 Reserves; Federation Cup Reserves,22,9,636,3,0,0,0,0,false
1K3BwRRj3N,2025,WT Birkalla,RAA NPL Reserves,1,0,5,0,0,0,0,0,false
1K3BwRRj3N,2026,Adelaide Cobras,HPG Homes State League 1 Reserves; Federation Cup Reserves; HPG Homes State League 1,18,17,1727,2,2,0,0,0,false
1K3BwyD4ON,2023,Elizabeth Grove,Under 15's JSL A; Under 15's JSL B; U15 Carl's Junior Boys Cup,26,20,1790,4,1,0,0,0,false
1K3BwyD4ON,2024,Gawler Eagles,U18 Trial Matches; State League 2 Under 18's; Federation Cup U18's; State League 2 Reserves; Under 16 JSL A,28,25,1966,0,0,0,0,0,false
1K3BwyD4ON,2025,Gawler Eagles,Under 18's; HPG Homes State League 2 North - Under 18's; Federation Cup U18's; HPG Homes State League 2 North - Reserves; HPG Homes State League 2 (18s) Final Series,35,31,3065,8,3,0,0,0,false
1K3BwyD4ON,2026,Gawler Eagles,Federation Cup Reserves; Reserves; HPG Homes State League 2 North - Under 18's; HPG Homes State League 2 North - Reserves; HPG Homes State League 2 North,19,16,1425,3,2,0,0,0,false
1K3bPMZ9NQ,2023,Western Strikers,Under 13's JPL B; U13 Carl's Junior Boys Cup,25,22,1810,3,0,0,0,0,false
1K3bPMZ9NQ,2024,Western Strikers,Under 14 Trials; Under 14 JPL B; U14 Carl's Junior Boys Cup,25,22,2020,3,0,0,0,0,false
1K3bPMZ9NQ,2026,Western Strikers,Nova Under 16's YPL B Mixed; Federation Cup U18's; HPG Homes State League 2 South - Under 18's; HPG Homes State League 2 (18s) Final Series,27,20,2000,4,3,0,0,0,false
1K3bprjYNQ,2023,Barossa United,Under 13's JSL C; Under 15's JSL B; U13 Carl's Junior Boys Cup,23,19,1530,2,0,0,0,0,false
1K3bprjYNQ,2024,Barossa United,Under 14 JSL C; U14 Carl's Junior Boys Cup,15,7,560,8,0,0,0,0,false
1K3bprjYNQ,2025,Barossa United,Nova Under 15's YSL C Mixed; U15 Carl's Jr. Youth State Cup,20,20,1900,1,1,0,0,4,true
1K3bprjYNQ,2026,Barossa United,Federation Cup U18's; Federation Cup Reserves; HPG Homes State League 2 North - Under 18's; HPG Homes State League 2 North - Reserves,18,16,1470,0,0,0,0,0,true
1K3p5MJJod,2025,Plympton FC,Nova Under 16's YSL A Mixed; Under 16 YSL Bottom Half,12,12,1140,25,1,0,0,0,false
1K3p5MJJod,2026,Plympton FC,Federation Cup U18's; Reserves; HPG Homes State League 2 South - Under 18's; Under 17's A Mixed; HPG Homes State League 2 South - Reserves,24,12,1496,10,3,0,0,0,false
1K3p5eV7Ld,2026,Northern Demons,Federation Cup U18's; HPG Homes State League 2 North - Under 18's; Under 15's YSL C Mixed; HPG Homes State League 2 North - Reserves,19,18,1685,1,0,0,0,0,false
1K3p7MeOYd,2026,Vipers FC,Nova Under 16's YPL A Mixed; HPG Homes State League 2 South - Under 18's; Under 17's A Mixed,12,8,760,4,1,0,0,0,false
1K3pJJe0qd,2026,Adelaide Blue Eagles,HPG Homes State League 1,22,22,2467,5,3,1,0,0,false
1K3pJJejYd,2026,Angle Vale,Federation Cup Reserves; Senior Men's Trials; HPG Homes State League 2 North - Reserves,15,6,663,1,2,0,0,0,false
1K3pJQ7jYd,2026,Adelaide Olympic,HPG Homes State League 1 Reserves; HPG Homes State League 1; Hahn Australia Cup SA Preliminary Rounds,25,19,1974,3,5,0,0,0,false
1K3pJQ7r9d,2026,Elizabeth Downs Soccer Club,U16 Carl's Jr. Youth Premier Cup; Nova Under 16's YPL C North Mixed; HPG Homes State League 2 North - Under 18's,9,7,665,0,0,0,0,0,false
1K3pJQApRd,2026,Fulham United,Hahn Australia Cup SA Preliminary Rounds; HPG Homes State League 1,20,19,1944,7,1,0,0,0,false
1K3pJQxX7d,2026,Port Adelaide,Federation Cup Reserves; HPG Homes State League 2 North - Reserves; HPG Homes State League 2 (Reserves) Final Series,16,4,607,0,1,0,0,2,true
1K3pJRQ4Od,2023,Playford City,Australia Cup SA Preliminary Rounds; State League 1,24,18,1127,3,7,0,0,0,false
1K3pJRQ4Od,2024,Playford City,Senior Men's Trial Matches; Australia Cup SA Preliminary Rounds; State League 1; State League 1 Reserves,18,8,765,5,1,0,0,0,false
1K3pJRQ4Od,2025,,,0,0,0,0,0,0,0,0,false
1K3pJRQ4Od,2026,Salisbury Inter,Hahn Australia Cup SA Preliminary Rounds; Senior Men's Trials; HPG Homes State League 2 North; HPG Homes State League 2 (Seniors) Finals Series,20,20,1780,2,8,0,0,0,false
1K3pJbvMod,2026,Elizabeth Downs Soccer Club,HPG Homes State League 2 North - Under 18's; U16 Carl's Jr. Youth Premier Cup; Nova Under 16's YPL C North Mixed; Federation Cup U18's; Nova Under 14's YPL C North Mixed,16,13,1250,0,0,0,0,1,true
1K3pJq6xGd,2026,Ghan United,Under 15's YSL C Mixed; U15 Carl's Jr. Youth State Cup; Under 16's YSL Mixed; HPG Homes State League 2 South - Under 18's; Under 16 YSL Mixed Top Half,31,24,2355,1,4,0,0,0,false
1K3pQ0Wp3d,2026,Plympton FC; Mount Barker United,Federation Cup Reserves; Senior Men's Trials; HPG Homes State League 2 South - Reserves; HPG Homes State League 2 South,22,20,2391,0,4,0,0,0,false
1K3pQ0rZod,2026,Adelaide Blue Eagles,Hahn Australia Cup SA Preliminary Rounds; HPG Homes State League 1 Reserves; HPG Homes State League 1,25,20,1822,7,1,0,0,0,false
1K3pQ2oBYd,2023,Adelaide Cobras,Under 15's JPL A; U15 Carl's Junior Boys Cup,21,18,1590,4,0,1,0,0,false
1K3pQ2oBYd,2024,Adelaide Cobras; Adelaide Olympic,Under 17 Trials; Under 16 Trials - No Match Officials; Under 16 JPL A; U16 Carl's Junior Boys Cup; Under 15 JPL A,24,21,1790,8,3,0,0,0,false
1K3pQ2oBYd,2025,Adelaide Olympic,HPG Homes State League 1 Under 18's; Federation Cup U18's; HPG Homes State League 1 Reserves,33,18,1771,7,3,0,0,0,false
1K3pQ2oBYd,2026,Adelaide Olympic,HPG Homes State League 1 Under 18's; Federation Cup U18's; HPG Homes State League 1 Reserves,33,24,3195,4,7,0,0,0,false
1K3pQ70x7d,2026,Salisbury Inter,Federation Cup U18's; HPG Homes State League 2 North - Under 18's; HPG Homes State League 2 (18s) Final Series,16,10,960,0,3,0,0,0,false
1K3pQBDBYd,2023,Seaford Rangers,State League 2 Under 18's; Under 14's JPL C; Under 17's JPL B; U13 Carl's Junior Boys Cup; Under 13's JPL B; Under 13's JPL C; U13 JPL C - Top Half; U18 Trial Matches,43,25,2230,6,0,0,0,0,false
1K3pQBDBYd,2024,Seaford Rangers,U18 Trial Matches; Under 15 JPL C; State League 2 Under 18's; U15 Carl's Junior Boys Cup; State League 2 Reserves,42,29,2588,17,0,0,0,0,false
1K3pQBDBYd,2025,Seaford Rangers,Under 18's; HPG Homes State League 2 South - Under 18's; Nova Under 16's YPL C Mixed; Federation Cup U18's; HPG Homes State League 2 South - Reserves; HPG Homes State League 2 (18s) Final Series,34,25,2435,1,1,0,0,0,false
1K3pQBDBYd,2026,Seaford Rangers,Federation Cup U18's; Under 18's; HPG Homes State League 2 South - Under 18's; HPG Homes State League 2 South - Reserves,28,20,2807,2,0,0,0,0,false
1K3pQQAl3d,2026,Adelaide Atletico VSC,HPG Homes State League 1 Reserves; HPG Homes State League 1; Hahn Australia Cup SA Preliminary Rounds,20,19,1669,4,7,0,0,0,false
1K3pQQAzqd,2023,Adelaide Atletico,Under 16's JSL B; U16 Carl's Junior Boys Cup,21,18,1610,12,0,0,0,0,false
1K3pQQAzqd,2024,Adelaide Atletico,Under 17 JPL C; U17 Carl's Junior Boys Cup,18,16,1440,5,3,0,0,0,false
1K3pQQAzqd,2025,Adelaide Atletico VSC,Under 18's; HPG Homes State League 2 North - Under 18's; Federation Cup U18's; Nova Under 17's YPL B Mixed,27,24,2220,5,10,0,0,0,false
1K3pQQAzqd,2026,Adelaide Atletico VSC,HPG Homes State League 1 Under 18's,20,12,1440,2,2,0,0,0,false
1K3pQQL27d,2023,South Adelaide; WT Birkalla,RAA NPL; Australia Cup SA Preliminary Rounds; RAA NPL Reserves; State League 1; State League 1 Reserves,16,7,213,3,1,0,0,0,false
1K3pQQL27d,2024,Sturt Lions,Senior Men's Trial Matches; Australia Cup SA Preliminary Rounds; State League 1,24,8,822,2,0,0,0,0,false
1K3pQQL27d,2025,Seaford Rangers; Adelaide Comets,Senior Men's Trials; HPG Homes State League 2 South; Australia Cup SA Preliminary Rounds; RAA NPL; RAA NPL Reserves,23,20,1744,10,4,0,0,0,false
1K3pQQL27d,2026,Seaford Rangers,Hahn Australia Cup SA Preliminary Rounds; Senior Men's Trials; HPG Homes State League 2 South; HPG Homes State League 2 (Seniors) Finals Series,22,17,1910,9,2,0,0,0,false
1K3pQQoDqd,2026,Adelaide Atletico VSC,HPG Homes State League 1 Reserves; Federation Cup Reserves,23,8,1539,0,5,0,0,0,false
1K3pQROQRd,2026,Noarlunga United,Federation Cup U18's; HPG Homes State League 2 South - Under 18's; HPG Homes State League 2 South - Reserves; HPG Homes State League 2 (Reserves) Final Series,25,21,2707,6,1,0,0,0,false
1K3pQRrnOd,2026,Vipers FC,Federation Cup U18's; HPG Homes State League 2 South - Under 18's; HPG Homes State League 2 South - Reserves; HPG Homes State League 2 (Reserves) Final Series; HPG Homes State League 2 (18s) Final Series,28,20,2179,7,3,0,0,0,false
1K3pQRy0Rd,2026,Fulham United,HPG Homes State League 1 Reserves; Federation Cup Reserves,24,22,2485,1,3,0,0,0,false
1K3pQV28Ld,2026,Seaford Rangers,Hahn Australia Cup SA Preliminary Rounds; Senior Men's Trials; HPG Homes State League 2 South; HPG Homes State League 2 South - Reserves; HPG Homes State League 2 (Seniors) Finals Series,20,10,1625,0,0,0,0,0,false
1K3pQjMLOd,2026,Mount Barker United,Federation Cup Reserves; Reserves; HPG Homes State League 2 South - Reserves; HPG Homes State League 2 South,21,8,1406,0,1,0,0,0,false
1K3pQjaPYd,2026,Pontian Eagles,Federation Cup U18's; HPG Homes State League 2 North - Under 18's,5,5,480,0,0,0,0,0,false
1K3pQl837d,2023,Gawler Eagles,Federation Cup U18's; State League 2 Under 18's; U18 Trial Matches,16,12,1320,2,1,0,0,0,false
1K3pQl837d,2024,Eastern United,State League 2 Reserves; Federation Cup Reserves,17,7,1020,2,1,0,0,0,false
1K3pQl837d,2025,Eastern United,HPG Homes State League 2 South - Reserves; Federation Cup Reserves,22,14,1383,2,2,0,0,0,false
1K3pQl837d,2026,Barossa United,Hahn Australia Cup SA Preliminary Rounds; HPG Homes State League 2 North; HPG Homes State League 2 North - Reserves,17,13,1092,0,3,3,0,0,false
1K3pWj5jqd,2023,MetroStars,Under 16's JPL A; U16 Carl's Junior Boys Cup; U16 JPL A - Top Half,21,20,1770,1,3,0,0,0,false
1K3pWj5jqd,2024,Croydon FC; MetroStars,Reserves Trial Matches; U18 Trial Matches; RAA NPL Under 18's; Under 17 JPL A; RAA NPL Reserves,19,12,1050,3,4,0,0,0,false
1K3pWj5jqd,2025,MetroStars,Under 18's; RAA NPL Under 18's; RAA NPL Reserves; Federation Cup Reserves; Reserves,19,10,1206,1,2,0,0,0,false
1K3pWj5jqd,2026,Adelaide Atletico VSC,HPG Homes State League 1 Reserves; Federation Cup Reserves; HPG Homes State League 1,16,13,1569,1,1,0,0,0,false
1K3pXyzXRd,2026,Salisbury Inter,HPG Homes State League 2 North - Reserves,6,6,556,0,3,1,0,0,false
1K3prD3rLd,2026,Northern Demons,HPG Homes State League 2 North,1,0,22,0,0,0,0,0,false
1K3pyQXb3d,2025,Eastern United,HPG Homes State League 2 South - Reserves; Federation Cup Reserves,14,11,1152,3,3,0,0,0,false
1K3pyWvRGd,2025,Adelaide Comets,Senior Men's Trials; RAA NPL; Australia Cup SA Preliminary Rounds; RAA NPL Reserves,27,14,1347,4,2,1,0,0,false
1K3pyWvRGd,2026,Adelaide Comets; Fulham United,Hahn Australia Cup SA Preliminary Rounds; RAA NPL Reserves; RAA NPL; HPG Homes State League 1; Senior Men's Trials,21,13,1195,7,3,0,0,0,false
1K3pylLEBd,2025,Gawler Eagles,Reserves; HPG Homes State League 2 North - Reserves; Federation Cup Reserves,7,3,413,0,2,0,0,0,false
1K3pylLEBd,2026,Salisbury Inter,Federation Cup Reserves; HPG Homes State League 2 North - Reserves; HPG Homes State League 2 North,16,14,1326,1,2,0,0,0,false
1K3pzv8LYd,2026,Angle Vale,HPG Homes State League 2 North - Under 18's,15,15,1350,1,3,0,0,0,false
1K3v0787NQ,2023,,,0,0,0,0,0,0,0,0,false
1K3v0787NQ,2024,Cumberland United,Under 16 JSL A; U16 Carl's Junior Boys Cup,17,10,880,1,1,0,0,0,false
1K3v0787NQ,2025,Cumberland United,Under 17 Trials; Under 17 Trials - No Match Officials; Nova Under 17's YPL A Mixed; U17 Carl's Jr. Youth Premier Cup,19,10,900,3,1,0,0,0,false
1K3v0787NQ,2026,Plympton FC,Federation Cup U18's; Reserves; HPG Homes State League 2 South - Under 18's; HPG Homes State League 2 South - Reserves; HPG Homes State League 2 South,23,16,2071,0,1,0,0,0,false
1K3v085oNQ,2023,Modbury Jets; Modbury Vista,RAA NPL; Australia Cup SA Preliminary Rounds; RAA NPL Reserves; 23 Senior Men's Trial Matches,27,16,125,5,3,1,0,0,false
1K3v085oNQ,2024,Modbury Vista,Senior Men's Trial Matches; Australia Cup SA Preliminary Rounds; State League 2,32,31,2510,27,3,0,0,0,false
1K3v085oNQ,2025,Modbury Vista,Senior Men's Trials; HPG Homes State League 2 North; Australia Cup SA Preliminary Rounds; HPG Homes State League 2 (Seniors) Final Series,26,26,2376,19,4,0,0,0,false
1K3v085oNQ,2026,Modbury Vista,Hahn Australia Cup SA Preliminary Rounds; HPG Homes State League 2 North; HPG Homes State League 2 (Seniors) Finals Series,23,23,2196,26,2,0,0,0,false
1K3v7GLoNQ,2023,Salisbury United,Federation Cup U18's; State League 2 Under 18's; State League 2 Reserves,25,22,2640,7,2,0,0,0,true
1K3v7GLoNQ,2024,Salisbury United,U18 Trial Matches; State League 1 Under 18's; Federation Cup U18's; State League 1 Reserves,30,22,1989,11,2,1,0,0,false
1K3v7GLoNQ,2025,Pontian Eagles,Reserves; HPG Homes State League 1 Reserves; Federation Cup Reserves,8,8,723,1,1,0,0,0,false
1K3v7GLoNQ,2026,Salisbury United,HPG Homes State League 1 Reserves; Hahn Australia Cup SA Preliminary Rounds,21,17,1667,2,2,0,0,0,false
1K3v7RbqNQ,2023,Croydon FC; Port Adelaide,RAA NPL Under 18's; Federation Cup U18's; State League 1 Reserves; State League 1 Under 18's; 23 Reserves Trial Matches,25,7,916,0,0,0,0,0,false
1K3v7RbqNQ,2024,Port Adelaide,Reserves Trial Matches; Federation Cup Reserves; State League 2 Reserves,15,10,896,1,1,0,0,0,false
1K3v7RbqNQ,2025,Vipers FC,HPG Homes State League 1 Reserves; HPG Homes State League 1,18,17,1621,1,1,0,0,0,false
1K3v7RbqNQ,2026,Vipers FC,Federation Cup Reserves; HPG Homes State League 2 South - Reserves,5,3,489,0,2,0,0,0,false
1K3va7MBNQ,2023,Northern Demons,Australia Cup SA Preliminary Rounds; State League 2,23,18,345,0,2,0,0,0,false
1K3va7MBNQ,2025,Northern Demons,HPG Homes State League 2 North - Reserves; HPG Homes State League 2 North; HPG Homes State League 2 (Reserves) Final Series,23,22,1952,3,1,0,0,0,false
1K3va7MBNQ,2026,Northern Demons,Federation Cup Reserves; HPG Homes State League 2 North - Reserves; HPG Homes State League 2 North,19,17,1633,0,1,0,0,0,false
1K3vaaooNQ,2023,Para Hills Knights,Australia Cup SA Preliminary Rounds; State League 1; Senior Men's Trials,23,17,106,0,5,1,0,0,false
1K3vaaooNQ,2024,Adelaide University; Modbury Vista,Senior Men's Trial Matches; State League 2 Reserves; State League 2; Australia Cup SA Preliminary Rounds,25,22,2046,2,6,1,0,0,false
1K3vaaooNQ,2025,Modbury Vista,Senior Men's Trials; HPG Homes State League 2 North; Australia Cup SA Preliminary Rounds; HPG Homes State League 2 (Seniors) Final Series,27,23,2354,3,6,0,0,0,false
1K3vaaooNQ,2026,West Adelaide; Adelaide Atletico VSC,Senior Men's Trials; RAA NPL Reserves; RAA NPL; HPG Homes State League 1; HPG Homes State League 1 Reserves,16,14,1341,0,5,1,0,0,false
1K3vaeJYNQ,2023,Adelaide Blue Eagles,State League 1 Reserves; Federation Cup Reserves,17,3,842,0,0,0,0,0,false
1K3vaeJYNQ,2025,Angle Vale,Australia Cup SA Preliminary Rounds,1,0,46,0,0,0,0,0,false
1K3vaeJYNQ,2026,Angle Vale,Hahn Australia Cup SA Preliminary Rounds; Reserves; Senior Men's Trials; HPG Homes State League 2 North; HPG Homes State League 2 North - Reserves,11,5,393,4,0,0,0,0,false
1K3vgLnqNQ,2023,Noarlunga United; Adelaide University,State League 2; Australia Cup SA Preliminary Rounds,25,23,224,1,3,0,0,0,false
1K3vgLnqNQ,2024,Adelaide University,Senior Men's Trial Matches; Australia Cup SA Preliminary Rounds; State League 2,26,26,2237,2,4,0,0,0,false
1K3vgLnqNQ,2025,Cumberland United,HPG Homes State League 1; Australia Cup SA Preliminary Rounds,21,17,1583,3,1,0,0,0,false
1K3vgLnqNQ,2026,Cumberland United,Hahn Australia Cup SA Preliminary Rounds; HPG Homes State League 1,27,27,3083,4,2,0,0,0,false
1K3vo8EoNQ,2023,Adelaide Atletico,Under 13's JSL C; U13 Carl's Junior Boys Cup; Under 14's JSL C,21,15,1190,8,0,0,0,0,false
1K3vo8EoNQ,2024,Adelaide Atletico,Under 14 JSL B; U14 Carl's Junior Boys Cup; Under 15 JSL B,20,18,1430,12,0,0,0,0,false
1K3vo8EoNQ,2025,Eastern United,Under 15 Trials - No Match Officials; Under 16 Trials - No Match Officials; Under 16 Trials; Nova Under 16's YPL C Mixed; U16 Carl's Jr. Youth Premier Cup; Nova Under 15's YPL C Mixed; HPG Homes State League 2 South - Under 18's,32,19,1780,3,0,0,0,0,false
1K3vo8EoNQ,2026,Eastern United,Nova Under 16's YPL B Mixed; U16 Carl's Jr. Youth Premier Cup; HPG Homes State League 1 Under 18's,20,15,1425,2,2,0,0,0,false
1K3vwVyLNQ,2023,Northern Demons,Australia Cup SA Preliminary Rounds; State League 2,20,16,509,0,3,0,0,0,false
1K3vwVyLNQ,2024,Northern Demons,Senior Men's Trial Matches; Australia Cup SA Preliminary Rounds; State League 2; State League 2 Reserves,19,13,1175,3,5,0,0,0,false
1K3vwVyLNQ,2025,Northern Demons,HPG Homes State League 2 North; Australia Cup SA Preliminary Rounds; HPG Homes State League 2 North - Reserves,18,15,1303,0,3,1,0,0,false
1K3vwVyLNQ,2026,Northern Demons,Hahn Australia Cup SA Preliminary Rounds; HPG Homes State League 2 North; HPG Homes State League 2 North - Reserves,18,16,1361,1,1,0,0,0,false
1K3vwz49NQ,2023,Port Adelaide; Cumberland United,State League 1 Reserves; State League 1; Federation Cup Reserves,16,7,1024,3,1,0,0,0,false
1K3vwz49NQ,2025,Northern Demons,HPG Homes State League 2 North; Australia Cup SA Preliminary Rounds; HPG Homes State League 2 North - Reserves; HPG Homes State League 2 (Reserves) Final Series,25,16,1466,9,3,0,0,0,false
1K3vwz49NQ,2026,,,0,0,0,0,0,0,0,0,false
1K3vxqWRNQ,2023,Adelaide Cobras; Northern Demons,State League 1 Reserves; Federation Cup Reserves; State League 2 Reserves; State League 2,18,12,1200,1,5,0,0,0,false
1K3vxqWRNQ,2024,Northern Demons,State League 2 Reserves; State League 2,22,18,1535,3,5,0,0,0,false
1K3vxqWRNQ,2025,Northern Demons,HPG Homes State League 2 North - Reserves; HPG Homes State League 2 North,14,12,1059,1,2,0,0,0,false
1K3vxqWRNQ,2026,Northern Demons,Federation Cup Reserves; HPG Homes State League 2 North - Reserves; HPG Homes State League 2 North,13,11,1017,0,1,0,0,0,false
2Kp06D76qK,2024,Gawler Eagles,State League 2 Reserves; State League 2,2,2,180,0,1,0,0,0,false
2Kp06D76qK,2025,Adelaide Atletico VSC,Reserves,1,1,105,1,1,0,0,0,false
2Kp06D76qK,2026,Barossa United,Federation Cup Reserves; Hahn Australia Cup SA Preliminary Rounds; HPG Homes State League 2 North - Reserves,4,2,203,0,1,0,0,0,false
2Kp06DwwBK,2026,Adelaide Olympic,HPG Homes State League 1 Reserves; HPG Homes State League 1; Hahn Australia Cup SA Preliminary Rounds,6,2,343,0,0,0,0,0,false
2Kp06PPBzK,2026,Elizabeth Grove,Nova Under 16's YPL C North Mixed; HPG Homes State League 2 North - Under 18's; Nova Under 16's YPL C Mixed Finals Series,13,8,760,0,0,0,0,0,false
2Kp06ZLaOK,2026,Adelaide University,Federation Cup Reserves; Reserves; HPG Homes State League 2 South - Reserves,15,10,978,0,1,0,0,0,false
2Kp06rp0bK,2026,Adelaide Olympic,HPG Homes State League 1; Hahn Australia Cup SA Preliminary Rounds,26,17,2083,5,2,0,0,0,false
2Kp08ERaOK,2025,Elizabeth Grove,Under 18's; Reserves; HPG Homes State League 2 North - Under 18's; HPG Homes State League 2 North - Reserves; Federation Cup Reserves; HPG Homes State League 2 North,32,23,2216,2,3,0,0,0,false
2Kp08ERaOK,2026,Elizabeth Grove; Elizabeth Downs Soccer Club,Federation Cup Reserves; HPG Homes State League 2 North - Reserves; HPG Homes State League 2 North,20,19,1682,1,1,0,0,0,false
2Kp0Z1rjPK,2024,Adelaide Victory,Under 17 JPL B; State League 1 Under 18's; U17 Carl's Junior Boys Cup,11,8,710,0,0,0,0,0,false
2Kp0Z1rjPK,2025,Ghan United,HPG Homes State League 2 North - Under 18's; Federation Cup U18's; HPG Homes State League 2 North - Reserves,21,21,1920,3,4,0,0,0,false
2Kp0Z1rjPK,2026,Ghan United,Federation Cup Reserves; HPG Homes State League 2 South - Reserves,13,11,1100,0,1,0,0,0,false
2Kp0Z1w3oK,2023,Vipers FC,Under 14's JPL A; State League 1 Under 18's; U14 Carl's Junior Boys Cup,30,27,2330,9,1,0,0,0,false
2Kp0Z1w3oK,2024,Vipers FC,U18 Trial Matches; Under 15 Trials; Under 16 Trials - No Match Officials; Under 15 JPL A; State League 1 Under 18's; U15 Carl's Junior Boys Cup,29,29,2760,9,4,0,0,0,false
2Kp0Z1w3oK,2025,Vipers FC,Under 16 Trials; Nova Under 16's YPL A Mixed; U16 Carl's Jr. Youth Premier Cup; HPG Homes State League 1 Under 18's; HPG Homes State League 1 Reserves,39,30,2760,19,6,0,0,0,false
2Kp0Z1w3oK,2026,Vipers FC,Federation Cup U18's; HPG Homes State League 2 South - Reserves; HPG Homes State League 2 South; HPG Homes State League 2 (Reserves) Final Series,27,25,2873,7,4,0,0,0,false
2Kp0Z1wgOK,2026,Noarlunga United,Federation Cup Reserves; HPG Homes State League 2 South - Reserves,19,9,1261,4,3,0,0,0,false
2Kp0ZLWLbK,2023,Modbury Vista,Australia Cup SA Preliminary Rounds; State League 2; 23 Senior Men's Trial Matches,27,23,641,0,1,0,0,0,false
2Kp0ZLWLbK,2024,Modbury Vista,Senior Men's Trial Matches; Reserves Trial Matches; State League 2; Australia Cup SA Preliminary Rounds; State League 2 Reserves,32,24,1736,0,0,0,0,0,false
2Kp0ZLWLbK,2025,Modbury Vista,Senior Men's Trials; HPG Homes State League 2 North; HPG Homes State League 2 North - Reserves; HPG Homes State League 2 (Seniors) Final Series,21,14,1274,3,0,0,0,0,false
2Kp0ZLWLbK,2026,Modbury Vista,Hahn Australia Cup SA Preliminary Rounds; Senior Men's Trials; HPG Homes State League 2 North; HPG Homes State League 2 North - Reserves; HPG Homes State League 2 (Seniors) Finals Series,21,16,1325,5,1,0,0,0,false
2Kp0ZLXLOK,2026,Salisbury United,Hahn Australia Cup SA Preliminary Rounds; HPG Homes State League 1,22,14,1963,2,2,1,0,0,false
2Kp0ZMa0WK,2026,Adelaide Cobras,HPG Homes State League 1 Under 18's; Nova Under 16's YPL A Mixed; U16 Carl's Jr. Youth Premier Cup; HPG Homes State League 1 Reserves; Federation Cup U18's,46,36,3852,29,3,0,0,0,false
2Kp0ZReWqK,2026,Gawler Eagles,Under 16 Trials; Federation Cup U18's; Under 18's; U16 Carl's Jr. Youth Premier Cup; HPG Homes State League 2 North - Under 18's; Nova Under 16's YPL C North Mixed; HPG Homes State League 2 North - Reserves,36,25,2336,1,3,0,0,0,false
2Kp0ZZ4AbK,2025,MetroStars,Nova Under 17's YPL A Mixed; U17 Carl's Jr. Youth Premier Cup,15,12,1095,1,1,1,0,1,true
2Kp0ZZ4AbK,2026,Adelaide Atletico VSC,HPG Homes State League 1 Under 18's; Federation Cup U18's; HPG Homes State League 1 Reserves,22,16,1960,2,5,0,0,0,false
2Kp0Za4z6K,2026,Adelaide Olympic,HPG Homes State League 1 Under 18's; Federation Cup U18's; HPG Homes State League 1 Reserves,24,15,1837,2,1,1,0,0,false
2Kp0Zg62BK,2026,Pontian Eagles,U16 Carl's Jr. Youth Premier Cup; Nova Under 16's YPL C North Mixed; HPG Homes State League 2 North - Under 18's; Nova Under 15's YPL C  North Mixed; HPG Homes State League 2 North - Reserves; HPG Homes State League 2 (Reserves) Final Series,31,24,2266,14,3,0,0,0,false
2Kp0ZgJQBK,2026,Eastern United,Hahn Australia Cup SA Preliminary Rounds; HPG Homes State League 1; Senior Men's Trials,24,22,2171,7,3,0,0,0,false
2Kp0Zga78K,2026,Adelaide Hills Hawks,Federation Cup Reserves; HPG Homes State League 2 South - Reserves; Senior Men's Trials,18,13,1541,3,3,0,0,0,false
2Kp0ZkrYqK,2026,Vipers FC,Hahn Australia Cup SA Preliminary Rounds; Senior Men's Trials; HPG Homes State League 2 South; HPG Homes State League 2 South - Reserves; HPG Homes State League 2 (Seniors) Finals Series,17,17,1767,1,3,0,0,0,false
2Kp0ZkyvWK,2026,Adelaide Blue Eagles,Hahn Australia Cup SA Preliminary Rounds; HPG Homes State League 1; HPG Homes State League 1 Reserves,24,7,1454,1,3,0,0,0,false
2Kp0ZybEBK,2023,Cove FC,Under 16's JSL A; U16 Carl's Junior Boys Cup; Under 17's JPL B,16,14,1260,1,0,0,0,0,false
2Kp0ZybEBK,2024,Cove FC,Under 17 JPL C; U17 Carl's Junior Boys Cup; Under 17 JPL A,18,12,1070,9,1,0,0,0,false
2Kp0ZybEBK,2025,Cove FC,Under 17 Trials - No Match Officials; Federation Cup U18's; Nova Under 17's YPL B Mixed; HPG Homes State League 1 Under 18's,17,12,1125,5,1,0,0,0,false
2Kp0ZybEBK,2026,Cove FC,HPG Homes State League 1 Under 18's,4,1,120,0,0,0,0,0,false
2Kp0bMn7bK,2026,Adelaide Cobras,HPG Homes State League 1 Under 18's; HPG Homes State League 1 Reserves,18,17,2040,0,4,1,0,0,false
2Kp0r4v5bK,2026,,,0,0,0,0,0,0,0,0,false
2Kp0rQ71PK,2023,Playford City,State League 1 Under 18's; Federation Cup U18's; Under 17's JPL B,24,18,2060,4,2,0,0,0,false
2Kp0rQ71PK,2024,Playford City,Federation Cup U18's; State League 1 Under 18's; State League 1 Reserves; Federation Cup Reserves,25,19,1896,2,0,0,0,0,false
2Kp0rQ71PK,2026,Angle Vale,Hahn Australia Cup SA Preliminary Rounds; Senior Men's Trials; HPG Homes State League 2 North,21,19,1641,2,1,0,0,0,false
2Kp0y7V2OK,2025,Adelaide Atletico VSC,HPG Homes State League 2 North; HPG Homes State League 2 (Seniors) Final Series,6,1,212,2,0,0,0,0,false
2Kp0y7V2OK,2026,Adelaide Atletico VSC; Adelaide University,HPG Homes State League 1; HPG Homes State League 1 Reserves; Hahn Australia Cup SA Preliminary Rounds; HPG Homes State League 2 South - Reserves; HPG Homes State League 2 South,12,11,1134,12,0,0,0,0,false
2KpJpl3bmY,2023,Adelaide Olympic,Under 12's JPL Red; U12 Carl's Junior Boys Cup; Under 12 JPL A,21,4,310,2,0,0,0,0,false
2KpJpl3bmY,2024,West Adelaide,Under 13 JPL C; U13 Carl's Junior Boys Cup; Under 13 JSL C; Under 15 JSL B,29,20,1610,3,0,0,0,0,false
2KpJpl3bmY,2025,West Adelaide,Nova Under 14's YSL C Mixed,15,9,765,8,1,0,0,0,false
2KpJpl3bmY,2026,West Adelaide; Pontian Eagles,Nova Under 15's YPL A Mixed; U15 Carl's Jr. Youth Premier Cup; HPG Homes State League 2 North - Under 18's,19,14,1305,1,0,0,0,0,false
2KpR98W5zm,2023,Pontian Eagles,Under 12's JPL Red; U12 Carl's Junior Boys Cup; Under 12 JPL C,19,17,1270,9,1,0,0,0,false
2KpR98W5zm,2024,Gawler Eagles,Under 13 Trials; Under 13 JPL C,20,16,1280,1,4,1,0,0,false
2KpR98W5zm,2025,Gawler Eagles,Nova Under 14's YPL C Mixed; U14 Carl's Jr. Youth Premier Cup; Nova Under 15's YPL C Mixed,18,13,1090,1,2,0,0,0,false
2KpR98W5zm,2026,Angle Vale,HPG Homes State League 2 North - Under 18's,1,1,90,0,0,0,0,0,false
2Kpp3LDbKY,2023,Modbury Vista,Australia Cup SA Preliminary Rounds; State League 2; 23 Senior Men's Trial Matches,26,25,916,8,6,0,0,0,false
2Kpp3LDbKY,2024,Modbury Vista,Senior Men's Trial Matches; Australia Cup SA Preliminary Rounds; State League 2,30,30,2432,10,5,0,0,0,false
2Kpp3LDbKY,2025,Modbury Vista; Cove FC,Senior Men's Trials; HPG Homes State League 2 North; Australia Cup SA Preliminary Rounds; HPG Homes State League 1,23,21,1859,1,1,0,0,0,false
2Kpp3LDbKY,2026,Cove FC; Seaford Rangers,Hahn Australia Cup SA Preliminary Rounds; HPG Homes State League 1; Senior Men's Trials; HPG Homes State League 2 South; HPG Homes State League 2 (Seniors) Finals Series,19,8,1541,0,3,0,0,0,false
2Kpp3kXOKY,2023,Playford City,Australia Cup SA Preliminary Rounds; State League 1 Reserves; State League 1,11,9,713,0,2,0,0,1,true
2Kpp3kXOKY,2024,Para Hills Knights,Senior Men's Trial Matches; RAA NPL; RAA NPL Reserves; Australia Cup SA Preliminary Rounds,7,3,295,0,1,0,0,0,true
2Kpp3kXOKY,2025,Elizabeth Grove,Senior Men's Trials; HPG Homes State League 2 North; Australia Cup SA Preliminary Rounds,23,23,2325,0,0,0,0,1,true
2Kpp3kXOKY,2026,Elizabeth Grove,Hahn Australia Cup SA Preliminary Rounds; Senior Men's Trials; HPG Homes State League 2 North,16,16,1470,0,2,1,0,0,true
2Kpp47a8KY,2023,Modbury Vista,Under 14 Trials; Under 14's JPL A; U14 Carl's Junior Boys Cup; Under 15's JPL B; Under 16's JSL B,28,24,2120,8,0,0,0,0,false
2Kpp47a8KY,2024,Modbury Vista,Under 15 Trials; Under 15 JPL A; Under 15 JSL B; U15 Carl's Junior Boys Cup; Under 17 JPL B; State League 2 Under 18's; Under 16 JPL B,32,24,2140,14,0,0,0,0,false
2Kpp47a8KY,2025,Modbury Vista,Reserves; HPG Homes State League 2 North - Under 18's; Federation Cup U18's; HPG Homes State League 2 North - Reserves; HPG Homes State League 2 (18s) Final Series,26,22,2214,16,1,0,0,0,false
2Kpp47a8KY,2026,Modbury Vista,Federation Cup Reserves; Reserves; HPG Homes State League 2 North - Reserves; HPG Homes State League 2 North; HPG Homes State League 2 (Reserves) Final Series,22,21,1991,18,5,0,0,0,false
2Kpp9EOPKY,2023,Adelaide Hills Hawks,Under 13's JPL C; U13 Carl's Junior Boys Cup; U13 JPL C - Bottom Half; U15 JPL B - Top Half,20,19,1690,1,1,0,0,0,false
2Kpp9EOPKY,2024,Adelaide Hills Hawks,Under 15 Trials; Under 15 JPL B; Under 16 JPL B; U15 Carl's Junior Boys Cup,30,14,1245,0,1,0,0,0,false
2Kpp9EOPKY,2026,Mount Barker United,Federation Cup U18's; Under 18's; HPG Homes State League 2 South - Under 18's; HPG Homes State League 2 South - Reserves,23,18,2244,3,1,0,0,0,false
2Kpp9O68KY,2023,Mount Barker United,Australia Cup SA Preliminary Rounds; State League 2; Senior Men's Trials; 23 Senior Men's Trial Matches,24,22,655,1,2,1,0,0,false
2Kpp9O68KY,2024,Mount Barker United; Noarlunga United,Senior Men's Trial Matches; Australia Cup SA Preliminary Rounds; State League 2; State League 2 Reserves,24,19,1780,0,0,0,0,0,false
2Kpp9O68KY,2025,Mount Barker United,Senior Men's Trials; HPG Homes State League 2 South; Australia Cup SA Preliminary Rounds,25,25,2310,0,1,0,0,0,false
2Kpp9O68KY,2026,Mount Barker United,Hahn Australia Cup SA Preliminary Rounds; Senior Men's Trials; HPG Homes State League 2 South; HPG Homes State League 2 South - Reserves,22,17,1882,0,2,0,0,0,false
2KppLL6qKY,2023,Adelaide Victory,State League 1 Reserves,9,4,654,0,0,0,0,0,false
2KppLL6qKY,2024,Western Strikers,Reserves Trial Matches; State League 1 Reserves; Federation Cup Reserves,18,11,997,0,3,1,0,0,false
2KppLL6qKY,2025,Adelaide Titans Football Club,HPG Homes State League 2 South; Australia Cup SA Preliminary Rounds; HPG Homes State League 2 South - Reserves,15,11,1094,1,3,0,0,0,false
2KppLL6qKY,2026,Plympton FC,Hahn Australia Cup SA Preliminary Rounds; Senior Men's Trials; HPG Homes State League 2 South,12,11,1377,1,1,0,0,0,false
2KppMe78KY,2023,Salisbury United,Under 14's JPL C; U14 Carl's Junior Boys Cup,21,18,1580,12,4,2,0,0,false
2KppMe78KY,2024,Salisbury United,Under 15 JSL B; U15 Carl's Junior Boys Cup; Under 15 JPL C,17,16,1420,20,4,0,0,0,false
2KppMe78KY,2025,Salisbury United,Under 18's; HPG Homes State League 1 Under 18's; Federation Cup U18's,20,18,1695,5,3,2,0,0,false
2KppMe78KY,2026,Salisbury United,HPG Homes State League 1 Reserves; Hahn Australia Cup SA Preliminary Rounds; HPG Homes State League 1,22,17,2030,5,2,0,0,0,false
2KppQGkzKY,2023,Football SA State Squads,Under 14's JPL A; U14 Carl's Junior Boys Cup; Under 15's JPL A,23,19,1610,0,0,0,0,0,false
2KppQGkzKY,2024,Football SA State Squads,Under 15 Trials; U15 Carl's Junior Boys Cup; Under 15 JPL A,11,10,880,2,0,0,0,0,false
2KppQGkzKY,2025,Adelaide Comets,Under 16 Trials; Nova Under 16's YPL A Mixed; U16 Carl's Jr. Youth Premier Cup,31,24,2160,1,4,0,0,0,false
2KppQGkzKY,2026,FK Beograd; Mount Barker United,RAA NPL Under 18's; Federation Cup U18's; HPG Homes State League 2 South - Under 18's; HPG Homes State League 2 South - Reserves; HPG Homes State League 2 South,23,8,1310,2,2,0,0,0,false
2KppQVazKY,2023,MetroStars,RAA NPL Under 18's; Federation Cup U18's,7,5,600,0,0,0,0,0,false
2KppQVazKY,2025,Angle Vale,Australia Cup SA Preliminary Rounds,1,1,120,1,0,0,0,0,false
2KppQVazKY,2026,Angle Vale,HPG Homes State League 2 North,6,2,251,1,0,0,0,0,false
2KppXBnqKY,2023,Adelaide Comets,Under 15 Trials; Under 15's JSL A; U15 Carl's Junior Boys Cup; Under 16's JSL A; Under 15's JPL A; Under 17's JPL B,34,24,2050,14,0,0,0,0,false
2KppXBnqKY,2024,Adelaide Comets,Under 16 Trials; Under 16 JPL A; Under 17 JPL C; Under 17 JPL A; U16 Carl's Junior Boys Cup,19,5,450,2,1,0,0,0,false
2KppXBnqKY,2025,Fulham United,Under 18's; HPG Homes State League 1 Under 18's; Federation Cup U18's; Nova Under 17's YPL A Mixed,16,5,530,1,0,0,0,0,false
2KppXBnqKY,2026,Adelaide Cobras,HPG Homes State League 1 Under 18's; Federation Cup U18's,14,4,480,3,0,0,0,0,false
2KppkBYbKY,2023,WT Birkalla,Under 13's JPL A; U13 Carl's Junior Boys Cup; Under 14's JSL B; Under 14's JDL Mixed,23,19,1510,6,0,0,0,0,false
2KppkBYbKY,2024,WT Birkalla,Under 14 Trials - No Match Officials; Under 14 JPL A; U14 Carl's Junior Boys Cup; State League 1 Under 18's,23,17,1360,2,0,0,0,0,false
2KppkBYbKY,2025,WT Birkalla,Under 15 Trials; Under 16 Trials; Nova Under 15's YPL A Mixed; Nova Under 16's YPL A Mixed; U15 Carl's Jr. Youth Premier Cup; RAA NPL Under 18's,32,19,1745,5,1,0,0,0,true
2KppkBYbKY,2026,WT Birkalla; Adelaide Cobras,Under 16 Trials; Nova Under 16's YPL A Mixed; HPG Homes State League 1 Under 18's; U16 Carl's Jr. Youth Premier Cup; HPG Homes State League 1 Reserves,24,18,2124,4,0,0,0,0,false
2KppoZWWKY,2023,Adelaide City,Under 17's JPL A; U17 Carl's Junior Boys Cup; Under 16's JSL A,19,17,1520,0,1,0,0,0,false
2KppoZWWKY,2024,Adelaide Victory,U18 Trial Matches; State League 1 Under 18's; Federation Cup U18's; State League 1 Reserves,20,14,1180,0,0,0,0,0,false
2KppoZWWKY,2025,Adelaide City; Fulham United,Under 18's; Reserves; RAA NPL Under 18's; Federation Cup U18's; HPG Homes State League 1 Under 18's; HPG Homes State League 1 Reserves,25,10,930,0,1,0,0,0,false
2KppoZWWKY,2026,Fulham United,HPG Homes State League 1 Reserves; Federation Cup Reserves,17,8,1095,0,2,0,0,0,false
2Kppov5OKY,2023,Elizabeth Downs Soccer Club,Australia Cup SA Preliminary Rounds,1,1,59,0,0,0,0,0,false
2Kppov5OKY,2024,Elizabeth Downs Soccer Club,Australia Cup SA Preliminary Rounds,1,0,58,0,1,0,0,0,false
2Kppov5OKY,2026,Elizabeth Downs Soccer Club,HPG Homes State League 2 North - Reserves,6,5,262,1,0,0,0,0,false
2KppxLwbKY,2023,Sturt Lions,Under 14's JPL A; U14 Carl's Junior Boys Cup; Under 14's JSL B; Under 15's JSL A,29,23,2010,4,1,0,0,0,false
2KppxLwbKY,2024,Sturt Lions,Under 15 JSL B; Under 15 JPL B; U15 Carl's Junior Boys Cup; Under 15 JSL A,24,22,1950,18,1,0,0,0,false
2KppxLwbKY,2025,Adelaide University,Under 18's; HPG Homes State League 2 South - Under 18's; Federation Cup U18's; HPG Homes State League 2 South - Reserves,26,15,1380,6,1,0,0,0,false
2KppxLwbKY,2026,Adelaide University,Federation Cup U18's; Under 18's; HPG Homes State League 2 South - Under 18's,19,17,1980,3,1,0,0,0,false
3NP1802EYK,2023,Salisbury Inter,Under 11's Yellow Mixed,1,1,55,0,0,0,0,0,false
3NP1802EYK,2024,Salisbury Inter,Under 12 JSL Yellow; U12 Carl's Junior Boys Cup; U12 JSL C,19,18,1250,0,0,0,0,0,false
3NP1802EYK,2025,Salisbury United,Nova Under 13's YPL C Mixed; U13 Carl's Jr. Youth Premier Cup; Nova Under 14's YPL C Mixed,23,14,1050,1,0,0,0,0,false
3NP1802EYK,2026,Elizabeth Grove,Under 14 Trials; Nova Under 14's YPL C North Mixed; Nova Under 16's YPL C North Mixed; U14 Carl's Jr. Youth Premier Cup; HPG Homes State League 2 North - Under 18's,23,19,1590,4,1,0,0,0,false
3NP187D0DK,2025,FK Beograd,Under 15 Trials; Nova Under 15's YPL B Mixed; U15 Carl's Jr. Youth Premier Cup,22,7,665,6,0,0,0,0,false
3NP187D0DK,2026,Port Adelaide,Nova Under 16's YPL B Mixed; HPG Homes State League 2 North - Under 18's,21,7,660,0,0,0,0,0,true
3NP18BPWjK,2025,South Adelaide,HPG Homes State League 1; Australia Cup SA Preliminary Rounds; HPG Homes State League 1 Reserves,7,4,401,2,0,0,0,0,false
3NP18BPWjK,2026,Port Adelaide,Hahn Australia Cup SA Preliminary Rounds; Senior Men's Trials; HPG Homes State League 2 North,20,17,1414,1,2,0,0,0,false
3NP18BvDyK,2025,Adelaide Blue Eagles,HPG Homes State League 1; Australia Cup SA Preliminary Rounds; HPG Homes State League 1 Reserves; Federation Cup Reserves,10,10,930,0,1,0,0,2,true
3NP18BvDyK,2026,Adelaide Blue Eagles,HPG Homes State League 1; HPG Homes State League 1 Reserves,21,21,2520,0,1,2,0,3,true
3NP18D4DkK,2025,Port Adelaide,Under 15 Trials; Nova Under 15's YPL B Mixed; U15 Carl's Jr. Youth Premier Cup,23,15,1300,3,1,0,0,0,false
3NP18D4DkK,2026,Port Adelaide,Nova Under 16's YPL B Mixed; HPG Homes State League 2 North - Under 18's; Nova Under 15's YPL B Mixed,28,25,2370,2,3,0,0,0,false
3NP1D11gkK,2023,Playford City,State League 1 Reserves; Federation Cup Reserves,15,6,1133,3,0,0,0,0,false
3NP1D11gkK,2024,Adelaide Olympic,Reserves Trial Matches; Senior Men's Trial Matches; RAA NPL Reserves; RAA NPL; Federation Cup Reserves; Australia Cup SA Preliminary Rounds,24,16,1256,4,2,1,0,0,false
3NP1D11gkK,2025,Northern Demons,Australia Cup SA Preliminary Rounds; HPG Homes State League 2 North,20,15,1513,6,3,0,0,0,false
3NP1D11gkK,2026,Adelaide Titans Football Club,Hahn Australia Cup SA Preliminary Rounds; HPG Homes State League 2 South,10,3,682,1,0,0,0,0,false
3NP1D1QePK,2026,Adelaide University,Federation Cup U18's; Under 18's; HPG Homes State League 2 South - Under 18's; HPG Homes State League 2 South - Reserves,24,20,2552,10,0,1,0,0,false
3NP1D99yYK,2025,Angle Vale,Australia Cup SA Preliminary Rounds,1,1,120,0,0,0,0,0,false
3NP1D99yYK,2026,Angle Vale,Hahn Australia Cup SA Preliminary Rounds; Senior Men's Trials; HPG Homes State League 2 North,21,20,1600,0,3,0,0,0,false
3NP1DMR7yK,2026,Western Strikers,Hahn Australia Cup SA Preliminary Rounds; HPG Homes State League 2 South; HPG Homes State League 2 (Seniors) Finals Series,10,8,814,0,2,0,0,0,false
3NP1DMVoRK,2026,Eastern United,Federation Cup Reserves; HPG Homes State League 1 Reserves; HPG Homes State League 1,23,23,2451,0,8,0,0,0,false
3NP1DYV9jK,2026,Vipers FC,Hahn Australia Cup SA Preliminary Rounds; Senior Men's Trials; HPG Homes State League 2 South; HPG Homes State League 2 (Seniors) Finals Series,19,14,1470,0,1,0,0,0,false
3NP1DZWZ0K,2026,Adelaide Croatia Raiders,HPG Homes State League 1 Under 18's; Federation Cup U18's,18,12,1440,2,1,1,0,0,false
3NP1DZWqYK,2026,Angle Vale,Federation Cup U18's; Reserves; HPG Homes State League 2 North - Under 18's,18,18,1650,0,1,1,0,0,false
3NP1Dzn5DK,2026,Northern Demons,Federation Cup Reserves; HPG Homes State League 2 North - Reserves; HPG Homes State League 2 North - Under 18's; HPG Homes State League 2 North,17,13,1167,1,1,0,0,0,false
3NP1gaaA0K,2026,Northern Demons,Federation Cup Reserves; HPG Homes State League 2 North - Reserves; HPG Homes State League 2 North,26,17,1681,7,0,0,0,0,false
3NPRl2yDdr,2023,Modbury Jets,Under 14's JPL B; Under 14's JSL C; U14 Carl's Junior Boys Cup,25,23,2010,28,1,0,0,0,false
3NPRl2yDdr,2024,Modbury Jets,Under 15 Trials - No Match Officials; Under 15 JPL B; U15 Carl's Junior Boys Cup; Under 15 JSL A,23,18,1600,35,1,0,0,0,false
3NPRl2yDdr,2025,Modbury Jets,RAA NPL Under 18's; RAA NPL Reserves; Federation Cup U18's; Nova Under 17's YPL A Mixed,28,24,2234,3,4,0,0,0,false
3NPRl2yDdr,2026,Modbury Jets,Federation Cup U18's; Federation Cup Reserves; HPG Homes State League 1 Reserves; HPG Homes State League 1 Under 18's,35,26,3411,10,7,0,0,0,false
3NPl232yNr,2023,West Adelaide,Under 13's JPL A; Under 13's JSL B,23,20,1600,0,0,0,0,0,false
3NPl232yNr,2024,Adelaide Olympic,Under 14 JPL B; U14 Carl's Junior Boys Cup; U15 Carl's Junior Boys Cup,24,24,2130,0,0,0,0,0,true
3NPl232yNr,2025,Adelaide Olympic,Under 15 Trials; Nova Under 15's YPL A Mixed; U15 Carl's Jr. Youth Premier Cup; U16 Carl's Jr. Youth Premier Cup; Nova Under 16's YPL A Mixed,24,24,2220,0,3,1,0,0,true
3NPl232yNr,2026,Adelaide Olympic,Under 16 Trials; Under 15 Trials; Nova Under 16's YPL A Mixed; U16 Carl's Jr. Youth Premier Cup; Federation Cup Reserves; HPG Homes State League 1 Reserves; HPG Homes State League 1 Under 18's,34,29,2804,0,3,0,0,4,true
3NPl2DvjNr,2023,Northern Demons,Australia Cup SA Preliminary Rounds; State League 2,19,17,143,0,2,0,0,0,false
3NPl2DvjNr,2025,Northern Demons,HPG Homes State League 2 North - Reserves; HPG Homes State League 2 (Reserves) Final Series,12,10,941,2,0,0,0,0,false
3NPl2DvjNr,2026,Adelaide Cobras,Hahn Australia Cup SA Preliminary Rounds; HPG Homes State League 1 Reserves; HPG Homes State League 1,20,17,1928,5,0,0,0,0,false
3NPl7YwqNr,2023,WT Birkalla,State League 1 Reserves; Federation Cup Reserves,26,24,2513,2,5,0,0,0,false
3NPl7YwqNr,2024,WT Birkalla,Senior Men's Trial Matches; Reserves Trial Matches; Australia Cup SA Preliminary Rounds; State League 1 Reserves; State League 1,33,25,2162,2,4,0,0,0,false
3NPl7YwqNr,2025,WT Birkalla,Senior Men's Trials; RAA NPL Reserves; Federation Cup Reserves,20,16,1482,0,4,1,0,0,false
3NPl7YwqNr,2026,Cumberland United,Hahn Australia Cup SA Preliminary Rounds; HPG Homes State League 1; HPG Homes State League 1 Reserves,26,17,2116,0,5,1,0,0,false
3NPlOjBkNr,2023,South Adelaide,Under 13's JPL A; U13 Carl's Junior Boys Cup; Under 14's JDL Mixed,27,19,1510,2,0,0,0,0,false
3NPlOjBkNr,2024,South Adelaide,Under 14 Trials - No Match Officials; Under 14 Trials; Under 14 JPL A; U14 Carl's Junior Boys Cup; Under 14 JSL B,24,10,945,1,0,0,0,0,false
3NPlOjBkNr,2025,South Adelaide,Under 15 Trials; Nova Under 15's YPL A Mixed; U15 Carl's Jr. Youth Premier Cup,24,6,555,1,0,0,0,0,false
3NPlOjBkNr,2026,South Adelaide,Under 16 Trials; Nova Under 16's YPL B Mixed; U16 Carl's Jr. Youth Premier Cup; HPG Homes State League 1 Under 18's,30,29,2715,4,0,0,0,0,false
3NPlX2PyNr,2023,Modbury Vista,Under 13 Trials; Under 13's JPL C; Under 14's JPL A; U13 Carl's Junior Boys Cup; U13 JPL C - Top Half,37,21,1740,6,0,0,0,0,false
3NPlX2PyNr,2024,Modbury Vista,Under 15 Trials; Under 14 Trials; Under 14 JPL B; U14 Carl's Junior Boys Cup; Under 14 JSL C; Under 15 JPL A; Under 15 JSL B,33,21,1765,1,2,0,0,0,false
3NPlX2PyNr,2025,Modbury Vista,Under 15 Trials; Nova Under 15's YPL C Mixed; U15 Carl's Jr. Youth Premier Cup; Nova Under 16's YPL C Mixed,29,23,2125,2,0,0,0,0,false
3NPlX2PyNr,2026,Modbury Vista,Under 16 Trials; Nova Under 16's YPL C North Mixed; U16 Carl's Jr. Youth Premier Cup; HPG Homes State League 2 North - Under 18's; Nova Under 16's YPL C Mixed Finals Series,20,16,1500,5,3,0,0,0,false
3NPlZBJjNr,2023,Para Hills Knights,Under 14 Trials; Under 14's JPL A; U14 Carl's Junior Boys Cup,27,26,2170,1,1,0,0,0,false
3NPlZBJjNr,2024,Para Hills Knights,Under 15 JPL B; U15 Carl's Junior Boys Cup,20,19,1690,0,3,0,0,0,false
3NPlZBJjNr,2025,Para Hills Knights,Under 16 Trials; Nova Under 16's YPL B Mixed; U16 Carl's Jr. Youth Premier Cup,25,25,2310,2,6,0,0,0,false
3NPlZBJjNr,2026,Elizabeth Downs Soccer Club,HPG Homes State League 2 North - Under 18's; HPG Homes State League 2 North - Reserves,14,6,556,1,1,0,0,0,false
3NPlqrMPNr,2023,Northern Demons,Federation Cup Reserves; State League 2 Reserves; State League 2,21,17,1549,7,4,0,0,0,false
3NPlqrMPNr,2024,Northern Demons,State League 2 Reserves; Federation Cup Reserves,8,1,223,1,0,0,0,0,false
3NPlqrMPNr,2025,Northern Demons,Reserves; HPG Homes State League 2 North - Reserves; HPG Homes State League 2 (Reserves) Final Series,16,5,612,2,0,0,0,0,false
3NPlqrMPNr,2026,Northern Demons,Federation Cup Reserves; HPG Homes State League 2 North - Reserves; HPG Homes State League 2 North,14,13,1078,10,1,0,0,0,false
3NPlr6wgNr,2023,Campbelltown City,RAA NPL Reserves; Federation Cup Reserves,21,19,2015,0,3,0,0,0,false
3NPlr6wgNr,2024,Mount Barker United,Senior Men's Trial Matches; Australia Cup SA Preliminary Rounds; State League 2,9,9,681,2,1,0,0,0,false
3NPlr6wgNr,2025,Mount Barker United,Senior Men's Trials; HPG Homes State League 2 South; Australia Cup SA Preliminary Rounds,25,18,1706,2,4,0,0,0,false
3NPlr6wgNr,2026,Mount Barker United,Hahn Australia Cup SA Preliminary Rounds; Senior Men's Trials; HPG Homes State League 2 South,22,22,2512,2,4,0,0,0,false
3NPo221GPm,2025,Mount Barker United,HPG Homes State League 2 South - Reserves; HPG Homes State League 2 South,11,5,514,0,0,0,0,0,false
3NPo221GPm,2026,Mount Barker United,Federation Cup Reserves; Senior Men's Trials; HPG Homes State League 2 South; Hahn Australia Cup SA Preliminary Rounds; HPG Homes State League 2 South - Reserves,20,17,2009,0,0,0,0,0,false
3NPo2PYyqm,2026,Noarlunga United,Federation Cup Reserves; HPG Homes State League 2 South; HPG Homes State League 2 South - Reserves; Hahn Australia Cup SA Preliminary Rounds,11,6,878,1,1,0,0,0,false
3NPoOrAYYm,2023,Port Adelaide,State League 1 Under 18's; State League 1 Reserves; State League 1,9,9,1031,0,0,0,0,1,true
3NPoOrAYYm,2024,Adelaide Blue Eagles,Senior Men's Trial Matches; Reserves Trial Matches; Australia Cup SA Preliminary Rounds; State League 1; State League 1 Reserves,23,21,1793,0,0,1,0,2,true
3NPoOrAYYm,2025,Para Hills Knights,Senior Men's Trials; RAA NPL; RAA NPL Reserves; Australia Cup SA Preliminary Rounds,6,6,555,0,0,0,0,0,true
3NPoOrAYYm,2026,Ghan United,HPG Homes State League 2 South - Reserves; HPG Homes State League 2 South; HPG Homes State League 2 (Seniors) Finals Series,9,9,950,0,0,0,0,2,true
4KLYyoZ2dq,2023,West Adelaide,Under 14's JPL C; U14 Carl's Junior Boys Cup,20,12,1060,6,0,0,0,0,false
4KLYyoZ2dq,2024,South Adelaide,Under 14 Trials; Under 14 JSL B; U14 Carl's Junior Boys Cup; Under 14 JPL A,22,18,1420,8,1,0,0,0,false
4KLYyoZ2dq,2026,South Adelaide,Under 16 Trials; Nova Under 16's YPL B Mixed; U16 Carl's Jr. Youth Premier Cup; HPG Homes State League 1 Under 18's,37,29,2740,20,2,0,0,0,false
4KLl00V3GK,2026,Vipers FC,Hahn Australia Cup SA Preliminary Rounds; Senior Men's Trials; HPG Homes State League 2 South,13,9,920,7,1,0,0,0,false
4KLl00VGoK,2026,Ghan United,Federation Cup U18's; HPG Homes State League 2 South - Under 18's; HPG Homes State League 2 South - Reserves,12,10,1164,3,0,0,0,0,false
4KLl08o20K,2023,Para Hills Knights,Under 13's JSL B; Under 13's JPL B; U13 Carl's Junior Boys Cup,19,12,940,7,0,1,0,0,false
4KLl08o20K,2024,Ghan United,Under 15 JSL B; U15 Carl's Junior Boys Cup,22,21,1875,9,2,0,0,0,false
4KLl08o20K,2025,Ghan United,Under 18's; HPG Homes State League 2 North - Under 18's; Nova Under 16's YSL A Mixed; Nova Under 15's YSL C Mixed; U15 Carl's Jr. Youth State Cup; Under 16 YSL Top Half,30,23,2180,24,1,1,0,0,false
4KLl08o20K,2026,Ghan United,Under 16's YSL Mixed; HPG Homes State League 2 South - Under 18's; HPG Homes State League 2 South - Reserves; Under 16 YSL Mixed Top Half,34,30,3180,18,2,0,0,0,false
4KLl0Y10pK,2026,Port Adelaide,Federation Cup Reserves; HPG Homes State League 2 North - Reserves; HPG Homes State League 2 (Reserves) Final Series,17,9,1019,2,2,1,0,0,false
4KLl0jaZ2K,2026,Salisbury Inter,HPG Homes State League 2 North - Under 18's; Federation Cup U18's; HPG Homes State League 2 North - Reserves; HPG Homes State League 2 North; HPG Homes State League 2 (18s) Final Series; Under 17's B Mixed,32,25,2606,19,6,1,0,0,false
4KLl0wxzLK,2026,Pontian Eagles,Federation Cup U18's; HPG Homes State League 2 North - Under 18's; HPG Homes State League 2 North - Reserves; HPG Homes State League 2 (Reserves) Final Series,19,13,1292,7,1,0,0,0,false
4KLl158vpK,2025,WT Birkalla,Nova Under 16's YSL A Mixed; U16 Carl's Jr. Youth Premier Cup; Under 16 YSL Top Half,18,16,1505,10,0,0,0,0,false
4KLl158vpK,2026,Plympton FC,Federation Cup U18's; Reserves; HPG Homes State League 2 South - Under 18's,8,2,210,0,0,0,0,0,false
4KLl1ErPRK,2023,Croydon FC,Under 17's JPL A; U17 Carl's Junior Boys Cup,21,21,1880,10,2,0,0,0,false
4KLl1ErPRK,2024,Adelaide Victory,U18 Trial Matches; State League 1 Under 18's; Federation Cup U18's; Federation Cup Reserves; State League 1 Reserves; State League 1,28,21,1998,3,4,0,0,0,false
4KLl1ErPRK,2025,Adelaide Atletico VSC,Reserves; Senior Men's Trials; HPG Homes State League 2 North - Reserves; HPG Homes State League 2 North; Federation Cup Reserves; Australia Cup SA Preliminary Rounds; HPG Homes State League 2 (Reserves) Final Series; HPG Homes State League 2 (Seniors) Final Series,31,23,2238,17,6,1,0,0,false
4KLl1ErPRK,2026,Adelaide Atletico VSC,HPG Homes State League 1 Reserves; Federation Cup Reserves; HPG Homes State League 1,21,18,1950,6,2,0,0,0,false
4KLl1JWP0K,2025,Vipers FC,HPG Homes State League 1 Under 18's,3,1,90,0,0,0,0,0,false
4KLl1JWP0K,2026,Vipers FC,Federation Cup U18's; Under 18's; HPG Homes State League 2 South - Under 18's; HPG Homes State League 2 (18s) Final Series,21,10,1170,3,4,0,0,0,false
4KLl1LnZpK,2026,Vipers FC,Hahn Australia Cup SA Preliminary Rounds; Senior Men's Trials; HPG Homes State League 2 South; HPG Homes State League 2 (Seniors) Finals Series,20,17,1627,1,4,0,0,0,false
4KLl1Rg6RK,2025,Playford City,Under 18's; Under 17 Trials; RAA NPL Under 18's; Under 17 Trials - No Match Officials; Federation Cup U18's; Nova Under 17's YPL B Mixed; U17 Carl's Jr. Youth Premier Cup; RAA NPL Reserves,39,20,2040,0,1,0,0,2,true
4KLl1Rg6RK,2026,Elizabeth Downs Soccer Club,Under 18's; Reserves; Federation Cup U18's; Federation Cup Reserves; HPG Homes State League 2 North - Under 18's; HPG Homes State League 2 North - Reserves; HPG Homes State League 2 North,18,17,1590,0,3,0,0,3,true
4KLl1XpE2K,2025,Northern Demons,Nova Under 15's YSL C Mixed; U15 Carl's Jr. Youth State Cup,18,17,1615,1,0,0,0,0,false
4KLl1XpE2K,2026,Northern Demons,Under 15's YSL C Mixed; U15 Carl's Jr. Youth State Cup; HPG Homes State League 2 North - Under 18's,17,16,1520,2,0,0,0,0,false
4KLl1n7npK,2023,Croydon FC,RAA NPL Under 18's; Federation Cup U18's; RAA NPL Reserves,12,9,1080,0,3,0,0,0,false
4KLl1n7npK,2024,Croydon FC,Federation Cup Reserves; RAA NPL Under 18's,5,4,414,0,1,0,0,0,false
4KLl1n7npK,2025,Croydon FC; Adelaide Croatia Raiders,RAA NPL Reserves; Federation Cup Reserves,8,4,353,1,2,0,0,0,false
4KLl1n7npK,2026,Adelaide Croatia Raiders,HPG Homes State League 1 Reserves; Federation Cup Reserves; HPG Homes State League 1,13,11,947,1,0,0,0,0,false
4KLl1pw0RK,2025,Cove FC,Reserves; HPG Homes State League 1 Reserves; HPG Homes State League 1,11,10,941,0,0,0,0,0,true
4KLl1pw0RK,2026,Cove FC,Federation Cup Reserves; HPG Homes State League 1 Reserves; HPG Homes State League 1; Senior Men's Trials,25,25,3000,0,6,0,0,10,true
4KLl1xEBoK,2025,Salisbury Inter,Nova Under 16's YSL A Mixed; Under 16 YSL Bottom Half,14,14,1330,0,1,0,0,0,false
4KLl1xEBoK,2026,Barossa United,Federation Cup U18's; HPG Homes State League 2 North - Under 18's,18,15,1380,0,0,0,0,0,true
4KLlJ4lVoK,2026,Adelaide Croatia Raiders,Nova Under 16's YPL A Mixed; HPG Homes State League 1 Under 18's; U16 Carl's Jr. Youth Premier Cup; HPG Homes State League 1 Reserves,37,28,2781,0,0,0,0,0,false
4KLlJJ95LK,2026,Adelaide Atletico VSC,HPG Homes State League 1 Under 18's; Federation Cup U18's,16,13,1560,0,2,0,0,0,false
4KLlJJ9wpK,2026,Adelaide Atletico VSC,Hahn Australia Cup SA Preliminary Rounds; HPG Homes State League 1,22,14,1479,2,7,0,0,0,false
4KLlJJZAgK,2026,Western Strikers,Hahn Australia Cup SA Preliminary Rounds; HPG Homes State League 2 South; HPG Homes State League 2 South - Reserves; HPG Homes State League 2 (Seniors) Finals Series,18,7,1325,0,3,1,0,0,false
4KLlJJZWpK,2023,Croydon FC,Under 17's JPL A; U17 Carl's Junior Boys Cup,19,16,1440,6,1,0,0,0,false
4KLlJJZWpK,2025,Adelaide Atletico VSC,Senior Men's Trials; HPG Homes State League 2 North - Reserves; Federation Cup Reserves; HPG Homes State League 2 North; HPG Homes State League 2 (Reserves) Final Series,23,17,1761,7,2,0,0,0,false
4KLlJJZWpK,2026,Adelaide Atletico VSC,HPG Homes State League 1 Reserves; Federation Cup Reserves,15,14,1329,10,1,0,0,0,false
4KLlJJgagK,2026,Adelaide Croatia Raiders,Under 15 Trials; Nova Under 16's YPL A Mixed; U16 Carl's Jr. Youth Premier Cup; HPG Homes State League 1 Under 18's,27,18,1705,0,0,0,0,0,false
4KLlJM5j1K,2026,Para Hills East,Hahn Australia Cup SA Preliminary Rounds,1,1,81,0,0,0,0,0,false
4KLlJMEqRK,2026,Gawler Eagles,HPG Homes State League 2 North - Reserves; Federation Cup Reserves; HPG Homes State League 2 North,21,17,1547,0,0,0,0,0,false
4KLlJMY5LK,2026,Adelaide Titans Football Club,Hahn Australia Cup SA Preliminary Rounds; Senior Men's Trials; HPG Homes State League 2 South; HPG Homes State League 2 South - Reserves,12,10,1266,0,3,0,0,0,false
4KLlJV82pK,2026,Cove FC,Federation Cup Reserves; HPG Homes State League 1 Reserves; Senior Men's Trials,26,17,2146,1,3,0,0,0,false
4KLlJW2X7K,2026,Elizabeth Grove,Federation Cup U18's; HPG Homes State League 2 North - Under 18's,19,18,1680,1,5,0,0,0,false
4KLlJWQ71K,2026,Ghan United,Federation Cup Reserves,0,0,0,0,0,0,0,0,false
4KLlJWQqRK,2026,Adelaide Olympic,HPG Homes State League 1 Reserves; Federation Cup Reserves,18,15,1555,4,2,0,0,0,false
4KLlJe4r2K,2026,Salisbury Inter,Federation Cup Reserves; HPG Homes State League 2 North - Reserves,11,10,1012,0,2,1,0,0,false
4KLlJeZkpK,2023,Adelaide Croatia Raiders,Under 15's JSL A; U15 Carl's Junior Boys Cup; Under 15's JPL A; Under 16's JPL A; U16 JPL A - Bottom Half,31,24,2140,10,0,0,0,0,false
4KLlJeZkpK,2024,Adelaide Croatia Raiders,U18 Trial Matches; Under 16 JPL A; RAA NPL Under 18's; U16 Carl's Junior Boys Cup,37,25,2210,12,1,1,0,0,false
4KLlJeZkpK,2025,Adelaide Croatia Raiders,RAA NPL Reserves; Federation Cup Reserves; RAA NPL,28,26,2050,6,6,0,0,0,false
4KLlJeZkpK,2026,Vipers FC,Federation Cup U18's; Senior Men's Trials; HPG Homes State League 2 South; HPG Homes State League 2 South - Reserves; HPG Homes State League 2 (Seniors) Finals Series; HPG Homes State League 2 (Reserves) Final Series,29,18,2534,10,3,0,0,0,false
4KLlJllELK,2026,South Adelaide,HPG Homes State League 1 Reserves; Federation Cup Reserves,17,8,1166,0,1,0,0,0,false
4KLlLWY4RK,2026,Pontian Eagles,Senior Men's Trials; HPG Homes State League 2 North; Hahn Australia Cup SA Preliminary Rounds; HPG Homes State League 2 North - Reserves; HPG Homes State League 2 (Seniors) Finals Series,19,4,687,0,0,0,0,0,false
4KLlLWn2pK,2026,Salisbury United; Sturt Lions,Hahn Australia Cup SA Preliminary Rounds; HPG Homes State League 1; RAA NPL,22,20,2049,1,1,0,0,0,false
4KLx2na8pK,2023,Ghan United; Adelaide Croatia Raiders,Under 17's JPL C; Under 17's JPL A; U17 Carl's Junior Boys Cup,17,10,900,4,1,0,0,0,false
4KLx2na8pK,2024,Playford City,U18 Trial Matches; State League 1 Under 18's; Federation Cup U18's; State League 1 Reserves; Federation Cup Reserves; Under 17 JPL A,32,27,2590,1,7,0,0,0,false
4KLx2na8pK,2025,Modbury Jets,RAA NPL Reserves; Federation Cup Reserves; RAA NPL Under 18's,20,19,1669,0,10,1,0,0,false
4KLx2na8pK,2026,Gawler Eagles,HPG Homes State League 2 North - Reserves; Hahn Australia Cup SA Preliminary Rounds; HPG Homes State League 2 North,14,11,890,1,5,0,0,0,false
4KLxoVnD0K,2024,Adelaide Olympic,Under 15 JPL A; U15 Carl's Junior Boys Cup,22,21,1880,4,3,0,0,0,false
4KLxoVnD0K,2025,Adelaide Croatia Raiders,Under 16 Trials; Under 16 Trials - No Match Officials; Nova Under 16's YPL A Mixed; U16 Carl's Jr. Youth Premier Cup; RAA NPL Under 18's,31,23,2135,11,5,0,0,0,false
4KLxoVnD0K,2026,Elizabeth Grove,Hahn Australia Cup SA Preliminary Rounds; Senior Men's Trials; HPG Homes State League 2 North; HPG Homes State League 2 North - Reserves,19,16,1263,1,3,0,0,0,false
4KLxoZYE2K,2024,Mount Barker United,Under 16 JSL B; U16 Carl's Junior Boys Cup,17,17,1520,0,0,0,0,0,false
4KLxoZYE2K,2025,Mount Barker United,Federation Cup U18's; HPG Homes State League 2 South - Under 18's,18,18,1650,0,0,0,0,0,false
4KLxoZYE2K,2026,Mount Barker United,Federation Cup U18's; Under 18's; HPG Homes State League 2 South - Under 18's,20,20,2370,0,2,0,0,0,false
4KLxvrrAoK,2023,Para Hills Knights,Under 16's JSL A; U16 JPL A - Bottom Half,11,10,900,2,0,0,0,0,false
4KLxvrrAoK,2026,Elizabeth Grove,Federation Cup Reserves; HPG Homes State League 2 North - Reserves; HPG Homes State League 2 North,18,15,1339,0,0,0,0,0,false
4KLz27WGmq,2023,Vipers FC,State League 1 Under 18's; Federation Cup U18's; State League 1 Reserves,23,22,2610,0,8,0,0,0,false
4KLz27WGmq,2024,Vipers FC,State League 1 Under 18's; Federation Cup U18's; State League 1 Reserves,29,21,2123,1,5,1,0,0,false
4KLz27WGmq,2025,Ghan United; Vipers FC,Reserves; HPG Homes State League 1 Reserves; HPG Homes State League 1; Australia Cup SA Preliminary Rounds,20,20,1808,2,3,0,0,0,false
4KLz27WGmq,2026,Vipers FC; Ghan United,Federation Cup Reserves; HPG Homes State League 2 South - Reserves; HPG Homes State League 2 South; HPG Homes State League 2 (Seniors) Finals Series,21,17,1996,3,5,0,0,0,false
4KLz2E6gmq,2023,Sturt Lions,RAA NPL Reserves; RAA NPL; Australia Cup SA Preliminary Rounds,24,17,1268,0,2,0,0,0,false
4KLz2E6gmq,2024,Cove FC,State League 2,1,0,0,0,0,0,0,0,false
4KLz2E6gmq,2026,Noarlunga United,Hahn Australia Cup SA Preliminary Rounds; HPG Homes State League 2 South; Senior Men's Trials,14,9,839,0,1,0,0,0,false
4KLz2J57mq,2023,South Adelaide,RAA NPL Under 18's; Under 15's JPL A; U15 Carl's Junior Boys Cup; RAA NPL Reserves,32,24,2770,5,2,0,0,0,false
4KLz2J57mq,2024,South Adelaide,RAA NPL Under 18's; Federation Cup U18's; RAA NPL Reserves; Under 16 JPL A,33,24,2282,16,0,1,0,0,false
4KLz2J57mq,2025,South Adelaide,HPG Homes State League 1 Reserves; HPG Homes State League 1,20,15,1194,3,0,0,0,0,false
4KLz2J57mq,2026,South Adelaide,Hahn Australia Cup SA Preliminary Rounds; HPG Homes State League 1; HPG Homes State League 1 Reserves,24,21,2496,3,3,0,0,0,false
4KLz2r5Gmq,2023,Sturt Lions,Under 16 Trials; Under 16's JPL A; Under 16's JSL B; U16 Carl's Junior Boys Cup; Under 16's JSL A; U16 JPL A - Bottom Half; Under 17's JPL C; U18 Trial Matches,33,28,2400,13,0,0,0,0,false
4KLz2r5Gmq,2024,Sturt Lions,U18 Trial Matches; State League 1 Under 18's; Federation Cup U18's; State League 1 Reserves; Under 17 JPL B,32,20,1839,14,3,0,0,0,false
4KLz2r5Gmq,2025,Cove FC,Under 18's; HPG Homes State League 1 Under 18's; Federation Cup U18's; Federation Cup Reserves; HPG Homes State League 1 Reserves,34,19,2004,6,0,0,0,0,false
4KLz2r5Gmq,2026,Cove FC,Federation Cup Reserves; HPG Homes State League 1 Reserves; HPG Homes State League 1; Senior Men's Trials,26,23,2545,3,1,0,0,0,false
4KLz7kOgmq,2023,Adelaide Hills Hawks,Under 13's JPL C; U13 Carl's Junior Boys Cup; U13 JPL C - Bottom Half,15,7,610,0,0,0,0,0,false
4KLz7kOgmq,2024,Adelaide Hills Hawks,U14 Carl's Junior Boys Cup; Under 14 JPL C,13,11,960,0,0,0,0,0,false
4KLz7kOgmq,2025,Adelaide Hills Hawks,Nova Under 15's YPL C Mixed,15,15,1425,0,0,0,0,0,false
4KLz7kOgmq,2026,Barossa United,HPG Homes State League 2 North - Under 18's,3,0,0,0,0,0,0,0,false
4KLz7x0omq,2023,Adelaide City,RAA NPL Reserves; Federation Cup Reserves; RAA NPL,26,25,2820,0,4,0,0,0,false
4KLz7x0omq,2024,Adelaide Victory,Senior Men's Trial Matches; Australia Cup SA Preliminary Rounds; State League 1,27,26,1841,0,2,0,0,0,false
4KLz7x0omq,2025,Adelaide Olympic,HPG Homes State League 1; Australia Cup SA Preliminary Rounds,23,19,1861,2,3,0,0,0,false
4KLz7x0omq,2026,,,0,0,0,0,0,0,0,0,false
4KLz9Vlgmq,2023,Salisbury Inter,Under 13's JSL C; U13 Carl's Junior Boys Cup; Under 14's JSL C,19,16,1270,5,1,0,0,0,false
4KLz9Vlgmq,2024,Salisbury Inter,Under 15 Trials; Under 15 JSL B; U15 Carl's Junior Boys Cup,23,23,1970,3,0,0,0,0,false
4KLz9Vlgmq,2025,Salisbury Inter,Under 15 Trials; Nova Under 15's YPL C Mixed; U15 Carl's Jr. Youth Premier Cup; Nova Under 16's YPL C Mixed,20,18,1665,1,2,1,0,0,false
4KLz9Vlgmq,2026,,,0,0,0,0,0,0,0,0,false
4KLzkbV0mq,2023,West Adelaide; Adelaide University; Modbury Vista,RAA NPL Reserves; Federation Cup Reserves; State League 2; 23 Senior Men's Trial Matches,15,13,680,3,2,0,0,0,false
4KLzkbV0mq,2024,Modbury Vista,Senior Men's Trial Matches; State League 2 Reserves; Federation Cup Reserves; Australia Cup SA Preliminary Rounds; State League 2,22,14,1300,4,3,1,0,0,false
4KLzkbV0mq,2025,Mount Barker United; Modbury Vista,Senior Men's Trials; HPG Homes State League 2 South; HPG Homes State League 2 North - Reserves,10,8,635,4,0,0,0,0,false
4KLzkbV0mq,2026,Modbury Vista,Hahn Australia Cup SA Preliminary Rounds; Senior Men's Trials; HPG Homes State League 2 North; HPG Homes State League 2 North - Reserves,15,10,975,0,3,0,0,0,false
4KLzqvvpmq,2023,Adelaide Hills Hawks,Federation Cup U18's; State League 2 Under 18's; State League 2 Reserves; State League 2; 23 Reserves Trial Matches; 23 Senior Men's Trial Matches,35,23,1871,17,2,0,0,0,false
4KLzqvvpmq,2024,Adelaide Hills Hawks,Reserves Trial Matches; Senior Men's Trial Matches; Australia Cup SA Preliminary Rounds; State League 2; State League 2 Reserves; State League 2 Under 18's,35,22,1978,19,1,0,0,0,false
4KLzqvvpmq,2025,WT Birkalla; Adelaide Hills Hawks,Reserves; RAA NPL Under 18's; RAA NPL Reserves; Federation Cup U18's; Federation Cup Reserves; HPG Homes State League 2 South - Reserves; HPG Homes State League 2 South; Senior Men's Trials,32,22,2008,9,2,0,0,1,true
4KLzqvvpmq,2026,Adelaide Hills Hawks,Federation Cup Reserves; HPG Homes State League 2 South - Reserves; HPG Homes State League 2 South; Senior Men's Trials,21,12,1425,13,0,0,0,0,false
4KLzryxLmq,2023,Cove FC,State League 2,2,2,0,0,0,0,0,0,false
4KLzryxLmq,2024,Cove FC,Senior Men's Trial Matches; Australia Cup SA Preliminary Rounds; State League 2,4,3,137,0,0,0,0,0,false
4KLzryxLmq,2025,Cove FC,Senior Men's Trials; HPG Homes State League 1; HPG Homes State League 1 Reserves; Australia Cup SA Preliminary Rounds,20,19,1692,0,3,0,0,0,false
4KLzryxLmq,2026,Seaford Rangers,Hahn Australia Cup SA Preliminary Rounds; Senior Men's Trials; HPG Homes State League 2 South; HPG Homes State League 2 (Seniors) Finals Series,15,14,1328,0,0,0,0,0,false
4KLzvOo0mq,2023,Mount Barker United,Federation Cup Reserves; State League 2 Reserves; State League 2; Senior Men's Trials; 23 Senior Men's Trial Matches,24,18,1953,1,9,0,0,0,false
4KLzvOo0mq,2024,Mount Barker United,Reserves Trial Matches; Senior Men's Trial Matches; Federation Cup Reserves; State League 2 Reserves; State League 2,26,20,1568,2,3,1,0,0,true
4KLzvOo0mq,2025,Mount Barker United,Reserves; Senior Men's Trials; HPG Homes State League 2 South - Reserves; Federation Cup Reserves; HPG Homes State League 2 South; HPG Homes State League 2 (Reserves) Final Series,25,21,1931,1,8,0,0,0,false
4KLzvOo0mq,2026,Angle Vale,Hahn Australia Cup SA Preliminary Rounds; Senior Men's Trials; HPG Homes State League 2 North - Reserves,4,2,193,1,0,0,0,0,false
8NO51B9yvd,2025,Eastern United,HPG Homes State League 2 South - Reserves; Federation Cup Reserves; HPG Homes State League 2 South,24,17,1575,9,8,0,0,0,false
8NO51B9yvd,2026,Eastern United,Federation Cup Reserves; HPG Homes State League 1 Reserves; Hahn Australia Cup SA Preliminary Rounds; HPG Homes State League 1; Senior Men's Trials,23,21,2302,8,7,1,0,0,false
8NO51BXxad,2023,Cove FC,State League 2 Under 18's; Federation Cup U18's; State League 2 Reserves,30,23,3128,44,2,0,0,0,false
8NO51BXxad,2024,Cove FC,Reserves Trial Matches; Federation Cup Reserves; State League 2 Reserves; State League 2,24,22,1667,17,3,0,0,0,false
8NO51BXxad,2025,Cove FC,Reserves; HPG Homes State League 1 Reserves; Australia Cup SA Preliminary Rounds,20,18,1467,16,2,0,0,0,false
8NO51BXxad,2026,Cove FC,HPG Homes State League 1 Reserves; HPG Homes State League 1; Federation Cup Reserves; Senior Men's Trials,27,18,1919,8,1,0,0,0,false
8NO51GvB1d,2025,Modbury Vista,Under 16 Trials; Nova Under 16's YPL C Mixed; U16 Carl's Jr. Youth Premier Cup,23,19,1775,11,1,0,0,0,false
8NO51GvB1d,2026,Ghan United,HPG Homes State League 2 South - Under 18's; HPG Homes State League 2 South - Reserves,10,6,850,1,0,0,0,0,false
8NO51PpAzd,2025,Elizabeth Grove,Senior Men's Trials; HPG Homes State League 2 North; Australia Cup SA Preliminary Rounds,22,22,2235,1,3,0,0,0,false
8NO51PpAzd,2026,Elizabeth Grove,Hahn Australia Cup SA Preliminary Rounds; Senior Men's Trials; HPG Homes State League 2 North,5,5,457,1,1,0,0,0,false
8NO51opbvd,2023,WT Birkalla,Under 14 Trials; Under 14's JSL B; Under 14's JPL B; U14 Carl's Junior Boys Cup,25,23,1760,20,0,0,0,0,false
8NO51opbvd,2024,Adelaide Comets,Under 15 Trials; Under 15 JPL A; Under 15 JSL A; U15 Carl's Junior Boys Cup,23,16,1440,1,1,0,0,0,false
8NO51opbvd,2025,WT Birkalla,Under 16 Trials; Nova Under 16's YPL A Mixed; U16 Carl's Jr. Youth Premier Cup,23,20,1840,0,1,0,0,0,false
8NO51opbvd,2026,Adelaide University,Federation Cup U18's; Under 18's; HPG Homes State League 2 South - Under 18's,15,8,960,4,1,0,0,0,false
8NO532GJzd,2023,Vipers FC,Under 13's JPL A; Under 14's JSL B; Under 14's JPL A; U13 Carl's Junior Boys Cup; Under 13's JSL A,39,29,2270,5,0,0,0,0,false
8NO532GJzd,2024,Vipers FC,Under 15 Trials; Under 14 JPL A; Under 16 JSL B; Under 15 JSL A; Under 14 JSL A; U14 Carl's Junior Boys Cup,34,27,2150,4,0,0,0,0,false
8NO532GJzd,2025,Vipers FC,Under 15 Trials; Nova Under 15's YPL A Mixed; U15 Carl's Jr. Youth Premier Cup,25,25,2300,0,0,0,0,0,false
8NO532GJzd,2026,Vipers FC,Under 16 Trials - No Match Officials; Under 16 Trials; Under 15 Trials; Under 17 Trials; Nova Under 16's YPL A Mixed; HPG Homes State League 2 South - Under 18's; U16 Carl's Jr. Youth Premier Cup; Under 17's A Mixed; U17 Carl's Jr. Youth Premier Cup,37,32,3015,4,1,0,0,0,false
8NO532n6Bd,2024,Adelaide Atletico,Under 15 JSL B; U15 Carl's Junior Boys Cup,20,11,975,12,1,1,0,0,false
8NO532n6Bd,2025,Adelaide Atletico VSC,Nova Under 16's YPL C Mixed; Nova Under 17's YPL B Mixed; U16 Carl's Jr. Youth Premier Cup,22,16,1490,1,2,1,0,0,true
8NO532n6Bd,2026,Barossa United,Federation Cup U18's; HPG Homes State League 2 North - Under 18's; HPG Homes State League 2 North - Reserves,15,10,930,1,3,0,0,0,false
8NO598Jkad,2023,MetroStars,RAA NPL Under 18's; Federation Cup U18's; Senior Men's Trials,28,19,2220,9,1,0,0,0,false
8NO598Jkad,2024,Adelaide Olympic,Reserves Trial Matches; RAA NPL Reserves; Federation Cup Reserves,24,2,562,3,0,0,0,0,false
8NO598Jkad,2025,Eastern United,HPG Homes State League 2 South - Reserves; Federation Cup Reserves; HPG Homes State League 2 South,27,20,1810,7,3,0,0,0,false
8NO598Jkad,2026,Eastern United,Federation Cup Reserves; HPG Homes State League 1 Reserves; Senior Men's Trials,20,13,1566,5,6,1,0,0,false
8NO5B2qxad,2024,Adelaide Olympic,Under 16 JPL A; U16 Carl's Junior Boys Cup,20,12,1050,3,0,0,0,0,false
8NO5B2qxad,2025,Playford City,Nova Under 17's YPL B Mixed; RAA NPL Under 18's; U17 Carl's Jr. Youth Premier Cup; RAA NPL Reserves,31,23,2172,18,2,0,0,0,false
8NO5B2qxad,2026,Modbury Jets,HPG Homes State League 1 Under 18's; HPG Homes State League 1 Reserves; Federation Cup U18's,11,7,1022,8,0,0,0,0,false
8NO5BBRnvd,2024,Adelaide Cobras,Under 16 JPL A; U16 Carl's Junior Boys Cup,18,5,430,0,0,0,0,0,false
8NO5BBRnvd,2025,Adelaide City,Under 17 Trials - No Match Officials; Under 17 Trials; Nova Under 17's YPL A Mixed; U17 Carl's Jr. Youth Premier Cup,24,15,1380,1,1,0,0,0,false
8NO5BBRnvd,2026,Vipers FC,Federation Cup U18's; Under 18's; HPG Homes State League 2 South - Under 18's; HPG Homes State League 2 (18s) Final Series,26,13,1530,3,2,0,0,0,false
8NO5BGZ9kd,2026,Adelaide University,Federation Cup Reserves; Reserves; HPG Homes State League 2 South - Reserves,19,11,1263,2,2,0,0,0,false
8NO5BGrrnd,2026,Cumberland United,Hahn Australia Cup SA Preliminary Rounds; HPG Homes State League 1,17,17,2040,0,0,0,0,6,true
8NO5BGryzd,2026,Cumberland United,HPG Homes State League 1 Reserves; HPG Homes State League 1; Hahn Australia Cup SA Preliminary Rounds,17,8,1054,5,0,0,0,0,false
8NO5Bg0gzd,2023,Modbury Jets,RAA NPL Reserves; Federation Cup Reserves; RAA NPL,19,11,387,4,4,0,0,0,false
8NO5Bg0gzd,2025,West Adelaide; Port Adelaide,HPG Homes State League 1; Australia Cup SA Preliminary Rounds; HPG Homes State League 2 North,17,8,704,2,1,0,0,0,false
8NO5Bg0gzd,2026,Adelaide Croatia Raiders,HPG Homes State League 1; Hahn Australia Cup SA Preliminary Rounds,20,14,1406,8,4,1,0,0,false
8NO5Bge1bd,2023,Eastern United,Australia Cup SA Preliminary Rounds; State League 1 Reserves; State League 1; Federation Cup Reserves,19,16,1893,0,6,1,0,2,true
8NO5Bge1bd,2024,Pontian Eagles,State League 2; State League 2 Reserves,5,5,450,0,3,1,0,0,true
8NO5Bge1bd,2025,Pontian Eagles; Modbury Vista,HPG Homes State League 1; HPG Homes State League 1 Reserves; Federation Cup Reserves; HPG Homes State League 2 North - Reserves; HPG Homes State League 2 North; HPG Homes State League 2 (Seniors) Final Series,17,14,1364,0,1,2,0,1,true
8NO5Bge1bd,2026,Vipers FC,Hahn Australia Cup SA Preliminary Rounds; Senior Men's Trials; HPG Homes State League 2 South; HPG Homes State League 2 South - Reserves; HPG Homes State League 2 (Seniors) Finals Series,7,7,840,0,0,0,0,1,true
8NO5BwM6kd,2026,Modbury Jets,Federation Cup Reserves; Hahn Australia Cup SA Preliminary Rounds; HPG Homes State League 1 Reserves; HPG Homes State League 1; Senior Men's Trials,25,19,1971,3,6,2,0,0,false
8NO5BwMqBd,2023,Modbury Jets,RAA NPL; Australia Cup SA Preliminary Rounds,27,27,624,5,1,1,0,0,false
8NO5BwMqBd,2024,Modbury Jets,Senior Men's Trial Matches; RAA NPL; Australia Cup SA Preliminary Rounds,26,25,2075,3,1,0,0,0,false
8NO5BwMqBd,2025,Modbury Jets,RAA NPL; Australia Cup SA Preliminary Rounds,24,24,2184,2,5,0,0,0,false
8NO5BwMqBd,2026,Modbury Jets,Hahn Australia Cup SA Preliminary Rounds; HPG Homes State League 1; Senior Men's Trials,27,27,3040,2,1,0,0,0,false
8NO5BwMzvd,2023,Modbury Jets,RAA NPL,16,15,542,1,2,0,0,0,false
8NO5BwMzvd,2024,Modbury Jets; NPLSA All Stars,Senior Men's Trial Matches; RAA NPL; Australia Cup SA Preliminary Rounds; Men's,28,28,2310,1,7,0,0,0,false
8NO5BwMzvd,2025,Modbury Jets,RAA NPL; Australia Cup SA Preliminary Rounds,19,18,1612,1,5,1,0,0,false
8NO5BwMzvd,2026,Modbury Jets,HPG Homes State League 1; Senior Men's Trials,18,17,1730,0,4,0,0,0,false
8NO5ByAyvd,2026,Salisbury United,HPG Homes State League 1,22,13,1775,2,1,0,0,0,false
8NO5BzG3nd,2026,Mount Barker United,HPG Homes State League 2 South - Reserves; HPG Homes State League 2 South,12,8,947,1,0,0,0,0,false
8NO5GDXpnd,2023,Adelaide City,Under 15's JSL A,1,0,0,0,0,0,0,0,false
8NO5GDXpnd,2024,Adelaide City,Under 16 Trials; Under 16 JSL A; Under 16 JPL B,13,10,900,0,1,0,0,0,false
8NO5GDXpnd,2025,Mount Barker United,Federation Cup U18's; HPG Homes State League 2 South - Under 18's,2,1,120,0,0,0,0,0,false
8NO5GDXpnd,2026,Mount Barker United,Federation Cup U18's; Under 18's; Reserves; HPG Homes State League 2 South - Under 18's; Federation Cup Reserves; HPG Homes State League 2 South - Reserves,26,18,2336,7,6,0,0,0,false
8NO5GERZ1d,2023,Adelaide Hills Hawks,Federation Cup Reserves; State League 2 Reserves; State League 2; 23 Senior Men's Trial Matches; 23 Reserves Trial Matches,30,26,2097,6,1,0,0,0,false
8NO5GERZ1d,2024,Adelaide Hills Hawks,Senior Men's Trial Matches; Australia Cup SA Preliminary Rounds; State League 2; State League 2 Reserves,29,22,1771,6,3,0,0,0,false
8NO5GERZ1d,2025,Adelaide Hills Hawks,HPG Homes State League 2 South - Reserves; Australia Cup SA Preliminary Rounds; Federation Cup Reserves; HPG Homes State League 2 South; Senior Men's Trials,26,18,1648,2,5,0,0,0,false
8NO5GERZ1d,2026,Adelaide Hills Hawks,Hahn Australia Cup SA Preliminary Rounds; Senior Men's Trials; HPG Homes State League 2 South; HPG Homes State League 2 South - Reserves,23,16,1552,3,4,0,0,0,false
8NO5GG0AWd,2026,Adelaide Atletico VSC,Hahn Australia Cup SA Preliminary Rounds; HPG Homes State League 1 Reserves; HPG Homes State League 1,8,5,556,0,2,0,0,0,false
8NO5GGxVzd,2023,Sturt Lions,RAA NPL Under 18's; RAA NPL Reserves; Federation Cup Reserves; 23 Senior Men's Trial Matches,27,20,2273,4,2,0,0,0,false
8NO5GGxVzd,2024,Sturt Lions,Senior Men's Trial Matches; Reserves Trial Matches; State League 1 Reserves; State League 1; Federation Cup Reserves,33,29,2777,2,1,0,0,0,false
8NO5GGxVzd,2025,Sturt Lions; South Adelaide,HPG Homes State League 1 Reserves; Federation Cup Reserves; HPG Homes State League 1,24,24,2309,2,1,0,0,0,false
8NO5GGxVzd,2026,South Adelaide,HPG Homes State League 1 Reserves; HPG Homes State League 1,8,3,512,0,0,0,0,0,false
8NO5GGzJzd,2026,Fulham United,HPG Homes State League 1 Reserves; Federation Cup Reserves,6,4,346,0,1,0,0,0,false
8NO5GM9AWd,2026,Adelaide Titans Football Club,Federation Cup U18's; HPG Homes State League 2 South - Under 18's; HPG Homes State League 2 South - Reserves,19,10,1200,0,2,0,0,0,false
8NO5GOEgnd,2026,Fulham United,HPG Homes State League 1 Reserves; Federation Cup Reserves; HPG Homes State League 1,24,16,2192,13,3,0,0,0,false
8NO5GQ402d,2025,Pontian Eagles,Under 18's; HPG Homes State League 1 Under 18's; Federation Cup U18's; Federation Cup Reserves; HPG Homes State League 1 Reserves,32,24,2443,9,6,0,0,0,false
8NO5GQ402d,2026,Adelaide Olympic,HPG Homes State League 1 Under 18's; Federation Cup U18's,23,5,600,3,2,0,0,0,false
8NO5GZ0p1d,2026,Vipers FC,Federation Cup Reserves; HPG Homes State League 2 South - Reserves; HPG Homes State League 2 (Reserves) Final Series,24,13,1650,1,1,0,0,0,false
8NO5GZzyad,2026,Eastern United,HPG Homes State League 1 Under 18's,15,6,720,0,0,0,0,0,false
8NO5Gkywnd,2026,Modbury Jets,Federation Cup U18's; Under 16 Trials - No Match Officials; HPG Homes State League 1 Under 18's; Nova Under 16's YPL B Mixed; HPG Homes State League 1 Reserves,35,23,2420,0,4,1,0,0,false
8NO5GpYYvd,2023,Barossa United,Under 15's JSL B; U15 Carl's Junior Boys Cup,21,21,1880,1,0,1,0,0,false
8NO5GpYYvd,2026,Barossa United,HPG Homes State League 2 North - Under 18's; HPG Homes State League 2 North - Reserves,16,15,1317,8,1,1,0,0,false
8NO5GwELkd,2026,Vipers FC,Federation Cup U18's; Under 18's; HPG Homes State League 2 South - Under 18's; Under 17's A Mixed; HPG Homes State League 2 South - Reserves; HPG Homes State League 2 (18s) Final Series,30,15,1824,10,1,0,0,0,false
8NO5PanrWd,2026,Northern Demons,Hahn Australia Cup SA Preliminary Rounds; HPG Homes State League 2 North; HPG Homes State League 2 North - Reserves,16,14,1252,2,3,0,0,0,false
8NO95AWbdZ,2023,Elizabeth Downs Soccer Club; West Adelaide,Australia Cup SA Preliminary Rounds; RAA NPL,9,9,120,0,2,0,0,0,true
8NO95AWbdZ,2024,Elizabeth Downs Soccer Club,Australia Cup SA Preliminary Rounds,3,3,360,0,0,0,0,0,true
8NO95AWbdZ,2025,Elizabeth Downs Soccer Club,Australia Cup SA Preliminary Rounds,1,1,120,0,0,0,0,0,true
8NO95AWbdZ,2026,Elizabeth Downs Soccer Club,Hahn Australia Cup SA Preliminary Rounds; Senior Men's Trials; HPG Homes State League 2 North; HPG Homes State League 2 (Seniors) Finals Series,23,23,2180,0,4,0,0,0,true
8NOX0pXzKZ,2023,West Beach FC,Under 14's JSL A; U14 Carl's Junior Boys Cup,19,19,1510,2,0,0,0,0,false
8NOX0pXzKZ,2024,West Beach FC,Under 15 JSL A; U15 Carl's Junior Boys Cup,24,23,2050,7,0,0,0,0,false
8NOX0pXzKZ,2025,Port Adelaide,Nova Under 16's YPL B Mixed; U16 Carl's Jr. Youth Premier Cup; HPG Homes State League 2 North - Under 18's,20,17,1615,2,0,0,0,0,false
8NOX0pXzKZ,2026,Port Adelaide,Federation Cup U18's; Under 18's; HPG Homes State League 2 North - Under 18's; HPG Homes State League 2 (18s) Final Series,21,20,1890,2,0,0,0,0,false
8NOX2RzkKZ,2023,Adelaide Comets,RAA NPL Reserves; Federation Cup Reserves; Australia Cup SA Preliminary Rounds; RAA NPL,21,19,2165,0,0,0,0,0,false
8NOX2RzkKZ,2024,Adelaide Comets,Reserves Trial Matches; Australia Cup SA Preliminary Rounds; RAA NPL Reserves; RAA NPL,3,3,180,0,0,0,0,0,true
8NOX2RzkKZ,2025,Cumberland United,HPG Homes State League 1 Reserves; Federation Cup Reserves,18,18,1680,0,0,0,0,1,true
8NOX2RzkKZ,2026,Plympton FC,Hahn Australia Cup SA Preliminary Rounds; Senior Men's Trials; HPG Homes State League 2 South,17,17,1952,0,2,0,0,2,true
8NOX7Ag2KZ,2023,Modbury Jets; Mount Barker United,RAA NPL Reserves; Federation Cup Reserves; 23 Senior Men's Trial Matches,28,9,1540,0,1,0,0,0,false
8NOX7Ag2KZ,2024,Mount Barker United,Senior Men's Trial Matches; Australia Cup SA Preliminary Rounds; State League 2; State League 2 Reserves,21,12,978,0,2,0,0,0,false
8NOX7Ag2KZ,2025,Mount Barker United,Reserves; Senior Men's Trials; HPG Homes State League 2 South - Reserves; Federation Cup Reserves; HPG Homes State League 2 South; HPG Homes State League 2 (Reserves) Final Series,26,22,1988,1,3,0,0,0,false
8NOX7Ag2KZ,2026,Plympton FC,Hahn Australia Cup SA Preliminary Rounds; Senior Men's Trials; HPG Homes State League 2 South; HPG Homes State League 2 South - Reserves,23,12,1648,1,2,0,0,0,false
8NOXYjX7KZ,2023,Modbury Vista,Under 13 Trials; Under 13's JPL C; U13 Carl's Junior Boys Cup; U13 JPL C - Top Half,23,22,1830,7,0,0,0,0,false
8NOXYjX7KZ,2024,Modbury Vista,Under 15 Trials; Under 14 Trials; Under 14 JPL B; U14 Carl's Junior Boys Cup; Under 15 JSL B,26,20,1680,3,2,0,0,0,false
8NOXYjX7KZ,2025,Modbury Vista,Nova Under 16's YPL C Mixed; U16 Carl's Jr. Youth Premier Cup; HPG Homes State League 2 North - Under 18's,25,21,1980,6,5,0,0,0,false
8NOXYjX7KZ,2026,Modbury Vista,Federation Cup U18's; Under 18's; Reserves; HPG Homes State League 2 North - Under 18's; HPG Homes State League 2 North - Reserves; Nova Under 16's YPL C North Mixed; HPG Homes State League 2 (18s) Final Series,26,21,2026,7,2,0,0,0,false
8NOXYowWKZ,2023,West Adelaide,RAA NPL Under 18's; RAA NPL Reserves; RAA NPL,21,18,2232,2,1,0,0,0,false
8NOXYowWKZ,2024,West Adelaide,Senior Men's Trial Matches; Australia Cup SA Preliminary Rounds; State League 1; State League 1 Reserves,15,13,1244,0,1,0,0,0,false
8NOXYowWKZ,2026,Adelaide Olympic,Hahn Australia Cup SA Preliminary Rounds; HPG Homes State League 1; HPG Homes State League 1 Reserves,15,9,1344,1,0,0,0,0,false
8NOXZgV7KZ,2023,Campbelltown City,Federation Cup U18's; RAA NPL Under 18's,22,20,2280,0,1,0,0,0,false
8NOXZgV7KZ,2024,Eastern United,State League 2 Reserves; State League 2; Federation Cup Reserves,28,25,2266,4,3,0,0,0,false
8NOXZgV7KZ,2025,Eastern United,HPG Homes State League 2 South - Reserves; Federation Cup Reserves; HPG Homes State League 2 South,25,23,2120,1,4,0,0,0,false
8NOXZgV7KZ,2026,Eastern United,Hahn Australia Cup SA Preliminary Rounds; Federation Cup Reserves; HPG Homes State League 1 Reserves; HPG Homes State League 1,5,2,349,0,0,0,0,0,false
8NOXb0JaKZ,2023,Sturt Lions,Under 12's JPL Red; U12 Carl's Junior Boys Cup; Under 12 JPL B,18,17,1270,0,0,0,0,0,false
8NOXb0JaKZ,2024,Sturt Lions,Under 13 Trials; Under 13 JPL B,20,19,1515,1,0,0,0,0,false
8NOXb0JaKZ,2025,Cumberland United,Under 14 Trials; Nova Under 14's YPL A Mixed; U14 Carl's Jr. Youth Premier Cup,15,12,975,0,0,0,0,0,false
8NOXb0JaKZ,2026,Adelaide Titans Football Club,U16 Carl's Jr. Youth Premier Cup; Nova Under 16's YPL C South Mixed; HPG Homes State League 2 South - Under 18's,17,17,1665,0,0,0,0,0,false
8NOXjpWkKZ,2023,FK Beograd,Under 14's JPL B; U14 Carl's Junior Boys Cup; Under 14's JSL B,24,21,1810,3,0,0,0,0,false
8NOXjpWkKZ,2024,Port Adelaide,Under 14 Trials; Under 14 JPL B; U14 Carl's Junior Boys Cup,25,24,2090,5,1,0,0,0,false
8NOXjpWkKZ,2025,Port Adelaide,Under 15 Trials; HPG Homes State League 2 North - Under 18's; Federation Cup U18's; Nova Under 15's YPL B Mixed; HPG Homes State League 2 (18s) Final Series,41,35,3300,6,0,0,0,0,false
8NOXjpWkKZ,2026,Port Adelaide,Federation Cup U18's; HPG Homes State League 2 North - Under 18's; Nova Under 16's YPL B Mixed; HPG Homes State League 2 North - Reserves; HPG Homes State League 2 (18s) Final Series; HPG Homes State League 2 (Reserves) Final Series,26,22,2095,6,3,0,0,0,false
8NOXjpbkKZ,2023,Adelaide University,Australia Cup SA Preliminary Rounds; State League 2; 23 Senior Men's Trial Matches,25,25,1139,3,3,0,0,0,false
8NOXjpbkKZ,2024,Adelaide University,Senior Men's Trial Matches; State League 2 Reserves; State League 2; Federation Cup Reserves,25,22,1805,1,2,0,0,0,false
8NOXjpbkKZ,2025,Adelaide University,Senior Men's Trials; HPG Homes State League 2 South; Australia Cup SA Preliminary Rounds; HPG Homes State League 2 (Seniors) Final Series,24,21,1859,4,3,0,0,0,false
8NOXjpbkKZ,2026,Adelaide University,Senior Men's Trials; Hahn Australia Cup SA Preliminary Rounds; HPG Homes State League 2 South,15,12,1027,0,1,1,0,0,false
8NOXqbGBKZ,2023,Western Strikers,Federation Cup U18's; State League 2 Under 18's; State League 2 Reserves; State League 2,32,22,3068,5,3,0,0,0,false
8NOXqbGBKZ,2024,Western Strikers,Reserves Trial Matches; State League 1 Reserves; Federation Cup Reserves,24,19,1703,0,2,0,0,0,false
8NOXqbGBKZ,2025,Western Strikers,Reserves; Senior Men's Trials; HPG Homes State League 2 South - Reserves; Federation Cup Reserves; HPG Homes State League 2 (Reserves) Final Series,30,29,2700,1,1,0,0,0,false
8NOXqbGBKZ,2026,Western Strikers,Federation Cup Reserves; HPG Homes State League 2 South - Reserves; HPG Homes State League 2 South; HPG Homes State League 2 (Reserves) Final Series,22,19,2405,1,0,0,0,0,false
8NOXqjaBKZ,2023,Adelaide Blue Eagles,State League 1; Australia Cup SA Preliminary Rounds,0,0,0,0,0,0,0,0,false
8NOXqjaBKZ,2024,Western Strikers,State League 1,5,0,60,0,0,0,0,0,false
8NOXqjaBKZ,2025,Western Strikers,Federation Cup Reserves; HPG Homes State League 2 South - Reserves; HPG Homes State League 2 South; HPG Homes State League 2 (Seniors) Final Series,19,15,1171,1,0,0,0,0,false
8NOXqjaBKZ,2026,Western Strikers; Adelaide University,Hahn Australia Cup SA Preliminary Rounds; HPG Homes State League 2 South - Reserves; HPG Homes State League 2 South,8,2,486,1,0,0,0,0,false
8NOXqjnBKZ,2023,Port Adelaide; Adelaide Victory; Modbury Vista,Senior Men's Trials; State League 1 Under 18's; Federation Cup U18's; State League 1 Reserves; Under 16's JPL B; Under 17's JPL C; U18 Trial Matches,18,14,1500,0,0,0,0,3,true
8NOXqjnBKZ,2024,Modbury Vista,U18 Trial Matches; State League 2 Under 18's; Under 17 JPL B; U17 Carl's Junior Boys Cup; Under 16 JPL B,22,20,1700,0,1,0,0,0,true
8NOXqjnBKZ,2025,West Adelaide,Under 18's; HPG Homes State League 1 Under 18's; HPG Homes State League 1 Reserves,5,2,195,0,0,0,0,0,true
8NOXqjnBKZ,2026,Adelaide Titans Football Club,Federation Cup U18's; HPG Homes State League 2 South - Under 18's; HPG Homes State League 2 South - Reserves,6,6,720,0,0,0,0,0,true
8NOXr48BKZ,2023,Modbury Vista,Federation Cup U18's; State League 2 Under 18's; State League 2 Reserves; Federation Cup Reserves; U18 Trial Matches; 23 Reserves Trial Matches,28,24,2822,1,3,0,0,0,false
8NOXr48BKZ,2024,Modbury Vista,U18 Trial Matches; Federation Cup U18's; State League 2 Under 18's; State League 2 Reserves,29,23,2062,3,7,0,0,0,false
8NOXr48BKZ,2025,Modbury Vista,Reserves; HPG Homes State League 2 North - Reserves; Federation Cup Reserves; HPG Homes State League 2 North,21,19,1989,0,6,0,0,0,false
8NOXr48BKZ,2026,Modbury Vista,Hahn Australia Cup SA Preliminary Rounds; Federation Cup Reserves; Reserves; Senior Men's Trials; HPG Homes State League 2 North - Reserves; HPG Homes State League 2 North; HPG Homes State League 2 (Seniors) Finals Series,23,23,2049,3,4,0,0,0,false
8NOXr5BBKZ,2023,Eastern United,State League 1 Under 18's; Federation Cup U18's,22,17,2040,1,2,0,0,0,false
8NOXr5BBKZ,2024,Eastern United; West Adelaide,State League 2 Reserves; State League 1 Reserves,10,4,431,0,1,0,0,0,false
8NOXr5BBKZ,2025,Modbury Vista,Reserves; Federation Cup Reserves; HPG Homes State League 2 North - Reserves,4,1,355,0,0,0,0,0,false
8NOXr5BBKZ,2026,Adelaide Blue Eagles,HPG Homes State League 1 Reserves; Federation Cup Reserves,20,18,2010,0,3,0,0,0,false
8NOXr5r2KZ,2023,Eastern United,State League 1 Reserves; Federation Cup Reserves; State League 1; 23 Senior Men's Trial Matches,20,16,1649,0,1,0,0,0,false
8NOXr5r2KZ,2024,Eastern United; West Adelaide,Senior Men's Trial Matches; State League 2 Reserves; State League 2; Federation Cup Reserves; State League 1 Reserves,22,16,1480,1,2,0,0,0,false
8NOXr5r2KZ,2025,Adelaide University,Senior Men's Trials; HPG Homes State League 2 South - Reserves; Australia Cup SA Preliminary Rounds; HPG Homes State League 2 South; HPG Homes State League 2 (Seniors) Final Series; HPG Homes State League 2 (Reserves) Final Series,15,13,1038,2,1,0,0,0,false
8NOXr5r2KZ,2026,Adelaide University,Senior Men's Trials; Hahn Australia Cup SA Preliminary Rounds; HPG Homes State League 2 South,13,11,1283,1,3,0,0,0,false
8NOp29W77K,2023,West Adelaide,Under 14's JPL C; U14 Carl's Junior Boys Cup,20,18,1580,1,0,0,0,0,false
8NOp29W77K,2024,West Adelaide,Under 15 JSL B; Under 15 Trials - No Match Officials; Under 15 JPL B; U15 Carl's Junior Boys Cup,21,18,1600,1,2,0,0,0,false
8NOp29W77K,2025,West Adelaide,Nova Under 17's YPL A Mixed; U16 Carl's Jr. Youth Premier Cup; Nova Under 16's YPL B Mixed,20,16,1505,3,0,0,0,0,false
8NOp29W77K,2026,Vipers FC,Federation Cup U18's; Under 18's; HPG Homes State League 2 South - Under 18's; HPG Homes State League 2 (18s) Final Series,26,18,2130,6,1,0,0,0,false
8NOp2Q0n7K,2026,Plympton FC,Federation Cup Reserves; Reserves; HPG Homes State League 2 South - Reserves; HPG Homes State League 2 South,19,12,1379,2,3,0,0,0,false
8NOpbrzbvK,2024,Adelaide Olympic,Under 13 JPL A; Under 13 JSL A; U13 Carl's Junior Boys Cup,25,25,1965,1,0,0,0,0,true
8NOpbrzbvK,2025,Adelaide Olympic,Nova Under 14's YSL A Mixed; U14 Carl's Jr. Youth State Cup,15,15,1260,0,0,0,0,0,true
8NOpbrzbvK,2026,Adelaide Titans Football Club,U16 Carl's Jr. Youth Premier Cup; Nova Under 16's YPL C South Mixed; HPG Homes State League 2 South - Under 18's,21,21,2020,0,0,0,0,3,true
8NOpbxBzaK,2025,Gawler Eagles,HPG Homes State League 2 North - Reserves,3,3,204,0,1,0,0,0,false
8NOpbxBzaK,2026,Adelaide Cobras,HPG Homes State League 1 Reserves; HPG Homes State League 1,8,6,569,1,3,0,0,0,false
8NOpj2wBaK,2024,Modbury Vista,Under 15 Trials; Under 14 Trials; Under 14 JPL B; Under 14 JSL C,25,23,1945,0,2,0,0,0,false
8NOpj2wBaK,2025,Modbury Vista,Under 15 Trials; Nova Under 15's YPL C Mixed; U15 Carl's Jr. Youth Premier Cup; Nova Under 16's YPL C Mixed,20,15,1395,1,1,0,0,0,false
8NOpj2wBaK,2026,Modbury Vista,Under 16 Trials; Nova Under 16's YPL C North Mixed; U16 Carl's Jr. Youth Premier Cup; HPG Homes State League 2 North - Under 18's; Nova Under 16's YPL C Mixed Finals Series,17,16,1500,2,2,0,0,0,false
8NOpjqxA2K,2024,Cumberland United,Under 16 Trials; Under 16 JPL A; Under 17 JPL A; U16 Carl's Junior Boys Cup,16,9,810,0,0,0,0,0,false
8NOpjqxA2K,2025,Cumberland United,Under 17 Trials; Under 17 Trials - No Match Officials; Nova Under 17's YPL A Mixed; U17 Carl's Jr. Youth Premier Cup,18,17,1570,0,0,0,0,0,false
8NOpjqxA2K,2026,Plympton FC,Federation Cup U18's; Reserves; HPG Homes State League 2 South - Under 18's; HPG Homes State League 2 South - Reserves,16,14,1682,4,1,0,0,0,false
8NOpjy2YaK,2024,Adelaide Croatia Raiders,RAA NPL Reserves; RAA NPL Under 18's; Federation Cup Reserves,29,21,2246,10,2,0,0,0,false
8NOpjy2YaK,2025,Adelaide Croatia Raiders,Reserves; RAA NPL Reserves; Australia Cup SA Preliminary Rounds; RAA NPL; Federation Cup Reserves,34,24,2270,23,2,0,0,0,false
8NOpjy2YaK,2026,Adelaide Croatia Raiders,HPG Homes State League 1; Hahn Australia Cup SA Preliminary Rounds,25,22,2505,6,0,0,0,0,false
8Nq4eWpDjm,2023,Eastern United,State League 1 Under 18's; Federation Cup U18's; State League 1 Reserves; State League 1; 23 Reserves Trial Matches,21,10,1247,0,0,0,0,1,true
8Nq4eWpDjm,2024,Eastern United,State League 2 Under 18's; State League 2 Reserves; Federation Cup U18's; Federation Cup Reserves; State League 2,29,27,2431,0,3,0,0,5,true
8Nq4eWpDjm,2025,Eastern United,Reserves; HPG Homes State League 2 South - Under 18's; HPG Homes State League 2 South - Reserves; Federation Cup U18's; Federation Cup Reserves; HPG Homes State League 2 South,25,13,1147,0,0,0,0,1,true
8Nq4eWpDjm,2026,Eastern United,Federation Cup Reserves; HPG Homes State League 1 Reserves; HPG Homes State League 1,14,10,1025,1,0,0,0,2,true
8Nq51bBAzN,2026,Modbury Jets,HPG Homes State League 1 Reserves; Federation Cup Reserves,20,18,1842,8,0,0,0,0,false
8Nq56wnQJN,2023,Modbury Jets,RAA NPL Reserves; Federation Cup Reserves; RAA NPL,27,24,2472,0,6,3,0,0,false
8Nq56wnQJN,2024,Modbury Jets,Reserves Trial Matches; Senior Men's Trial Matches; RAA NPL Reserves; Federation Cup Reserves; RAA NPL,24,19,1472,0,7,2,0,0,false
8Nq56wnQJN,2025,Modbury Vista,Senior Men's Trials; HPG Homes State League 2 North; Australia Cup SA Preliminary Rounds,14,12,1231,0,4,1,0,0,false
8Nq56wnQJN,2026,Modbury Vista,Hahn Australia Cup SA Preliminary Rounds; Senior Men's Trials; HPG Homes State League 2 North; HPG Homes State League 2 (Seniors) Finals Series,21,20,1973,0,5,2,0,0,false
8Nq58Gx37N,2025,Salisbury United,HPG Homes State League 1 Reserves; Federation Cup Reserves; HPG Homes State League 1,23,20,1981,2,3,1,0,0,false
8Nq58Gx37N,2026,Salisbury United,Hahn Australia Cup SA Preliminary Rounds; HPG Homes State League 1; HPG Homes State League 1 Reserves,20,17,2081,0,3,0,0,0,false
8Nq58lwYjN,2026,Adelaide Cobras,Nova Under 16's YPL A Mixed; U16 Carl's Jr. Youth Premier Cup; HPG Homes State League 1 Under 18's,24,19,1855,3,1,0,0,0,false
8Nq5ArpgJN,2026,Adelaide Titans Football Club,Nova Under 16's YPL C South Mixed; HPG Homes State League 2 South - Under 18's,17,12,1190,0,0,0,0,0,false
8Nq5DMp38N,2026,Adelaide Titans Football Club,HPG Homes State League 2 South - Reserves; HPG Homes State League 2 South,14,10,1181,3,0,0,0,0,false
8Nq5Dn41gN,2026,Angle Vale,HPG Homes State League 2 North - Under 18's,2,1,90,0,0,0,0,0,false
8Nq5EeQ3nN,2025,Adelaide Hills Hawks,Nova Under 15's YPL C Mixed,7,7,665,0,0,0,0,0,false
8Nq5EeQ3nN,2026,Adelaide University,Under 16 Trials; Under 18's; Nova Under 16's YPL C South Mixed; U16 Carl's Jr. Youth Premier Cup; HPG Homes State League 2 South - Under 18's; Nova Under 16's YPL C Mixed Finals Series,31,17,1590,4,1,0,0,0,false
8Nq5Z1rOnN,2026,Noarlunga United,Hahn Australia Cup SA Preliminary Rounds; HPG Homes State League 2 South; HPG Homes State League 2 South - Reserves; Senior Men's Trials,16,5,978,1,1,0,0,0,false
8Nq5Z4jngN,2023,Modbury Vista,Federation Cup U18's; Federation Cup Reserves; State League 2 Under 18's; State League 2 Reserves; Under 16's JSL B; U18 Trial Matches; 23 Reserves Trial Matches; 23 Senior Men's Trial Matches,29,23,2552,0,0,0,0,1,true
8Nq5Z4jngN,2024,Modbury Vista,U18 Trial Matches; Senior Men's Trial Matches; Reserves Trial Matches; Australia Cup SA Preliminary Rounds; Federation Cup U18's; State League 2 Under 18's; State League 2 Reserves; State League 2; Federation Cup Reserves; Under 17 JPL B,37,30,2585,0,0,0,0,9,true
8Nq5Z4jngN,2025,Modbury Vista,Reserves; Senior Men's Trials; HPG Homes State League 2 North; HPG Homes State League 2 North - Reserves; Australia Cup SA Preliminary Rounds; Federation Cup Reserves; HPG Homes State League 2 (Seniors) Final Series,26,25,2821,0,4,1,0,7,true
8Nq5Z4jngN,2026,Modbury Vista,Hahn Australia Cup SA Preliminary Rounds; Federation Cup Reserves; Reserves; Senior Men's Trials; HPG Homes State League 2 North - Reserves; HPG Homes State League 2 North; HPG Homes State League 2 (Seniors) Finals Series; HPG Homes State League 2 (Reserves) Final Series,21,21,1934,0,2,0,0,4,true
8Nq5ZGBYaN,2026,Angle Vale; Gawler Eagles,Federation Cup U18's; Reserves; HPG Homes State League 2 North - Under 18's,18,12,1110,1,0,0,0,0,false
8Nq5ZGvnyN,2026,Western Strikers,Federation Cup U18's; HPG Homes State League 2 South - Under 18's; HPG Homes State League 2 (18s) Final Series,19,9,1080,6,2,0,0,0,false
8Nq5ZGzJ8N,2026,Fulham United,HPG Homes State League 1 Under 18's; Federation Cup U18's,18,5,600,0,1,0,0,0,false
8Nq5ZJEbjN,2026,Gawler Eagles,Under 16 Trials; U16 Carl's Jr. Youth Premier Cup; Nova Under 16's YPL C North Mixed; HPG Homes State League 2 North - Under 18's,17,9,855,0,0,0,0,0,false
8Nq5ZMow7N,2026,Adelaide University,Hahn Australia Cup SA Preliminary Rounds; HPG Homes State League 2 South,19,18,1448,1,0,0,0,0,false
8Nq5Zl8oyN,2026,Pontian Eagles,Federation Cup Reserves; HPG Homes State League 2 North - Reserves; HPG Homes State League 2 (Reserves) Final Series,19,9,1056,12,1,0,0,0,false
8Nq5ZlrqjN,2026,Port Adelaide; Para Hills Knights,Hahn Australia Cup SA Preliminary Rounds; Senior Men's Trials; HPG Homes State League 2 North; HPG Homes State League 2 North - Reserves; RAA NPL; RAA NPL Reserves,22,20,1796,1,1,0,0,0,false
8Nq5ZqyEjN,2026,Elizabeth Downs Soccer Club,Federation Cup U18's; Federation Cup Reserves; HPG Homes State League 2 North - Reserves; HPG Homes State League 2 North - Under 18's,28,18,1880,1,0,0,0,0,false
8Nq5r8AWgN,2025,Gawler Eagles,Reserves; HPG Homes State League 2 North - Reserves; Federation Cup Reserves; HPG Homes State League 2 North,23,20,1807,0,6,1,0,0,false
8Nq5r8AWgN,2026,Gawler Eagles,Federation Cup Reserves; HPG Homes State League 2 North - Reserves; HPG Homes State League 2 North,18,15,1310,0,3,0,0,0,false
8Nq5r8YAQN,2025,Mount Barker United,Federation Cup U18's; HPG Homes State League 2 South - Under 18's,20,19,1740,0,1,0,0,0,false
8Nq5r8YAQN,2026,Mount Barker United,Federation Cup U18's; Under 18's; HPG Homes State League 2 South - Under 18's,16,13,1530,0,2,0,0,0,false
8Nq5rMGY5N,2025,Port Adelaide,HPG Homes State League 2 North - Reserves; Federation Cup Reserves,12,7,877,3,0,1,0,0,false
8Nq5rMGY5N,2026,Port Adelaide,HPG Homes State League 2 North - Reserves; Senior Men's Trials; HPG Homes State League 2 (Reserves) Final Series,19,16,1338,7,0,0,0,0,false
8Nq5rbevgN,2025,Salisbury United,Nova Under 15's YPL C Mixed; U15 Carl's Jr. Youth Premier Cup; Nova Under 16's YPL C Mixed,23,18,1695,1,0,0,0,0,false
8Nq5rbevgN,2026,Salisbury United,Nova Under 16's YPL B Mixed; U16 Carl's Jr. Youth Premier Cup; HPG Homes State League 1 Under 18's,27,25,2375,0,2,0,0,0,false
8Nq7GQzgd9,2023,Adelaide Hills Hawks,Under 14 Trials; Under 14's JPL B; U14 Carl's Junior Boys Cup,20,12,1020,0,0,0,0,0,false
8Nq7GQzgd9,2024,Adelaide Hills Hawks,Under 15 Trials; Under 15 JPL B; U15 Carl's Junior Boys Cup,19,17,1505,0,0,0,0,0,true
8Nq7GQzgd9,2025,Adelaide Hills Hawks,HPG Homes State League 2 South - Under 18's; Nova Under 16's YPL C Mixed; U16 Carl's Jr. Youth Premier Cup,22,16,1490,5,0,0,0,0,false
8Nq7GQzgd9,2026,Adelaide Hills Hawks,Federation Cup U18's; HPG Homes State League 2 South - Under 18's; HPG Homes State League 2 South - Reserves; HPG Homes State League 2 (18s) Final Series,26,21,2725,2,1,0,0,0,false
8Nq7OVejd9,2023,Cove FC,Under 16's JPL B; U16 Carl's Junior Boys Cup; U17 Carl's Junior Boys Cup; Under 16's JSL A; U18 Trial Matches,21,18,1620,0,0,0,0,0,false
8Nq7OVejd9,2024,Cove FC,Under 17 JPL A; Under 17 JPL C; U17 Carl's Junior Boys Cup,13,7,620,0,0,0,0,0,false
8Nq7OVejd9,2025,Noarlunga United,Under 18's; HPG Homes State League 2 South - Under 18's; Federation Cup U18's; HPG Homes State League 2 South - Reserves,14,6,614,0,0,0,0,0,false
8Nq7OVejd9,2026,Noarlunga United,Federation Cup Reserves; HPG Homes State League 2 South - Reserves; HPG Homes State League 2 (Reserves) Final Series,16,4,828,0,0,0,0,0,false
8Nq7ewoyd9,2023,Sturt Lions,RAA NPL Under 18's; Federation Cup U18's,23,19,2250,1,5,2,0,0,false
8Nq7ewoyd9,2024,Sturt Lions,Reserves Trial Matches; State League 1 Reserves; Federation Cup Reserves; State League 1 Under 18's,18,7,811,2,2,0,0,0,false
8Nq7ewoyd9,2025,Sturt Lions,Federation Cup Reserves; HPG Homes State League 1 Reserves; Senior Men's Trials,24,17,1815,1,4,0,0,0,false
8Nq7ewoyd9,2026,Noarlunga United,Federation Cup Reserves; HPG Homes State League 2 South; Hahn Australia Cup SA Preliminary Rounds,13,7,847,1,0,0,0,0,false
8Nq7jGqQd9,2023,Elizabeth Grove,Australia Cup SA Preliminary Rounds,1,1,120,0,0,0,0,0,false
8Nq7jGqQd9,2025,Elizabeth Grove,Senior Men's Trials; HPG Homes State League 2 North; Australia Cup SA Preliminary Rounds,23,22,2102,4,2,0,0,0,false
8Nq7jGqQd9,2026,Elizabeth Grove,Hahn Australia Cup SA Preliminary Rounds; HPG Homes State League 2 North,5,4,385,0,1,0,0,0,false
8Nq7jgD5d9,2023,MetroStars,Under 14's JPL A; U14 Carl's Junior Boys Cup,23,21,1830,3,2,0,0,0,false
8Nq7jgD5d9,2024,MetroStars,Under 15 Trials; Under 15 JPL A; U15 Carl's Junior Boys Cup,23,19,1790,3,3,0,0,0,false
8Nq7jgD5d9,2025,Adelaide Croatia Raiders,Under 18's; RAA NPL Under 18's; Federation Cup U18's; RAA NPL Reserves,27,24,2328,3,5,0,0,0,false
8Nq7jgD5d9,2026,Adelaide Croatia Raiders,HPG Homes State League 1 Reserves; Federation Cup Reserves,21,19,2038,3,2,1,0,0,false
8Nq7jvZJd9,2023,Adelaide City; Adelaide Croatia Raiders,RAA NPL; Australia Cup SA Preliminary Rounds; State League 1,20,16,689,8,4,0,0,0,false
8Nq7jvZJd9,2024,Adelaide Comets,Senior Men's Trial Matches; RAA NPL; Australia Cup SA Preliminary Rounds,22,8,807,1,0,0,0,0,false
8Nq7jvZJd9,2025,Para Hills Knights; Vipers FC,Senior Men's Trials; RAA NPL; Australia Cup SA Preliminary Rounds; HPG Homes State League 1,22,16,1384,0,1,0,0,0,false
8Nq7jvZJd9,2026,Adelaide Cobras,Hahn Australia Cup SA Preliminary Rounds; HPG Homes State League 1,27,22,2302,5,2,0,0,0,false
8Nq7kRDJd9,2023,Playford City,State League 1 Reserves; Federation Cup Reserves,25,23,2737,1,1,1,0,0,false
8Nq7kRDJd9,2024,Adelaide Olympic,Reserves Trial Matches; RAA NPL Reserves; Federation Cup Reserves,18,17,1433,1,1,0,0,0,false
8Nq7kRDJd9,2025,Pontian Eagles,HPG Homes State League 1; HPG Homes State League 1 Reserves; Australia Cup SA Preliminary Rounds,9,5,396,0,1,0,0,0,false
8Nq7kRDJd9,2026,Adelaide Cobras,HPG Homes State League 1 Reserves; Federation Cup Reserves; Hahn Australia Cup SA Preliminary Rounds; HPG Homes State League 1,15,9,1084,4,4,0,0,0,false
8Nq7lo65d9,2023,MetroStars,RAA NPL; Australia Cup SA Preliminary Rounds,4,2,120,0,0,0,0,2,true
8Nq7lo65d9,2024,Cove FC,Senior Men's Trial Matches; Australia Cup SA Preliminary Rounds; State League 2,8,8,600,0,0,0,0,2,true
8Nq7lo65d9,2025,Cove FC,HPG Homes State League 1; Australia Cup SA Preliminary Rounds,20,20,1756,0,0,0,0,6,true
8Nq7lo65d9,2026,Seaford Rangers,HPG Homes State League 2 South,0,0,0,0,0,0,0,0,false
8Nq7low8d9,2023,MetroStars,RAA NPL; Australia Cup SA Preliminary Rounds; 23 Senior Men's Trial Matches,26,18,97,4,6,1,0,0,false
8Nq7low8d9,2024,MetroStars,RAA NPL,16,13,1116,0,1,1,0,0,false
8Nq7low8d9,2025,MetroStars,RAA NPL; Australia Cup SA Preliminary Rounds,21,17,1729,3,4,0,0,0,false
8Nq7low8d9,2026,Adelaide Croatia Raiders,HPG Homes State League 1,8,7,850,0,2,0,0,0,false
8Nq7n5j8d9,2023,Mount Barker United,Australia Cup SA Preliminary Rounds; State League 2,8,8,370,2,0,0,0,0,false
8Nq7n5j8d9,2024,FK Beograd,Reserves Trial Matches; Senior Men's Trial Matches,6,4,90,1,0,0,0,0,false
8Nq7n5j8d9,2025,Fulham United,Reserves; HPG Homes State League 1 Reserves,11,6,475,5,0,0,0,0,false
8Nq7n5j8d9,2026,Fulham United,HPG Homes State League 1 Reserves; HPG Homes State League 1; Hahn Australia Cup SA Preliminary Rounds; Senior Men's Trials,23,12,1685,2,2,0,0,0,false
8Nq7oGxQd9,2023,Northern Demons,Under 14's JPL C; U14 Carl's Junior Boys Cup; Under 15's JPL B,21,16,1440,6,1,0,0,0,false
8Nq7oGxQd9,2024,Northern Demons,State League 2 Under 18's; Under 15 JPL C; U15 Carl's Junior Boys Cup,29,20,1780,4,0,0,0,0,false
8Nq7oGxQd9,2025,Northern Demons,HPG Homes State League 2 North - Under 18's; Nova Under 15's YSL C Mixed; U15 Carl's Jr. Youth State Cup; HPG Homes State League 2 North - Reserves,36,25,2343,44,2,0,0,0,false
8Nq7oGxQd9,2026,Northern Demons,Federation Cup U18's; HPG Homes State League 2 North - Under 18's; HPG Homes State League 2 North; HPG Homes State League 2 North - Reserves,25,19,1802,15,0,0,0,0,false
8Nqp0qbJm9,2023,South Adelaide,Under 13's JSL A; U13 Carl's Junior Boys Cup; Under 13's JPL A; Under 14's JDL Mixed,26,20,1590,1,1,0,0,0,false
8Nqp0qbJm9,2024,South Adelaide,Under 14 Trials - No Match Officials; Under 14 Trials; Under 14 JPL A; U14 Carl's Junior Boys Cup; Under 14 JSL B; Under 15 JPL A,31,28,2395,1,4,0,0,0,true
8Nqp0qbJm9,2025,Cumberland United,Under 15 Trials; Nova Under 15's YPL A Mixed; Nova Under 16's YPL A Mixed; U15 Carl's Jr. Youth Premier Cup,30,19,1855,1,3,0,0,0,false
8Nqp0qbJm9,2026,Cumberland United,Nova Under 16's YPL A Mixed; Under 18's; U16 Carl's Jr. Youth Premier Cup,27,24,2275,1,3,0,0,0,false
8Nqpq4pJm9,2023,Salisbury Inter,Under 15's JSL B; U15 Carl's Junior Boys Cup; Under 15's JSL A,32,21,1880,4,2,0,0,1,true
8Nqpq4pJm9,2024,Para Hills Knights,Under 15 Trials - No Match Officials; Under 15 JSL A; Under 16 JPL A; U15 Carl's Junior Boys Cup,28,26,2320,22,3,0,0,0,false
8Nqpq4pJm9,2025,Adelaide Olympic,Nova Under 16's YPL A Mixed; U16 Carl's Jr. Youth Premier Cup,25,25,2330,1,1,0,0,0,false
8Nqpq4pJm9,2026,Salisbury Inter,Federation Cup U18's; Federation Cup Reserves; HPG Homes State League 2 North - Under 18's; HPG Homes State League 2 North - Reserves,5,4,357,0,1,0,0,0,false
8NqpqEPzm9,2023,Adelaide Olympic,Under 13's JPL B; U13 Carl's Junior Boys Cup,24,20,1650,6,0,0,0,0,false
8NqpqEPzm9,2024,Adelaide Olympic,Reserves WNPL & WSL Trials; Under 14 JPL B; U14 Carl's Junior Boys Cup; Under 15 JPL A,27,17,1510,23,0,0,0,0,false
8NqpqEPzm9,2025,Adelaide Olympic,Under 15 Trials; Nova Under 15's YPL A Mixed; U15 Carl's Jr. Youth Premier Cup,21,12,1125,8,0,0,0,0,false
8NqpqEPzm9,2026,Adelaide Cobras,HPG Homes State League 1 Under 18's; HPG Homes State League 1 Reserves; Nova Under 16's YPL A Mixed; Federation Cup U18's,38,32,3515,8,2,0,0,0,false
8dnE3258Kw,2023,Ghan United; West Adelaide,Australia Cup SA Preliminary Rounds; RAA NPL Reserves; RAA NPL,9,8,552,3,1,0,0,0,false
8dnE3258Kw,2024,Pitbulls Football Club,Australia Cup SA Preliminary Rounds,1,1,120,0,0,0,0,0,false
8dnE3258Kw,2025,Ghan United,Senior Men's Trials; HPG Homes State League 2 North; Australia Cup SA Preliminary Rounds,20,16,1379,2,3,0,0,0,false
8dnE3258Kw,2026,Ghan United,Hahn Australia Cup SA Preliminary Rounds; Senior Men's Trials; HPG Homes State League 2 South; HPG Homes State League 2 (Seniors) Finals Series,18,13,1310,5,4,0,0,0,false
8dnE3DrvKw,2023,Noarlunga United,State League 2 Reserves; State League 2; Australia Cup SA Preliminary Rounds,4,2,228,0,0,0,0,0,false
8dnE3DrvKw,2024,Noarlunga United,Senior Men's Trial Matches; State League 2,9,8,602,1,2,0,0,0,false
8dnE3DrvKw,2025,Noarlunga United,Senior Men's Trials; HPG Homes State League 2 South; Australia Cup SA Preliminary Rounds,23,22,2026,1,5,0,0,0,false
8dnE3DrvKw,2026,Adelaide Titans Football Club,Hahn Australia Cup SA Preliminary Rounds; Senior Men's Trials; HPG Homes State League 2 South,18,17,1962,0,6,0,0,0,false
8dnE3MM8Kw,2023,Modbury Jets,RAA NPL Reserves; Federation Cup Reserves,27,26,2969,5,1,0,0,0,false
8dnE3MM8Kw,2024,Playford City,Senior Men's Trial Matches; Australia Cup SA Preliminary Rounds; State League 1; State League 1 Reserves; Federation Cup Reserves,38,19,1675,1,2,0,0,0,false
8dnE3MM8Kw,2025,Salisbury Inter,Reserves; Senior Men's Trials; HPG Homes State League 2 North; Australia Cup SA Preliminary Rounds; HPG Homes State League 2 (Seniors) Final Series,24,20,2031,0,1,0,0,0,false
8dnE3MM8Kw,2026,Salisbury Inter,Hahn Australia Cup SA Preliminary Rounds; Senior Men's Trials; HPG Homes State League 2 North; HPG Homes State League 2 (Seniors) Finals Series,23,23,2141,0,3,0,0,0,false
8dnEGEWoKw,2023,Eastern United,Australia Cup SA Preliminary Rounds; State League 1; 23 Senior Men's Trial Matches,26,23,443,0,6,0,0,0,false
8dnEGEWoKw,2024,Eastern United,Senior Men's Trial Matches; Australia Cup SA Preliminary Rounds; State League 2,10,6,720,0,0,0,0,0,false
8dnEGEWoKw,2025,Eastern United,HPG Homes State League 2 South; Australia Cup SA Preliminary Rounds; HPG Homes State League 2 (Seniors) Final Series,23,23,2113,1,4,0,0,0,false
8dnEGEWoKw,2026,Eastern United,Hahn Australia Cup SA Preliminary Rounds; HPG Homes State League 1; Senior Men's Trials,24,24,2776,0,0,0,0,0,false
8dnEGYM8Kw,2023,WT Birkalla,Australia Cup SA Preliminary Rounds; State League 1; State League 1 Reserves,21,13,925,0,0,0,0,0,false
8dnEGYM8Kw,2024,WT Birkalla,State League 1 Reserves; State League 1,10,5,429,0,1,0,0,0,false
8dnEGYM8Kw,2025,Seaford Rangers,Senior Men's Trials; HPG Homes State League 2 South; Australia Cup SA Preliminary Rounds; HPG Homes State League 2 (Seniors) Final Series,23,19,1624,9,3,0,0,0,false
8dnEGYM8Kw,2026,Seaford Rangers,Hahn Australia Cup SA Preliminary Rounds; Senior Men's Trials; HPG Homes State League 2 South; HPG Homes State League 2 (Seniors) Finals Series,22,21,1888,6,0,0,0,0,false
8dnEObXeKw,2024,Unley United Soccer Club,Australia Cup SA Preliminary Rounds,1,0,48,0,0,0,0,0,false
8dnEObXeKw,2025,Ghan United,Senior Men's Trials; Reserves; HPG Homes State League 2 North - Reserves; Federation Cup Reserves; HPG Homes State League 2 (Reserves) Final Series,26,24,1938,1,2,1,0,0,false
8dnEObXeKw,2026,Adelaide Hills Hawks,Hahn Australia Cup SA Preliminary Rounds; Senior Men's Trials; HPG Homes State League 2 South; HPG Homes State League 2 South - Reserves,20,18,1889,0,4,0,0,0,false
8dnEX7MpKw,2023,Port Adelaide,State League 1 Reserves; Federation Cup Reserves; Reserves,22,17,1523,1,3,0,0,0,false
8dnEX7MpKw,2024,Port Adelaide,Reserves Trial Matches; Senior Men's Trial Matches; Federation Cup Reserves; State League 2 Reserves; State League 2,24,20,1734,1,2,0,0,0,false
8dnEX7MpKw,2025,Port Adelaide,HPG Homes State League 2 North - Reserves,6,3,305,0,0,0,0,0,false
8dnEX7MpKw,2026,Adelaide Titans Football Club,HPG Homes State League 2 South - Reserves,17,15,1707,1,4,1,0,0,false
8dnEZrk8Kw,2023,Adelaide Cobras,Under 15's JPL A,12,5,450,3,1,0,0,0,false
8dnEZrk8Kw,2024,Adelaide Cobras,Under 17 Trials; Under 16 Trials - No Match Officials; Under 16 JPL A; U16 Carl's Junior Boys Cup,22,21,1780,2,2,0,0,0,false
8dnEZrk8Kw,2026,Fulham United,HPG Homes State League 1 Under 18's; HPG Homes State League 1 Reserves; Federation Cup U18's,21,14,1769,6,2,0,0,0,false
8dnEbkbvKw,2023,Gawler Eagles,Australia Cup SA Preliminary Rounds; State League 2; 23 Senior Men's Trial Matches,25,20,259,0,1,0,0,0,false
8dnEbkbvKw,2024,Gawler Eagles,Senior Men's Trial Matches; Australia Cup SA Preliminary Rounds; State League 2,26,26,2040,0,3,0,0,0,false
8dnEbkbvKw,2025,Gawler Eagles,Senior Men's Trials; HPG Homes State League 2 North; Australia Cup SA Preliminary Rounds; HPG Homes State League 2 (Seniors) Final Series,24,18,1675,0,1,0,0,0,false
8dnEbkbvKw,2026,Gawler Eagles,Hahn Australia Cup SA Preliminary Rounds; Senior Men's Trials; HPG Homes State League 2 North,11,10,825,0,1,0,0,0,false
8dnEnQ2eKw,2023,West Adelaide,RAA NPL Under 18's; RAA NPL Reserves,16,14,1728,0,1,0,0,0,false
8dnEnQ2eKw,2024,West Adelaide,State League 1 Reserves; Federation Cup Reserves; Australia Cup SA Preliminary Rounds; State League 1,23,14,1560,0,0,0,0,0,false
8dnEnQ2eKw,2025,West Adelaide; Pontian Eagles,Reserves; HPG Homes State League 1 Reserves; Federation Cup Reserves; HPG Homes State League 1,23,17,1654,0,3,0,0,0,false
8dnEnQ2eKw,2026,Adelaide Cobras,HPG Homes State League 1 Reserves; Federation Cup Reserves,21,20,2421,1,0,0,0,0,false
8dnEnX7VKw,2023,Cumberland United,U12 Carl's Junior Boys Cup; Under 12's JSL Green; Under 12 JSL B,19,15,1050,0,1,0,0,0,false
8dnEnX7VKw,2024,Cumberland United,Under 13 Trials - No Match Officials; Under 13 Trials; Under 13 JSL A; U13 Carl's Junior Boys Cup,27,17,1350,4,0,0,0,0,false
8dnEnX7VKw,2025,Cumberland United,Under 14 Trials; Nova Under 14's YSL A Mixed; U14 Carl's Jr. Youth State Cup; Nova Under 15's YSL A Mixed,28,21,1760,1,0,0,0,0,false
8dnEnX7VKw,2026,Adelaide Titans Football Club,U16 Carl's Jr. Youth Premier Cup; Nova Under 16's YPL C South Mixed; HPG Homes State League 2 South - Under 18's,28,23,2260,0,0,0,0,0,false
8dnEnjjeKw,2026,Ghan United,Federation Cup Reserves; HPG Homes State League 2 South - Reserves,5,5,499,0,2,0,0,0,false
8dnR56eopd,2025,Eastern United,HPG Homes State League 2 South; Australia Cup SA Preliminary Rounds; HPG Homes State League 2 (Seniors) Final Series,22,20,1659,9,2,1,0,0,false
8dnR56eopd,2026,Eastern United,Hahn Australia Cup SA Preliminary Rounds; HPG Homes State League 1,11,8,949,3,3,0,0,0,false
8dnR57qe0d,2025,Ghan United,HPG Homes State League 2 North - Reserves; Federation Cup Reserves; HPG Homes State League 2 North; HPG Homes State League 2 (Reserves) Final Series,23,19,1587,0,4,1,0,0,false
8dnR57qe0d,2026,Ghan United,Federation Cup Reserves; Senior Men's Trials; HPG Homes State League 2 South - Reserves; HPG Homes State League 2 South,13,12,1441,0,5,1,0,0,false
8dnR5LQDVd,2023,WT Birkalla,Australia Cup SA Preliminary Rounds; State League 1,29,28,1296,3,5,0,0,0,false
8dnR5LQDVd,2024,WT Birkalla,Senior Men's Trial Matches; Australia Cup SA Preliminary Rounds; State League 1,27,23,2021,10,4,0,0,0,false
8dnR5LQDVd,2025,Playford City,Senior Men's Trials; RAA NPL; Australia Cup SA Preliminary Rounds,23,15,1366,2,4,1,0,0,false
8dnR5LQDVd,2026,Playford City; Adelaide Cobras,Hahn Australia Cup SA Preliminary Rounds; RAA NPL; RAA NPL Reserves; HPG Homes State League 1,13,7,945,0,0,0,0,0,false
8dnR5LgA4d,2025,Salisbury United,HPG Homes State League 1 Under 18's; Federation Cup U18's,22,14,1290,2,5,0,0,0,false
8dnR5LgA4d,2026,Salisbury United,HPG Homes State League 1 Under 18's; Federation Cup Reserves; HPG Homes State League 1 Reserves,22,15,1878,2,5,0,0,0,false
8dnR5Rp7od,2023,Adelaide Victory; Gawler Eagles,Australia Cup SA Preliminary Rounds; State League 1; State League 1 Reserves; 23 Senior Men's Trial Matches,24,19,1963,1,3,1,0,0,false
8dnR5Rp7od,2024,,,0,0,0,0,0,0,0,0,false
8dnR5Rp7od,2025,Gawler Eagles,Senior Men's Trials; HPG Homes State League 2 North; Australia Cup SA Preliminary Rounds; HPG Homes State League 2 (Seniors) Final Series,27,24,2228,4,2,0,0,0,false
8dnR5Rp7od,2026,Gawler Eagles,Hahn Australia Cup SA Preliminary Rounds; Senior Men's Trials; HPG Homes State League 2 North,5,3,266,1,0,0,0,0,false
8dnR5WjMvd,2025,Para Hills East,Nova Under 14's YSL C Mixed; U14 Carl's Jr. Youth State Cup,23,20,1680,44,0,0,0,0,false
8dnR5WjMvd,2026,Elizabeth Grove; Modbury Jets,Under 16 Trials; U16 Carl's Jr. Youth Premier Cup; Nova Under 16's YPL C North Mixed; HPG Homes State League 2 North - Under 18's; Under 16's YSL Mixed; Under 16 YSL Mixed Top Half,18,10,910,17,0,0,0,0,false
8dnR5g0Ppd,2025,Western Strikers,HPG Homes State League 2 South; Australia Cup SA Preliminary Rounds; HPG Homes State League 2 (Seniors) Final Series,24,23,2110,4,2,0,0,0,false
8dnR5g0Ppd,2026,Pontian Eagles,Hahn Australia Cup SA Preliminary Rounds; Senior Men's Trials; HPG Homes State League 2 North; HPG Homes State League 2 (Seniors) Finals Series,21,21,1855,3,2,1,0,0,false
8dnR5gM90d,2025,Elizabeth Downs Soccer Club,Australia Cup SA Preliminary Rounds,1,1,64,0,0,0,0,0,false
8dnR5gM90d,2026,Elizabeth Downs Soccer Club,Hahn Australia Cup SA Preliminary Rounds; HPG Homes State League 2 North - Reserves; HPG Homes State League 2 North; HPG Homes State League 2 (Seniors) Finals Series,22,21,1959,0,9,0,0,0,false
8dnR5poYVd,2025,Cove FC,Under 18's; HPG Homes State League 1 Under 18's; Federation Cup U18's; HPG Homes State League 1 Reserves,28,25,2347,1,4,0,0,0,false
8dnR5poYVd,2026,Noarlunga United,HPG Homes State League 2 South - Reserves; Federation Cup Reserves; HPG Homes State League 2 (Reserves) Final Series,18,9,1226,0,2,0,0,0,false
8dnR5poYod,2025,Cove FC,Reserves; HPG Homes State League 1 Reserves; Federation Cup Reserves,22,18,1564,3,5,1,0,0,false
8dnR5poYod,2026,Cove FC,Hahn Australia Cup SA Preliminary Rounds; HPG Homes State League 1; HPG Homes State League 1 Reserves; Senior Men's Trials,22,16,2096,7,6,1,0,0,false
8dnR6e5XMd,2026,Adelaide Titans Football Club,HPG Homes State League 2 South - Reserves,0,0,0,0,0,0,0,0,false
8dnR7q09rd,2023,Salisbury United,Federation Cup U18's; State League 2 Under 18's; Federation Cup Reserves; State League 2 Reserves; State League 2,36,25,3318,12,3,0,0,0,false
8dnR7q09rd,2024,Salisbury United,Reserves Trial Matches; State League 1 Reserves; Federation Cup Reserves; State League 1,29,22,1672,4,0,0,0,0,false
8dnR7q09rd,2025,Salisbury United,Senior Men's Trials; Reserves; HPG Homes State League 1 Reserves; Federation Cup Reserves,29,29,2601,4,1,0,0,0,false
8dnR7q09rd,2026,Elizabeth Grove; Angle Vale,Hahn Australia Cup SA Preliminary Rounds; Senior Men's Trials; HPG Homes State League 2 North; HPG Homes State League 2 North - Reserves,20,18,1570,7,0,0,0,0,false
8dnR9YEZ8d,2023,Barossa United,Under 14's JSL B; U14 Carl's Junior Boys Cup,21,10,800,1,0,0,0,0,false
8dnR9YEZ8d,2024,Barossa United,Under 14 JSL C,15,12,960,6,1,0,0,0,false
8dnR9YEZ8d,2025,Barossa United,Nova Under 15's YSL C Mixed; U15 Carl's Jr. Youth State Cup,21,21,1995,1,1,0,0,0,true
8dnR9YEZ8d,2026,Barossa United,Federation Cup U18's; HPG Homes State League 2 North - Under 18's; HPG Homes State League 2 North - Reserves,21,19,1771,0,0,0,0,0,false
8dnR9aaDVd,2026,Plympton FC,Senior Men's Trials; HPG Homes State League 2 South,11,9,948,3,1,0,0,0,false
8dnRL8QXed,2026,Northern Demons,Federation Cup U18's; HPG Homes State League 2 North - Under 18's; HPG Homes State League 2 North - Reserves,23,19,1822,2,0,0,0,0,false
8dnRrMPp8d,2026,Para Hills Knights; Modbury Vista,RAA NPL; RAA NPL Reserves; Hahn Australia Cup SA Preliminary Rounds; HPG Homes State League 2 North; HPG Homes State League 2 (Seniors) Finals Series,20,10,1054,4,4,0,0,0,false
8dnRrMxArd,2024,FK Beograd,U18 Trial Matches; Reserves Trial Matches; RAA NPL Under 18's; Federation Cup U18's; Federation Cup Reserves,32,17,1080,0,0,0,0,0,false
8dnRrMxArd,2025,Adelaide Atletico VSC,Reserves; HPG Homes State League 2 North - Reserves; Federation Cup Reserves; HPG Homes State League 2 (Reserves) Final Series,21,3,718,5,0,0,0,0,false
8dnRrMxArd,2026,Mount Barker United,HPG Homes State League 2 South - Reserves,7,0,292,1,0,0,0,0,false
8dnRrQ5LMd,2024,Northern Demons,State League 2 Under 18's; Under 15 JPL C,6,6,540,0,0,0,0,0,true
8dnRrQ5LMd,2025,WT Birkalla; Cumberland United,Under 15 Trials; Nova Under 15's YSL A Mixed; Nova Under 16's YSL A Mixed; Nova Under 15's YPL A Mixed; Nova Under 16's YPL A Mixed,23,22,2170,0,1,0,0,1,true
8dnRrQ5LMd,2026,Cumberland United,Nova Under 16's YPL A Mixed; Under 18's; U16 Carl's Jr. Youth Premier Cup; HPG Homes State League 1 Under 18's,27,25,2370,0,1,1,0,5,true
8dnRrQ5z4d,2026,Adelaide Cobras,HPG Homes State League 1 Reserves; Federation Cup Reserves,20,20,2251,0,2,1,0,0,false
8dnRrQE80d,2026,Gawler Eagles,Federation Cup U18's; Under 18's; HPG Homes State League 2 North - Under 18's; Federation Cup Reserves; HPG Homes State League 2 North - Reserves,24,19,1807,1,0,0,0,0,false
8dnRrQwXed,2026,Port Adelaide,Under 18's; Nova Under 15's YPL B Mixed; Nova Under 16's YPL B Mixed; HPG Homes State League 2 North - Under 18's,38,32,3030,4,0,0,0,0,false
8dnRrWOQod,2026,Elizabeth Downs Soccer Club,Senior Men's Trials; Federation Cup Reserves; HPG Homes State League 2 North - Reserves; HPG Homes State League 2 North; HPG Homes State League 2 (Seniors) Finals Series,19,12,1050,4,6,1,0,0,false
8dnRrWVXpd,2026,Pontian Eagles,HPG Homes State League 2 North - Under 18's; Nova Under 16's YPL C North Mixed,22,12,1105,1,3,1,0,0,false
8dnRranJMd,2026,Adelaide Olympic,HPG Homes State League 1 Reserves; HPG Homes State League 1 Under 18's; Federation Cup Reserves; HPG Homes State League 1,23,20,2341,0,3,0,0,0,false
8dnRranerd,2026,Adelaide Olympic,HPG Homes State League 1 Under 18's; Federation Cup U18's,17,17,2040,4,1,0,0,0,false
8dnRrgL9yd,2023,Adelaide Victory,Australia Cup SA Preliminary Rounds; State League 1; 23 Senior Men's Trial Matches,22,20,698,11,5,0,0,0,false
8dnRrgL9yd,2024,Adelaide Victory; Adelaide Cobras,Senior Men's Trial Matches; State League 1; Australia Cup SA Preliminary Rounds; Senior Men's Trials,18,8,813,3,2,0,0,0,false
8dnRrgL9yd,2025,Adelaide Olympic,Australia Cup SA Preliminary Rounds; HPG Homes State League 1,2,0,65,1,0,0,0,0,false
8dnRrgL9yd,2026,Western Strikers,Hahn Australia Cup SA Preliminary Rounds; HPG Homes State League 2 South; HPG Homes State League 2 (Seniors) Finals Series,22,22,1878,17,6,1,0,0,false
8dnRrgeG0d,2023,Western Strikers,Under 15's JPL B; State League 2 Under 18's; U15 Carl's Junior Boys Cup; U15 JPL B - Top Half,19,11,990,2,0,0,0,0,false
8dnRrgeG0d,2024,Western Strikers,Under 16 JPL B; U16 Carl's Junior Boys Cup,26,25,2220,2,0,0,0,0,true
8dnRrgeG0d,2025,Western Strikers,Under 18's; Federation Cup U18's; HPG Homes State League 2 South - Under 18's; HPG Homes State League 2 South - Reserves,18,13,1204,4,0,1,0,0,false
8dnRrgeG0d,2026,Western Strikers,Federation Cup U18's,0,0,0,0,0,0,0,0,false
8dnRrlvPvd,2026,Salisbury Inter,Under 17's B Mixed; U17 Carl's Jr. Youth Premier Cup; HPG Homes State League 2 North - Under 18's,23,23,2180,0,0,0,0,1,true
8dnRrpA8vd,2023,South Adelaide; Mount Barker United,Under 17's JPL B; U17 Carl's Junior Boys Cup; U18 Trial Matches,19,18,1510,6,0,0,0,0,false
8dnRrpA8vd,2024,Mount Barker United,U18 Trial Matches; Federation Cup U18's; Federation Cup Reserves; State League 2 Under 18's; State League 2 Reserves; State League 2,31,22,1980,4,2,0,0,0,false
8dnRrpA8vd,2025,Mount Barker United,Reserves; HPG Homes State League 2 South - Reserves; Federation Cup Reserves; HPG Homes State League 2 (Reserves) Final Series,22,10,1084,3,0,0,0,0,false
8dnRrpA8vd,2026,Mount Barker United,Federation Cup Reserves; Reserves; HPG Homes State League 2 South - Reserves,23,18,2265,4,2,0,0,0,false
8dnRrrnXpd,2024,FK Beograd,Under 14 Trials; Under 15 Trials; Under 15 JPL B; U15 Carl's Junior Boys Cup; Under 15 JSL A,21,15,1350,1,0,0,0,0,false
8dnRrrnXpd,2025,Port Adelaide,Nova Under 16's YPL B Mixed; U16 Carl's Jr. Youth Premier Cup,17,16,1505,1,3,1,0,0,false
8dnRrrnXpd,2026,Adelaide Cobras,HPG Homes State League 1 Under 18's; HPG Homes State League 1 Reserves; Federation Cup U18's; Federation Cup Reserves,25,9,1209,0,1,0,0,0,false
8dnepyOyKw,2023,Port Adelaide,Under 13's JPL A; Under 12's JPL Red; U12 Carl's Junior Boys Cup; Under 12 Trials; Under 12 JPL A,31,23,1800,5,0,0,0,0,false
8dnepyOyKw,2024,Port Adelaide,Under 14 Trials; Under 14 JPL B; Under 13 JPL B; U14 Carl's Junior Boys Cup; Under 14 JSL C,30,24,2080,8,0,0,0,1,true
8dnepyOyKw,2025,Port Adelaide,Under 15 Trials; Nova Under 15's YPL B Mixed; U15 Carl's Jr. Youth Premier Cup; Nova Under 14's YPL B Mixed,35,13,1045,4,1,0,0,0,false
8dnepyOyKw,2026,Port Adelaide,Federation Cup U18's; Nova Under 16's YPL B Mixed; Nova Under 15's YPL B Mixed; HPG Homes State League 2 North - Under 18's,35,30,2845,3,0,0,0,0,true
8dneq6ZvKw,2023,Salisbury United,Under 14's JSL C; Under 14's JPL C; U14 Carl's Junior Boys Cup,18,6,490,2,0,0,0,0,false
8dneq6ZvKw,2025,Ghan United,HPG Homes State League 2 North - Under 18's; Nova Under 16's YSL A Mixed; Under 16 YSL Top Half,20,20,1890,0,0,0,0,0,false
8dneq6ZvKw,2026,Pontian Eagles,Federation Cup U18's; HPG Homes State League 2 North - Under 18's; HPG Homes State League 2 North - Reserves; HPG Homes State League 2 (Reserves) Final Series,20,17,1604,1,2,0,0,0,false
8dnl3kBnyN,2023,Salisbury Inter,Under 15's JSL A; U15 Carl's Junior Boys Cup; Under 15's JSL B,18,17,1510,2,1,0,0,0,false
8dnl3kBnyN,2024,Para Hills Knights,U18 Trial Matches; Under 16 JPL A; U15 Carl's Junior Boys Cup; U16 Carl's Junior Boys Cup,26,25,2140,2,2,0,0,0,false
8dnl3kBnyN,2025,Modbury Jets,RAA NPL Under 18's; Nova Under 16's YPL A Mixed; U16 Carl's Jr. Youth Premier Cup,30,22,2070,2,4,0,0,0,false
8dnl3kBnyN,2026,Salisbury Inter,Federation Cup U18's; Federation Cup Reserves; HPG Homes State League 2 North - Under 18's; HPG Homes State League 2 North - Reserves; HPG Homes State League 2 (18s) Final Series,32,22,2292,5,5,0,0,0,false
8dnlX3b5MN,2026,Barossa United,Hahn Australia Cup SA Preliminary Rounds; HPG Homes State League 2 North; HPG Homes State League 2 North - Reserves,19,10,976,0,0,0,0,0,false
8dnlXEQ6eN,2023,Salisbury Inter,Under 15's JSL B; U15 Carl's Junior Boys Cup,23,20,1790,31,1,0,0,0,false
8dnlXEQ6eN,2024,Salisbury Inter,Under 16 JSL B; U16 Carl's Junior Boys Cup,19,18,1610,31,0,0,0,0,false
8dnlXEQ6eN,2025,Salisbury Inter,Under 18's; HPG Homes State League 2 North - Under 18's; Federation Cup U18's; HPG Homes State League 2 North - Reserves,27,21,1977,19,3,0,0,0,false
8dnlXEQ6eN,2026,Salisbury Inter,Federation Cup U18's; HPG Homes State League 2 North - Under 18's; Federation Cup Reserves; HPG Homes State League 2 North - Reserves; HPG Homes State League 2 (18s) Final Series,19,15,1441,20,0,0,0,0,false
8dnlXQZZeN,2023,Elizabeth Grove,Under 13's JSL B; U13 Carl's Junior Boys Cup,20,19,1500,34,0,0,0,0,false
8dnlXQZZeN,2024,Elizabeth Grove,Under 14 JSL A; U14 Carl's Junior Boys Cup,17,16,1270,4,0,0,0,0,false
8dnlXQZZeN,2025,Elizabeth Grove,Under 18's; Under 15 Trials; Nova Under 15's YPL C Mixed; U15 Carl's Jr. Youth Premier Cup,25,23,2150,6,1,0,0,0,false
8dnlXQZZeN,2026,Elizabeth Grove,Under 16 Trials; Nova Under 16's YPL C North Mixed; HPG Homes State League 2 North - Under 18's; Nova Under 16's YPL C Mixed Finals Series,21,16,1480,9,1,0,0,0,false
8dnlXQwE4N,2023,Cove FC,Under 16's JPL B; U16 Carl's Junior Boys Cup; U17 Carl's Junior Boys Cup; Under 17's JPL B; U18 Trial Matches,18,14,1240,2,0,0,0,0,false
8dnlXQwE4N,2024,Cove FC,Federation Cup U18's; Under 17 JPL A; State League 2 Under 18's; Under 17 JPL C,22,17,1560,7,1,0,0,0,false
8dnlXQwE4N,2025,Cove FC,Under 18's; HPG Homes State League 1 Under 18's; Federation Cup U18's; Federation Cup Reserves,21,16,1500,4,1,0,0,0,false
8dnlXQwE4N,2026,Cove FC,Federation Cup Reserves; HPG Homes State League 1 Reserves,23,2,1237,0,0,0,0,0,false
8dnlzo75MN,2024,Northern Demons,Under 13 JSL D; U13 Carl's Junior Boys Cup; Under 15 JPL C,16,13,910,1,1,0,0,0,false
8dnlzo75MN,2025,Northern Demons,Nova Under 15's YSL C Mixed; U15 Carl's Jr. Youth State Cup; HPG Homes State League 2 North - Under 18's,24,16,1520,4,0,0,0,0,false
8dnlzo75MN,2026,Northern Demons,Under 15's YSL C Mixed; Federation Cup U18's; HPG Homes State League 2 North - Under 18's,21,12,1130,1,1,0,0,0,false
AN06YOA47d,2023,Adelaide Thunder,Under 15's JSL B,11,2,180,0,0,0,0,0,false
AN06YOA47d,2024,West Adelaide,Under 15 JSL B,12,10,1080,0,0,0,0,0,false
AN06YOA47d,2025,West Adelaide,U16 Carl's Jr. Youth Premier Cup; Nova Under 16's YPL B Mixed; U17 Carl's Jr. Youth Premier Cup; Nova Under 17's YPL A Mixed,15,10,950,0,0,0,0,0,false
AN06YOA47d,2026,Adelaide Titans Football Club,Federation Cup U18's; HPG Homes State League 2 South - Under 18's,19,9,1080,0,0,0,0,0,false
AN06YzJJMd,2025,Northern Demons,Nova Under 15's YSL C Mixed,13,13,1235,6,0,0,0,0,false
AN06YzJJMd,2026,Northern Demons,Federation Cup U18's; HPG Homes State League 2 North - Under 18's; Under 15's YSL C Mixed,16,14,1260,0,0,0,0,0,false
AN06gXqJ3d,2024,Port Adelaide,Under 14 JSL C; U14 Carl's Junior Boys Cup,16,13,1030,2,0,0,0,0,false
AN06gXqJ3d,2025,Port Adelaide,Nova Under 14's YSL C Mixed; U14 Carl's Jr. Youth State Cup; U16 Carl's Jr. Youth Premier Cup,11,9,760,1,0,0,0,0,false
AN06gXqJ3d,2026,Adelaide Titans Football Club,U16 Carl's Jr. Youth Premier Cup; Nova Under 16's YPL C South Mixed; HPG Homes State League 2 South - Under 18's,19,13,1260,3,1,1,0,0,false
AN06grVV7d,2024,Mount Barker United,Under 13 Trials; Under 13 JSL C; U13 Carl's Junior Boys Cup; Under 16 JSL B,24,15,1290,1,0,1,0,0,false
AN06grVV7d,2026,Mount Barker United,Under 15 Trials; Under 16 Trials; Nova Under 15's YPL C South Mixed; Nova Under 16's YPL C South Mixed; U16 Carl's Jr. Youth Premier Cup; HPG Homes State League 2 South - Under 18's; Nova Under 15's YPL C Mixed Finals Series,39,27,2500,0,2,0,0,1,true
AN06wnp12d,2025,Ghan United,Reserves; HPG Homes State League 2 North - Reserves; Federation Cup Reserves; HPG Homes State League 2 North; HPG Homes State League 2 (Reserves) Final Series,30,28,2657,0,3,0,0,0,false
AN06wnp12d,2026,Ghan United,Hahn Australia Cup SA Preliminary Rounds; Senior Men's Trials; HPG Homes State League 2 South; HPG Homes State League 2 (Seniors) Finals Series,21,19,2217,1,2,0,0,0,false
AN0D08YXN6,2023,Modbury Vista,Under 14 Trials; Under 14's JPL A; U14 Carl's Junior Boys Cup,25,25,2120,7,1,0,0,0,false
AN0D08YXN6,2024,Modbury Vista,Under 15 Trials; Under 15 JPL A; U15 Carl's Junior Boys Cup; State League 2 Under 18's; Under 15 JSL B; Under 16 JPL B,27,23,2050,5,1,0,0,0,false
AN0D08YXN6,2025,Modbury Vista,Under 18's; Federation Cup U18's; HPG Homes State League 2 North - Under 18's; HPG Homes State League 2 North - Reserves; HPG Homes State League 2 (18s) Final Series,28,22,2126,2,0,0,0,0,false
AN0D08YXN6,2026,Modbury Vista,Federation Cup U18's; Federation Cup Reserves; Reserves; HPG Homes State League 2 North - Reserves; HPG Homes State League 2 North; HPG Homes State League 2 (Seniors) Finals Series; HPG Homes State League 2 (Reserves) Final Series,26,22,2109,2,1,0,0,0,false
AN0D5V6zN6,2023,Croydon FC,RAA NPL Under 18's; Federation Cup U18's; Federation Cup Reserves; RAA NPL Reserves; 23 Reserves Trial Matches,27,20,2470,13,3,0,0,0,true
AN0D5V6zN6,2024,Croydon FC,Reserves Trial Matches; Senior Men's Trial Matches; RAA NPL Reserves; RAA NPL; Federation Cup Reserves; RAA NPL Under 18's,29,17,1526,17,1,0,0,0,false
AN0D5V6zN6,2025,Croydon FC; Adelaide Croatia Raiders,Reserves; RAA NPL Reserves; RAA NPL; Australia Cup SA Preliminary Rounds,24,20,1866,15,0,0,0,0,false
AN0D5V6zN6,2026,Adelaide Croatia Raiders,Hahn Australia Cup SA Preliminary Rounds; HPG Homes State League 1,26,23,2603,12,1,0,0,0,false
AN0DWGJ9N6,2023,Adelaide Blue Eagles,Under 15's JPL B; U15 Carl's Junior Boys Cup; U15 JPL B - Bottom Half; Under 17's JPL A,20,11,980,0,0,0,0,0,false
AN0DWGJ9N6,2024,Adelaide Blue Eagles,Under 16 Trials; Under 16 JPL B; U16 Carl's Junior Boys Cup,25,17,1510,0,0,0,0,0,false
AN0DWGJ9N6,2025,Adelaide Blue Eagles,Nova Under 17's YPL B Mixed; U17 Carl's Jr. Youth Premier Cup; HPG Homes State League 1 Under 18's,18,12,1095,0,0,0,0,0,false
AN0DWGJ9N6,2026,Adelaide Blue Eagles,HPG Homes State League 1 Under 18's; Federation Cup U18's,22,15,1800,0,3,0,0,0,false
AN0DZMr7N6,2023,Campbelltown City,Under 15's JSL B; Under 15's JSL A; U15 Carl's Junior Boys Cup; Under 15's JPL A; U16 JPL A - Bottom Half,21,19,1680,0,2,1,0,3,true
AN0DZMr7N6,2024,Campbelltown City,Under 16 Trials; Under 16 JSL A; U16 Carl's Junior Boys Cup; U17 Carl's Junior Boys Cup,15,4,350,6,2,1,0,1,true
AN0DZMr7N6,2026,Eastern United,HPG Homes State League 1 Under 18's,12,8,960,4,0,1,0,0,false
AN0DZRykN6,2023,Western Strikers,State League 2 Reserves; State League 2; Australia Cup SA Preliminary Rounds,21,20,867,2,8,0,0,0,false
AN0DZRykN6,2024,Western Strikers,Senior Men's Trial Matches; Australia Cup SA Preliminary Rounds; State League 1,25,25,2072,0,3,0,0,0,false
AN0DZRykN6,2025,Port Adelaide,HPG Homes State League 2 North; Australia Cup SA Preliminary Rounds,19,18,1577,1,6,0,0,0,false
AN0DZRykN6,2026,Vipers FC,Hahn Australia Cup SA Preliminary Rounds; Senior Men's Trials; HPG Homes State League 2 South; HPG Homes State League 2 (Seniors) Finals Series,14,13,1462,1,2,1,0,0,false
AN0DllzRN6,2023,Gawler Eagles,Australia Cup SA Preliminary Rounds; State League 2; State League 2 Reserves; 23 Senior Men's Trial Matches,21,21,397,0,2,1,0,0,true
AN0DllzRN6,2024,Gawler Eagles,Senior Men's Trial Matches; Australia Cup SA Preliminary Rounds; State League 2; State League 2 Reserves,26,26,2040,0,2,0,0,1,true
AN0DllzRN6,2025,Salisbury Inter,Senior Men's Trials; HPG Homes State League 2 North; Australia Cup SA Preliminary Rounds; HPG Homes State League 2 (Seniors) Final Series,27,27,2565,0,2,1,0,4,true
AN0DllzRN6,2026,Salisbury Inter,Hahn Australia Cup SA Preliminary Rounds; Senior Men's Trials; HPG Homes State League 2 North; HPG Homes State League 2 (Seniors) Finals Series,23,23,2220,0,2,0,0,7,true
AN0Dw45zN6,2023,Adelaide Cobras,Australia Cup SA Preliminary Rounds; State League 1,24,24,673,0,3,0,0,0,false
AN0Dw45zN6,2024,Adelaide Cobras,Senior Men's Trial Matches; State League 1; Senior Men's Trials,25,25,1980,3,2,0,0,0,false
AN0Dw45zN6,2025,Adelaide Olympic,HPG Homes State League 1; Australia Cup SA Preliminary Rounds,21,21,1890,3,4,0,0,0,false
AN0Dw45zN6,2026,Adelaide Olympic,Hahn Australia Cup SA Preliminary Rounds; HPG Homes State League 1,23,23,2575,11,7,0,0,0,false
AN0kEe2Qm6,2023,Western Strikers,Under 15's JPL B; U15 Carl's Junior Boys Cup; U15 JPL B - Top Half,18,9,800,2,1,0,0,0,false
AN0kEe2Qm6,2024,MetroStars,Under 16 JPL A; Under 16 JSL A; U16 Carl's Junior Boys Cup; Under 17 JPL A; U17 Carl's Junior Boys Cup,24,13,1150,0,0,0,0,0,false
AN0kEe2Qm6,2025,MetroStars,Under 17 Trials; Nova Under 17's YPL A Mixed; U17 Carl's Jr. Youth Premier Cup,22,14,1380,5,1,0,0,0,false
AN0kEe2Qm6,2026,Port Adelaide,Federation Cup U18's; Under 18's; HPG Homes State League 2 North - Under 18's; HPG Homes State League 2 (18s) Final Series,21,21,1980,1,0,0,0,0,false
AN0kQ5gkm6,2023,Adelaide Olympic,Under 15's JPL A; U15 Carl's Junior Boys Cup; RAA NPL Under 18's; U17 Carl's Junior Boys Cup; U18 Trial Matches,28,26,2240,5,2,0,0,0,false
AN0kQ5gkm6,2024,Adelaide Olympic,U18 Trial Matches; RAA NPL Under 18's; Federation Cup U18's; Under 16 JPL A; RAA NPL Reserves,34,11,995,0,1,0,0,0,false
AN0kQ5gkm6,2025,Adelaide Croatia Raiders,RAA NPL Under 18's; Federation Cup U18's; RAA NPL Reserves,27,22,2164,0,5,0,0,0,false
AN0kQ5gkm6,2026,Adelaide Croatia Raiders,HPG Homes State League 1 Under 18's; HPG Homes State League 1 Reserves; Federation Cup U18's,27,22,2694,1,4,0,0,0,false
AN0kvEk9m6,2023,Para Hills Knights,Under 13 Trials; Under 13's JPL B; U13 Carl's Junior Boys Cup; U14 Carl's Junior Boys Cup,21,15,1120,11,0,0,0,0,false
AN0kvEk9m6,2024,Adelaide Croatia Raiders,Under 14 JPL A; U14 Carl's Junior Boys Cup,22,20,1570,1,2,0,0,0,false
AN0kvEk9m6,2025,Adelaide Croatia Raiders,Under 14 Trials; Nova Under 15's YPL A Mixed; U15 Carl's Jr. Youth Premier Cup; Nova Under 16's YPL A Mixed,28,25,2340,3,3,0,0,0,false
AN0kvEk9m6,2026,Adelaide Croatia Raiders,HPG Homes State League 1 Under 18's; U16 Carl's Jr. Youth Premier Cup; Nova Under 16's YPL A Mixed,28,17,1715,3,0,0,0,0,false
AN0kvQGQm6,2026,Salisbury United,HPG Homes State League 1 Reserves,21,19,2278,0,5,1,0,0,false
AN0o2RaA2m,2025,Salisbury Inter,HPG Homes State League 2 North - Under 18's,14,12,1080,0,1,0,0,0,false
AN0o2RaA2m,2026,Adelaide Atletico VSC,HPG Homes State League 1 Reserves; Federation Cup Reserves,10,6,767,0,0,0,0,0,false
AN0oOnbY2m,2023,Sturt Lions,Under 16's JSL B; U16 Carl's Junior Boys Cup; Under 16's JSL A; U16 JPL A - Bottom Half,23,17,1520,1,0,0,0,0,true
AN0oOnbY2m,2024,Sturt Lions,Under 17 JPL C; Under 17 JPL B; State League 1 Under 18's; State League 1 Reserves; Federation Cup U18's; U17 Carl's Junior Boys Cup,40,18,1610,2,0,0,0,5,true
AN0oOnbY2m,2025,Adelaide Cobras,Under 18's; HPG Homes State League 1 Under 18's; Federation Cup U18's; HPG Homes State League 1 Reserves; Federation Cup Reserves,23,23,2100,0,1,0,0,3,true
AN0oOnbY2m,2026,Noarlunga United,HPG Homes State League 2 South - Reserves; HPG Homes State League 2 South; Senior Men's Trials; HPG Homes State League 2 (Reserves) Final Series,9,7,958,0,0,0,0,4,true
AN0oR5bl7m,2026,Adelaide Blue Eagles,HPG Homes State League 1 Under 18's; HPG Homes State League 1 Reserves; Federation Cup Reserves; Under 17's A Mixed,22,10,1201,3,1,0,0,0,false
AN0oR5qr2m,2023,Campbelltown City,Under 15 Trials; Under 15's JSL A; Under 15's JPL A; U15 Carl's Junior Boys Cup; Under 15's JSL B,36,36,3120,0,0,1,0,5,true
AN0oR5qr2m,2024,Campbelltown City,Under 16 Trials; Under 16 JPL A; Under 16 JSL A; U16 Carl's Junior Boys Cup; Under 17 JPL A,18,18,1610,1,0,0,0,1,true
AN0oR5qr2m,2025,Campbelltown City,Under 17 Trials; Under 17 Trials - No Match Officials; RAA NPL Under 18's; Nova Under 17's YPL A Mixed; U17 Carl's Jr. Youth Premier Cup,28,23,2380,0,1,0,0,13,true
AN0oR5qr2m,2026,Adelaide Croatia Raiders,HPG Homes State League 1 Under 18's; HPG Homes State League 1 Reserves; Federation Cup U18's; Federation Cup Reserves,25,23,2820,0,0,0,0,1,true
AN0oR6Be7m,2026,Adelaide University,Federation Cup U18's; Under 18's; Reserves; HPG Homes State League 2 South - Under 18's; HPG Homes State League 2 South - Reserves,19,16,1895,1,5,1,0,0,false
AN0oR6gQRm,2023,,,0,0,0,0,0,0,0,0,false
AN0oR6gQRm,2024,,,0,0,0,0,0,0,0,0,false
AN0oR6gQRm,2025,,,0,0,0,0,0,0,0,0,false
AN0oR6gQRm,2026,Eastern United,Federation Cup U18's; HPG Homes State League 1 Under 18's; HPG Homes State League 1 Reserves,23,22,2675,1,0,0,0,0,false
AN0oR9x6zm,2026,Angle Vale,Reserves; HPG Homes State League 2 North - Under 18's; HPG Homes State League 2 North - Reserves,18,17,1537,0,1,0,0,0,false
AN0oRO2G3m,2026,Gawler Eagles,Hahn Australia Cup SA Preliminary Rounds; Senior Men's Trials; HPG Homes State League 2 North; HPG Homes State League 2 North - Reserves,21,20,1860,0,1,0,0,3,true
AN0oROpjXm,2026,Angle Vale,Federation Cup Reserves; Senior Men's Trials; Reserves; HPG Homes State League 2 North - Reserves; HPG Homes State League 2 North,22,16,1495,1,0,0,0,0,false
AN0oRRWo2m,2026,Adelaide Atletico VSC,Hahn Australia Cup SA Preliminary Rounds; HPG Homes State League 1,26,26,3120,0,0,0,0,8,true
AN0oRVybkm,2026,Western Strikers,Federation Cup U18's; HPG Homes State League 2 South - Under 18's; HPG Homes State League 2 South - Reserves; HPG Homes State League 2 (18s) Final Series,19,17,2040,3,0,0,0,0,false
AN0oRojkRm,2023,Sturt Lions,Under 14's JPL A; U14 Carl's Junior Boys Cup,21,20,1760,3,2,0,0,0,false
AN0oRojkRm,2024,Sturt Lions,Under 15 JPL B; U15 Carl's Junior Boys Cup; Under 15 JSL A,19,18,1590,4,0,0,0,0,false
AN0oRojkRm,2025,Sturt Lions,U16 Carl's Jr. Youth Premier Cup; Nova Under 16's YPL B Mixed; Federation Cup U18's; HPG Homes State League 1 Under 18's,24,19,1775,2,0,0,0,0,false
AN0oRojkRm,2026,Adelaide University,Federation Cup U18's; Under 18's; HPG Homes State League 2 South - Under 18's; HPG Homes State League 2 South - Reserves,24,17,2166,6,4,0,0,0,false
AN0oy3Yl3m,2025,Western Strikers,Nova Under 14's YPL B Mixed; Nova Under 15's YPL B Mixed; U14 Carl's Jr. Youth Premier Cup; Seniors,27,20,1725,6,0,0,0,0,false
AN0oy3Yl3m,2026,Western Strikers,Nova Under 15's YPL B Mixed; Nova Under 16's YPL B Mixed; U15 Carl's Jr. Youth Premier Cup; HPG Homes State League 2 South - Under 18's,36,25,2420,9,2,0,0,0,false
BdD92QZ3mb,2023,Port Adelaide,Under 16's JPL B; U16 Carl's Junior Boys Cup; U18 Trial Matches,22,18,1500,3,1,0,0,0,false
BdD92QZ3mb,2024,Port Adelaide,U18 Trial Matches; Federation Cup U18's; State League 2 Under 18's; State League 2 Reserves,30,26,2143,1,1,0,0,0,false
BdD92QZ3mb,2025,Port Adelaide,Under 18's; HPG Homes State League 2 North - Under 18's; Federation Cup U18's; HPG Homes State League 2 North - Reserves; HPG Homes State League 2 (18s) Final Series,31,22,2064,2,1,0,0,0,false
BdD92QZ3mb,2026,Port Adelaide,Federation Cup Reserves; HPG Homes State League 2 North - Reserves; HPG Homes State League 2 (Reserves) Final Series,16,0,359,0,0,0,0,0,false
BdD94V6Qmb,2023,Salisbury United,Federation Cup Reserves; State League 2 Under 18's; State League 2 Reserves,26,23,2670,0,2,0,0,0,false
BdD94V6Qmb,2024,Salisbury United,Reserves Trial Matches; State League 1 Reserves; Federation Cup Reserves,23,5,535,2,1,0,0,0,false
BdD94V6Qmb,2025,Salisbury United,HPG Homes State League 1 Reserves,19,3,625,3,1,0,0,0,false
BdD94V6Qmb,2026,,,0,0,0,0,0,0,0,0,false
BdD94Vy3mb,2023,Vipers FC,State League 1; State League 1 Reserves; Australia Cup SA Preliminary Rounds; 23 Senior Men's Trial Matches,20,12,111,4,5,0,0,0,false
BdD94Vy3mb,2024,Vipers FC,Australia Cup SA Preliminary Rounds; State League 1; State League 1 Reserves,21,11,1067,3,5,0,0,0,false
BdD94Vy3mb,2025,Vipers FC,HPG Homes State League 1; HPG Homes State League 1 Reserves,15,10,878,0,2,0,0,0,false
BdD94Vy3mb,2026,Vipers FC,HPG Homes State League 2 South - Reserves; HPG Homes State League 2 South; HPG Homes State League 2 (Seniors) Finals Series,9,7,712,0,0,0,0,0,false
BdD94aP1mb,2023,South Adelaide,RAA NPL Reserves; Federation Cup Reserves; RAA NPL; 23 Reserves Trial Matches; 23 Senior Men's Trial Matches,27,25,2637,2,3,0,0,0,false
BdD94aP1mb,2024,South Adelaide,RAA NPL Reserves; Federation Cup Reserves; RAA NPL,18,13,1203,1,2,0,0,0,false
BdD94aP1mb,2025,South Adelaide,Senior Men's Trials; HPG Homes State League 1; Australia Cup SA Preliminary Rounds,18,16,1288,0,3,0,0,0,false
BdD94aP1mb,2026,South Adelaide,HPG Homes State League 1; Federation Cup Reserves; HPG Homes State League 1 Reserves,12,7,859,0,0,0,0,0,false
BdD94egwmb,2023,Pontian Eagles,State League 2 Reserves,1,0,74,0,0,0,0,0,false
BdD94egwmb,2025,Northern Demons,Reserves; HPG Homes State League 2 North - Reserves; HPG Homes State League 2 (Reserves) Final Series,20,16,1571,0,3,0,0,0,false
BdD94egwmb,2026,Northern Demons,Federation Cup Reserves; HPG Homes State League 2 North - Reserves,7,5,474,0,0,0,0,0,true
BdD94zO8mb,2023,Playford City,Australia Cup SA Preliminary Rounds; State League 1 Reserves; State League 1,15,9,322,1,2,1,0,0,false
BdD94zO8mb,2024,Playford City,State League 1; Federation Cup Reserves,23,14,1329,8,3,0,0,0,false
BdD94zO8mb,2025,Salisbury Inter,Senior Men's Trials; HPG Homes State League 2 North; Australia Cup SA Preliminary Rounds; HPG Homes State League 2 (Seniors) Final Series,26,26,2410,5,4,0,0,0,false
BdD94zO8mb,2026,Salisbury Inter,Hahn Australia Cup SA Preliminary Rounds; Senior Men's Trials; HPG Homes State League 2 North; HPG Homes State League 2 (Seniors) Finals Series,21,21,2024,2,5,0,0,0,false
BdD973z1mb,2023,Adelaide Croatia Raiders,State League 1 Reserves; Federation Cup Reserves,24,23,2615,4,5,1,0,0,false
BdD973z1mb,2024,Adelaide Croatia Raiders,Federation Cup Reserves; RAA NPL Reserves,24,22,2127,0,2,0,0,0,false
BdD973z1mb,2025,South Adelaide,Reserves; HPG Homes State League 1 Reserves; Federation Cup Reserves; HPG Homes State League 1,24,23,2134,5,2,0,0,0,false
BdD973z1mb,2026,South Adelaide,Hahn Australia Cup SA Preliminary Rounds; HPG Homes State League 1; HPG Homes State League 1 Reserves,21,14,1781,10,4,0,0,0,false
BdD97nyxmb,2023,Gawler Eagles,Federation Cup U18's; State League 2 Under 18's,5,2,240,1,1,0,0,0,false
BdD97nyxmb,2026,Barossa United,Hahn Australia Cup SA Preliminary Rounds; HPG Homes State League 2 North,16,12,1086,2,1,0,0,0,false
BdD9Yo9gmb,2023,Adelaide Comets,RAA NPL; Australia Cup SA Preliminary Rounds,13,7,47,0,3,0,0,0,false
BdD9Yo9gmb,2024,Adelaide Comets,Senior Men's Trial Matches; RAA NPL; Australia Cup SA Preliminary Rounds,18,11,891,1,2,0,0,0,false
BdD9Yo9gmb,2025,,,0,0,0,0,0,0,0,0,false
BdD9Yo9gmb,2026,Cumberland United,HPG Homes State League 1; Hahn Australia Cup SA Preliminary Rounds,13,6,798,0,3,0,0,0,false
BdD9q4YQmb,2023,Salisbury United,State League 2,21,17,471,0,2,0,0,0,false
BdD9q4YQmb,2024,Salisbury United,Senior Men's Trial Matches; Australia Cup SA Preliminary Rounds; State League 1 Reserves; State League 1,14,11,849,1,3,2,0,0,false
BdD9q4YQmb,2025,Salisbury Inter,HPG Homes State League 2 North; Australia Cup SA Preliminary Rounds; HPG Homes State League 2 (Seniors) Final Series,18,16,1466,0,5,1,0,0,false
BdD9q4YQmb,2026,Salisbury Inter,Hahn Australia Cup SA Preliminary Rounds; Senior Men's Trials; HPG Homes State League 2 North; HPG Homes State League 2 (Seniors) Finals Series,17,12,1095,0,2,0,0,0,false
BdD9q664mb,2023,MetroStars,RAA NPL Under 18's; Under 17's JPL A; Federation Cup U18's; Under 17's JPL C; U18 Trial Matches,30,8,570,13,0,0,0,0,false
BdD9q664mb,2024,MetroStars,U18 Trial Matches; RAA NPL Under 18's; Federation Cup U18's,22,10,780,6,1,0,0,0,false
BdD9q664mb,2025,Adelaide Atletico VSC,Reserves; HPG Homes State League 2 North - Reserves; Federation Cup Reserves; HPG Homes State League 2 North; HPG Homes State League 2 (Reserves) Final Series,28,27,2236,13,2,0,0,0,false
BdD9q664mb,2026,Adelaide Atletico VSC,HPG Homes State League 1 Reserves; Federation Cup Reserves; HPG Homes State League 1,21,18,1937,8,2,0,0,0,false
BdD9qYzwmb,2023,Campbelltown City; Salisbury United,RAA NPL Reserves; RAA NPL; Australia Cup SA Preliminary Rounds; State League 2,23,20,989,0,4,0,0,0,false
BdD9qYzwmb,2024,Salisbury United,Senior Men's Trial Matches; Australia Cup SA Preliminary Rounds; State League 1 Reserves; State League 1,24,22,1662,2,8,0,0,0,false
BdD9qYzwmb,2025,Salisbury United,Senior Men's Trials; HPG Homes State League 1; Federation Cup Reserves,22,18,1663,3,5,0,0,0,false
BdD9qYzwmb,2026,Salisbury United,HPG Homes State League 1,16,14,1335,1,4,0,0,0,false
BdD9qqlxmb,2023,,,0,0,0,0,0,0,0,0,false
BdD9qqlxmb,2024,,,0,0,0,0,0,0,0,0,false
BdD9qqlxmb,2025,Ghan United,Senior Men's Trials; HPG Homes State League 2 North; Australia Cup SA Preliminary Rounds,25,24,2213,1,5,1,0,0,false
BdD9qqlxmb,2026,Ghan United,Federation Cup Reserves; Senior Men's Trials; HPG Homes State League 2 South; HPG Homes State League 2 (Seniors) Finals Series,21,20,2281,0,6,0,0,0,false
BdD9rPLJmb,2023,Plympton FC,Under 13's JSL B; U13 Carl's Junior Boys Cup,18,16,1270,0,0,0,0,0,false
BdD9rPLJmb,2024,Plympton FC,Under 14 JSL B; U14 Carl's Junior Boys Cup,18,17,1350,0,0,0,0,0,false
BdD9rPLJmb,2025,Plympton FC,Under 15 Trials; Nova Under 16's YSL A Mixed; Nova Under 15's YSL B Mixed; U15 Carl's Jr. Youth State Cup; Under 16 YSL Bottom Half,28,25,2360,4,0,0,0,0,false
BdD9rPLJmb,2026,Plympton FC,Under 16 Trials; Reserves; HPG Homes State League 2 South - Under 18's; Under 17's A Mixed; U17 Carl's Jr. Youth Premier Cup; HPG Homes State League 2 South - Reserves,36,22,2102,2,0,0,0,0,false
BdD9w1gGmb,2023,Adelaide Croatia Raiders,Under 14's JPL A; U14 Carl's Junior Boys Cup,23,14,1240,3,0,0,0,0,false
BdD9w1gGmb,2024,Adelaide Croatia Raiders,Reserves WNPL & WSL Trials; Under 15 JSL A; Under 15 JPL A; U15 Carl's Junior Boys Cup; Seniors WNPL & WSL Trials; Under 15 Girls Trials,26,23,2055,4,0,0,0,0,false
BdD9w1gGmb,2025,Para Hills Knights,Under 16 Trials; Nova Under 16's YPL B Mixed; U16 Carl's Jr. Youth Premier Cup,25,23,2135,1,2,0,0,0,false
BdD9w1gGmb,2026,Elizabeth Downs Soccer Club,Under 18's; Federation Cup U18's; HPG Homes State League 2 North - Under 18's,19,18,1680,6,1,0,0,0,false
BdD9won6mb,2023,Elizabeth Downs Soccer Club,Australia Cup SA Preliminary Rounds,1,1,108,1,0,0,0,0,false
BdD9won6mb,2024,Elizabeth Downs Soccer Club,Australia Cup SA Preliminary Rounds,3,3,235,1,1,0,0,0,false
BdD9won6mb,2025,Salisbury United,Senior Men's Trials; HPG Homes State League 1 Reserves; HPG Homes State League 1; Australia Cup SA Preliminary Rounds,29,13,1172,6,2,0,0,0,false
BdD9won6mb,2026,Salisbury United; Salisbury Inter,Hahn Australia Cup SA Preliminary Rounds; HPG Homes State League 1; HPG Homes State League 2 North - Reserves; HPG Homes State League 2 North; HPG Homes State League 2 (Seniors) Finals Series,18,11,1273,6,3,0,0,0,false
BdDW1VBxKb,2023,Noarlunga United,Under 14's JPL B; U14 Carl's Junior Boys Cup,17,13,1150,0,1,0,0,0,false
BdDW1VBxKb,2024,Noarlunga United,Under 16 JPL B; Under 16 Trials - No Match Officials; U16 Carl's Junior Boys Cup; Under 15 JPL B,25,14,1250,1,1,0,0,0,false
BdDW1VBxKb,2025,Noarlunga United,Under 18's; HPG Homes State League 2 South - Under 18's; Federation Cup U18's,22,4,375,1,1,0,0,0,false
BdDW1VBxKb,2026,Noarlunga United,Federation Cup U18's; HPG Homes State League 2 South - Under 18's,20,15,1800,0,1,0,0,0,false
BdDW1lrJKb,2023,Mount Barker United,Under 13's JPL B; U13 Carl's Junior Boys Cup; Under 14's JDL Mixed,25,9,740,0,0,0,0,1,true
BdDW1lrJKb,2024,Mount Barker United,Under 14 JPL A; U14 Carl's Junior Boys Cup; Under 14 JSL B; Under 16 JSL B,25,13,1040,0,1,0,0,0,false
BdDW1lrJKb,2025,Mount Barker United,HPG Homes State League 2 South - Under 18's,7,7,630,1,0,0,0,0,false
BdDW1lrJKb,2026,Mount Barker United,Under 16 Trials; Nova Under 16's YPL C South Mixed; HPG Homes State League 2 South - Under 18's; U16 Carl's Jr. Youth Premier Cup,25,20,1920,2,2,0,0,0,false
BdDW1zWQKb,2023,Western Strikers,Under 12's JPL Yellow; U12 Carl's Junior Boys Cup; Under 12 JPL B; Under 12 Trials,20,16,1190,1,0,0,0,0,false
BdDW1zWQKb,2024,Western Strikers,Under 13 JSL B; Under 13 JPL B; U13 Carl's Junior Boys Cup,25,21,1670,5,0,0,0,0,false
BdDW1zWQKb,2025,Western Strikers,Nova Under 14's YPL B Mixed; Nova Under 15's YPL B Mixed; U14 Carl's Jr. Youth Premier Cup; Seniors,32,22,1870,3,1,0,0,0,false
BdDW1zWQKb,2026,Western Strikers,Nova Under 15's YPL B Mixed; U15 Carl's Jr. Youth Premier Cup; Nova Under 16's YPL B Mixed; HPG Homes State League 2 South - Under 18's,30,25,2370,5,2,0,0,0,false
BdDW1zqQKb,2023,Adelaide Croatia Raiders,Under 13's JPL A; U13 Carl's Junior Boys Cup,23,18,1430,3,0,0,0,0,false
BdDW1zqQKb,2024,Adelaide Croatia Raiders,Under 14 JPL A; U14 Carl's Junior Boys Cup; Under 15 Trials,23,19,1490,6,0,0,0,0,false
BdDW1zqQKb,2025,Adelaide Croatia Raiders,Nova Under 15's YPL A Mixed; Nova Under 16's YPL A Mixed; U15 Carl's Jr. Youth Premier Cup; U16 Carl's Jr. Youth Premier Cup,27,23,2170,4,1,0,0,0,false
BdDW1zqQKb,2026,Adelaide Croatia Raiders,Under 15 Trials; Nova Under 16's YPL A Mixed; HPG Homes State League 1 Under 18's; U16 Carl's Jr. Youth Premier Cup,36,28,2760,0,1,0,0,0,false
BdDWDVG3Kb,2023,Western Strikers,Under 13's JSL A; U13 Carl's Junior Boys Cup,18,14,1120,2,0,0,0,0,false
BdDWDVG3Kb,2024,Western Strikers,Under 14 JSL B; Under 16 JPL B; U14 Carl's Junior Boys Cup; U16 Carl's Junior Boys Cup,30,16,1280,2,0,0,0,0,false
BdDWDVG3Kb,2025,Western Strikers,Nova Under 15's YPL B Mixed; HPG Homes State League 2 South - Under 18's,25,19,1805,1,2,0,0,0,false
BdDWDVG3Kb,2026,Western Strikers,Nova Under 16's YPL B Mixed; HPG Homes State League 2 South - Under 18's,17,11,1070,0,1,0,0,0,false
BdDWpOkJKb,2023,Fulham United,Under 14's JPL B; U14 Carl's Junior Boys Cup; U15 Carl's Junior Boys Cup; U15 JPL B - Top Half,22,22,1910,0,1,0,0,5,true
BdDWpOkJKb,2024,Fulham United,U15 Carl's Junior Boys Cup; Under 15 JPL A,15,14,1250,0,2,1,0,4,true
BdDWpOkJKb,2025,Fulham United,HPG Homes State League 1 Under 18's; U16 Carl's Jr. Youth Premier Cup; Nova Under 16's YPL B Mixed; Nova Under 17's YPL A Mixed,22,22,2055,0,5,0,0,4,true
BdDWpOkJKb,2026,Fulham United,HPG Homes State League 1 Under 18's; HPG Homes State League 1 Reserves; Federation Cup U18's,25,25,3000,0,3,0,0,3,true
BdDWx4VGKb,2023,Sturt Lions,Under 15's JSL A; Under 15's JPL A,11,9,810,9,0,0,0,0,false
BdDWx4VGKb,2024,Sturt Lions,Under 16 Trials; Under 16 JSL B; Under 16 JSL A; Under 17 JPL C; U16 Carl's Junior Boys Cup,20,17,1520,14,1,0,0,0,false
BdDWx4VGKb,2025,Sturt Lions,Nova Under 17's YPL A Mixed; U17 Carl's Jr. Youth Premier Cup,22,20,1840,4,3,0,0,0,false
BdDWx4VGKb,2026,Plympton FC,Federation Cup Reserves; Hahn Australia Cup SA Preliminary Rounds; HPG Homes State League 2 South - Under 18's; HPG Homes State League 2 South - Reserves,19,8,1209,10,4,0,0,0,false
BdDb07jZgN,2025,Salisbury Inter,HPG Homes State League 2 North; Australia Cup SA Preliminary Rounds; HPG Homes State League 2 North - Reserves; HPG Homes State League 2 (Seniors) Final Series,25,17,1537,1,4,0,0,0,false
BdDb07jZgN,2026,Salisbury Inter,Hahn Australia Cup SA Preliminary Rounds; Senior Men's Trials; HPG Homes State League 2 North; HPG Homes State League 2 (Seniors) Finals Series,19,8,936,0,7,0,0,0,false
BdDb0LVR1N,2025,Salisbury Inter,Reserves; HPG Homes State League 2 North - Reserves,19,11,1049,2,2,0,0,0,false
BdDb0LVR1N,2026,Salisbury Inter,Federation Cup Reserves; HPG Homes State League 2 North - Reserves,16,15,1279,1,0,0,0,0,false
BdDb0ak5QN,2025,Adelaide Atletico VSC,Nova Under 17's YPL B Mixed,14,14,1330,4,1,0,0,0,false
BdDb0ak5QN,2026,Elizabeth Grove,Federation Cup U18's; HPG Homes State League 2 North - Under 18's; HPG Homes State League 2 North - Reserves; HPG Homes State League 2 North,28,17,1806,6,4,0,0,0,false
BdDb0aq7wN,2025,Fulham United,HPG Homes State League 1; Australia Cup SA Preliminary Rounds,27,27,2535,2,1,0,0,0,false
BdDb0aq7wN,2026,,,0,0,0,0,0,0,0,0,false
BdDb0pDPJN,2025,Adelaide Cobras,Reserves; HPG Homes State League 1 Reserves; Federation Cup Reserves,17,14,1263,0,3,1,0,0,false
BdDb0pDPJN,2026,,,0,0,0,0,0,0,0,0,false
BdDb0zjDxN,2025,Ghan United,HPG Homes State League 2 North - Under 18's; Nova Under 16's YSL A Mixed; Nova Under 15's YSL C Mixed; Federation Cup U18's; Under 16 YSL Top Half,23,13,1210,7,1,0,0,0,false
BdDb0zjDxN,2026,Adelaide Olympic; Fulham United,Under 16 Trials; Nova Under 16's YPL B Mixed; U16 Carl's Jr. Youth Premier Cup; HPG Homes State League 1 Under 18's,27,24,2245,9,6,1,0,0,false
BdDb0zjaJN,2026,Cove FC,HPG Homes State League 1,8,4,623,0,2,0,0,0,false
BdDb0zlXgN,2025,South Adelaide; Cove FC,HPG Homes State League 1; Australia Cup SA Preliminary Rounds,23,22,2000,2,3,0,0,0,false
BdDb0zlXgN,2026,Cove FC,Hahn Australia Cup SA Preliminary Rounds; HPG Homes State League 1; Senior Men's Trials,23,23,2515,0,5,0,0,0,false
BdDb5qej4N,2026,Elizabeth Downs Soccer Club,HPG Homes State League 2 North - Reserves,1,1,56,0,0,0,0,0,false
BdDb5yEr4N,2025,Elizabeth Grove,HPG Homes State League 2 North - Reserves; HPG Homes State League 2 North,9,8,683,2,1,0,0,0,false
BdDb5yEr4N,2026,Angle Vale,Hahn Australia Cup SA Preliminary Rounds; Reserves; HPG Homes State League 2 North; HPG Homes State League 2 North - Reserves,16,7,802,0,0,0,0,0,false
BdDb85Q6wN,2023,Adelaide City,Under 15's JSL A; Under 14's JSL A; U14 Carl's Junior Boys Cup; Under 15's JSL B,22,15,1240,10,2,0,0,0,true
BdDb85Q6wN,2024,Adelaide City,Under 16 JPL B; Under 16 JSL A; U17 Carl's Junior Boys Cup; Under 17 JPL A; Under 15 JPL A,26,19,1710,11,2,0,0,0,false
BdDb85Q6wN,2025,Adelaide City,Under 17 Trials - No Match Officials; Under 17 Trials; Nova Under 17's YPL A Mixed; U17 Carl's Jr. Youth Premier Cup,18,17,1550,9,2,0,0,0,false
BdDb85Q6wN,2026,Adelaide University,Federation Cup U18's; Under 18's; Reserves; HPG Homes State League 2 South - Under 18's,22,16,1860,1,5,1,0,0,false
BdDbE9eYGN,2026,Angle Vale,HPG Homes State League 2 North - Under 18's,8,5,450,0,0,0,0,0,false
BdDbJZqQwN,2026,Gawler Eagles,U16 Carl's Jr. Youth Premier Cup; HPG Homes State League 2 North - Under 18's; Nova Under 16's YPL C North Mixed,25,16,1510,6,1,0,0,0,false
BdDbJnonQN,2026,Ghan United,HPG Homes State League 2 South - Reserves,11,11,1203,0,3,2,0,0,false
BdDbL6gBxN,2026,Cumberland United,Nova Under 15's YPL A Mixed; U15 Carl's Jr. Youth Premier Cup; Nova Under 16's YPL A Mixed; HPG Homes State League 1 Under 18's,37,28,2685,11,4,0,0,0,false
BdDbP46Y3N,2026,Northern Demons,Federation Cup U18's; HPG Homes State League 2 North - Under 18's,17,12,1110,0,0,0,0,0,true
BdDbP4OYxN,2026,Fulham United,Under 16 Trials; Nova Under 16's YPL B Mixed; HPG Homes State League 1 Under 18's; U16 Carl's Jr. Youth Premier Cup; Federation Cup U18's,28,20,1865,0,5,0,0,0,false
BdDbP4q96N,2026,Gawler Eagles,Hahn Australia Cup SA Preliminary Rounds; HPG Homes State League 2 North - Reserves; HPG Homes State League 2 North,6,2,284,0,0,0,0,0,false
BdDbP506wN,2026,Adelaide Titans Football Club,U16 Carl's Jr. Youth Premier Cup; Nova Under 16's YPL C South Mixed; HPG Homes State League 2 South - Under 18's,20,16,1520,1,2,0,0,0,false
BdDbPAw9QN,2026,Fulham United,HPG Homes State League 1 Under 18's; Federation Cup U18's,18,4,480,0,1,0,0,0,false
BdDbPGoJ4N,2026,Noarlunga United,Federation Cup U18's; HPG Homes State League 2 South - Under 18's,7,6,720,0,0,0,0,0,false
BdDbPJ0o4N,2026,Eastern United,Federation Cup Reserves; HPG Homes State League 1 Reserves,18,11,1375,0,0,0,0,0,false
BdDbPJWEGN,2026,Western Strikers,Federation Cup Reserves; HPG Homes State League 2 South - Under 18's; HPG Homes State League 2 South - Reserves; HPG Homes State League 2 (Reserves) Final Series,20,17,1957,0,1,0,0,0,false
BdDbPJWn6N,2023,West Adelaide,Under 15's JPL B; Under 15's JSL B; U15 Carl's Junior Boys Cup; U15 JPL B - Top Half; Under 16's JSL A,21,9,800,2,3,0,0,0,false
BdDbPJWn6N,2024,West Adelaide,Under 16 JPL A; Under 16 JSL B; U16 Carl's Junior Boys Cup,25,19,1700,9,2,0,0,0,false
BdDbPJWn6N,2025,West Adelaide,HPG Homes State League 1 Under 18's; Nova Under 17's YPL A Mixed; Federation Cup U18's,17,11,1035,7,2,1,0,0,false
BdDbPJWn6N,2026,Adelaide Cobras,HPG Homes State League 1 Under 18's; Federation Cup U18's,16,8,960,1,0,0,0,0,false
BdDbPJZ3wN,2023,Adelaide University,Under 16's JPL B; Under 16's JSL B; U16 Carl's Junior Boys Cup; U15 JPL B - Bottom Half,25,22,1970,3,1,0,0,0,false
BdDbPJZ3wN,2024,West Adelaide,Under 16 JSL B; U16 Carl's Junior Boys Cup,14,13,1160,6,0,0,0,0,false
BdDbPJZ3wN,2025,West Adelaide,Nova Under 17's YPL A Mixed; U17 Carl's Jr. Youth Premier Cup,18,18,1695,1,0,0,0,0,false
BdDbPJZ3wN,2026,Vipers FC,Federation Cup U18's; Under 18's; HPG Homes State League 2 South - Under 18's; HPG Homes State League 2 (18s) Final Series,24,6,690,5,0,0,0,0,false
BdDbPLYRQN,2023,Salisbury Inter,Under 13's JSL C; U13 Carl's Junior Boys Cup,19,18,1430,8,0,0,0,0,false
BdDbPLYRQN,2024,Salisbury Inter,Under 15 Trials; Under 15 JSL B; U15 Carl's Junior Boys Cup,23,21,1800,6,0,0,0,0,false
BdDbPLYRQN,2025,Salisbury Inter,Under 15 Trials; Nova Under 15's YPL C Mixed; U15 Carl's Jr. Youth Premier Cup; Nova Under 16's YPL C Mixed,26,25,2220,2,1,0,0,0,false
BdDbPLYRQN,2026,Salisbury Inter,Under 16 Trials; U16 Carl's Jr. Youth Premier Cup; HPG Homes State League 2 North - Under 18's; Nova Under 16's YPL C North Mixed; Nova Under 16's YPL C Mixed Finals Series,17,15,1390,4,2,1,0,0,false
BdDbPMZv3N,2023,MetroStars,Under 13's JSL A; U13 Carl's Junior Boys Cup,19,18,1410,0,0,0,0,4,true
BdDbPMZv3N,2024,Adelaide Croatia Raiders,Under 14 JPL A; U14 Carl's Junior Boys Cup; Under 15 JSL A; Under 14 JSL A; Under 15 JPL A; U15 Carl's Junior Boys Cup; Under 15 Trials,25,23,1870,0,2,0,0,2,true
BdDbPMZv3N,2025,Adelaide Croatia Raiders,Under 18's; Under 14 Trials; Nova Under 15's YPL A Mixed; U15 Carl's Jr. Youth Premier Cup; RAA NPL Under 18's; Nova Under 16's YPL A Mixed,25,24,2335,0,0,0,0,1,true
BdDbPMZv3N,2026,Adelaide Croatia Raiders,Nova Under 16's YPL A Mixed; U16 Carl's Jr. Youth Premier Cup; HPG Homes State League 1 Under 18's; HPG Homes State League 1 Reserves,27,27,2615,0,0,0,0,5,true
BdDbPMvDJN,2026,Modbury Jets,HPG Homes State League 1 Under 18's,2,1,120,0,1,0,0,0,false
BdDbPPOYGN,2026,Adelaide Comets; Modbury Jets,Under 16 Trials; Nova Under 16's YPL A Mixed; U16 Carl's Jr. Youth Premier Cup; Under 17's A Mixed; HPG Homes State League 1 Reserves,19,4,339,0,2,0,0,0,false
BdDbPPOe3N,2026,Western Strikers,Hahn Australia Cup SA Preliminary Rounds; HPG Homes State League 2 South; HPG Homes State League 2 South - Reserves; HPG Homes State League 2 (Seniors) Finals Series,13,9,1129,1,0,0,0,0,false
BdDbPPo4QN,2026,Seaford Rangers,Hahn Australia Cup SA Preliminary Rounds; Senior Men's Trials; HPG Homes State League 2 South; HPG Homes State League 2 South - Reserves; HPG Homes State League 2 (Seniors) Finals Series,14,6,887,1,1,0,0,0,false
BdDbPPvPQN,2024,Adelaide Victory,U18 Trial Matches; State League 1 Under 18's; State League 1 Reserves,22,19,1547,4,0,1,0,0,false
BdDbPPvPQN,2025,Adelaide Atletico VSC,Reserves; HPG Homes State League 2 North - Reserves; Federation Cup Reserves; HPG Homes State League 2 North; HPG Homes State League 2 (Reserves) Final Series,23,19,1593,6,1,0,0,0,false
BdDbPPvPQN,2026,Adelaide Atletico VSC,HPG Homes State League 1 Reserves; Federation Cup Reserves,21,19,1837,0,0,0,0,0,false
BdDbPR256N,2023,Mount Barker United,State League 2 Reserves; 23 Senior Men's Trial Matches; 23 Reserves Trial Matches,24,21,2293,0,4,0,0,0,false
BdDbPR256N,2024,Noarlunga United,State League 2 Reserves; Federation Cup Reserves,14,11,856,1,2,1,0,0,false
BdDbPR256N,2025,Mount Barker United,Reserves; HPG Homes State League 2 South - Reserves; Federation Cup Reserves; HPG Homes State League 2 (Reserves) Final Series,24,20,1779,0,3,0,0,0,false
BdDbPR256N,2026,Plympton FC,Federation Cup Reserves; Reserves; HPG Homes State League 2 South - Reserves,19,18,1916,0,5,1,0,0,false
BdDbPR8jwN,2026,Salisbury United,HPG Homes State League 1 Reserves; Federation Cup Reserves,23,13,1672,0,3,0,0,0,false
BdDbPRAP3N,2026,Adelaide Atletico VSC,Under 16 Trials; Nova Under 16's YPL C North Mixed; U16 Carl's Jr. Youth Premier Cup; HPG Homes State League 1 Under 18's,22,20,1965,10,0,0,0,0,false
BdDbPREzxN,2026,Salisbury United,HPG Homes State League 1; Hahn Australia Cup SA Preliminary Rounds,15,4,843,1,3,1,0,0,false
BdDbPRP28N,2026,Elizabeth Grove,HPG Homes State League 2 North; HPG Homes State League 2 North - Reserves; Federation Cup Reserves,13,12,1120,0,0,0,0,3,true
BdDbPRqz1N,2023,Modbury Jets,Under 14's JSL C,18,4,320,1,0,0,0,0,false
BdDbPRqz1N,2024,Modbury Jets,Under 15 JSL A; U15 Carl's Junior Boys Cup; Reserves WNPL & WSL Trials,22,8,710,1,0,0,0,0,false
BdDbPRqz1N,2025,Modbury Vista,Under 16 Trials; Nova Under 16's YSL A Mixed; U16 Carl's Jr. Youth Premier Cup; Under 16 YSL Bottom Half,19,13,1190,3,0,0,0,0,false
BdDbPRqz1N,2026,Pontian Eagles,Federation Cup U18's; HPG Homes State League 2 North - Under 18's,19,17,1530,0,0,0,0,0,false
BdDbPRyq6N,2026,Plympton FC,Federation Cup U18's; Reserves; HPG Homes State League 2 South - Under 18's; HPG Homes State League 2 South - Reserves,16,9,1182,1,3,0,0,0,false
BdDbPaAX1N,2026,Elizabeth Downs Soccer Club,Under 18's; Federation Cup U18's; HPG Homes State League 2 North - Under 18's,17,2,180,1,0,1,0,0,false
BdDbPaWJwN,2026,Seaford Rangers,HPG Homes State League 2 South; HPG Homes State League 2 (Seniors) Finals Series,9,6,611,4,0,0,0,0,false
BdDbPaWOQN,2026,Adelaide Titans Football Club,HPG Homes State League 2 South - Reserves; HPG Homes State League 2 South,16,12,1132,2,1,0,0,0,false
BdDbPagaGN,2026,Western Strikers,Federation Cup Reserves; HPG Homes State League 2 South - Reserves; HPG Homes State League 2 (Reserves) Final Series,17,14,1630,4,0,0,0,0,false
BdDbPbW9JN,2023,Modbury Jets,Under 14's JPL B; U14 Carl's Junior Boys Cup,19,10,880,4,0,0,0,0,false
BdDbPbW9JN,2024,Modbury Jets,Under 15 Trials - No Match Officials; Under 15 JPL B; U15 Carl's Junior Boys Cup; Under 15 JSL A,23,19,1695,6,0,0,0,0,false
BdDbPbW9JN,2025,Modbury Jets,Under 16 Trials - No Match Officials; Nova Under 16's YPL A Mixed; U16 Carl's Jr. Youth Premier Cup; RAA NPL Under 18's,29,21,1995,1,1,0,0,0,false
BdDbPbW9JN,2026,Modbury Vista,Federation Cup U18's; Under 18's; HPG Homes State League 2 North - Under 18's; HPG Homes State League 2 North - Reserves; HPG Homes State League 2 (18s) Final Series; HPG Homes State League 2 (Reserves) Final Series,29,24,2353,5,0,0,0,0,false
BdDbPbg9xN,2026,Elizabeth Grove,Hahn Australia Cup SA Preliminary Rounds; Senior Men's Trials; HPG Homes State League 2 North - Reserves,13,11,1025,2,6,0,0,0,false
BdDbPpeV6N,2023,Adelaide City,Under 13's JSL A; U13 Carl's Junior Boys Cup,19,18,1430,6,0,0,0,0,false
BdDbPpeV6N,2024,Adelaide City,Under 14 Trials; Under 14 JSL A; U14 Carl's Junior Boys Cup; Under 14 JPL A; U15 Carl's Junior Boys Cup,20,16,1260,1,2,0,0,0,false
BdDbPpeV6N,2025,Adelaide City,Nova Under 15's YSL A Mixed; U15 Carl's Jr. Youth State Cup,22,18,1710,11,2,0,0,0,false
BdDbPpeV6N,2026,Mount Barker United,Federation Cup U18's; Under 18's; HPG Homes State League 2 South - Under 18's; Nova Under 16's YPL C South Mixed; HPG Homes State League 2 South - Reserves,22,19,2323,0,3,0,0,0,false
BdDbPxBR1N,2026,Adelaide University,Federation Cup Reserves; Reserves; HPG Homes State League 2 South - Reserves,16,14,1692,0,0,0,0,0,false
BdDbPxY9GN,2023,Adelaide University,Under 13's JPL C; U13 Carl's Junior Boys Cup; U13 JPL C - Top Half,19,8,700,0,0,0,0,0,false
BdDbPxY9GN,2024,Adelaide University,Under 15 Trials; Under 14 JPL C; U14 Carl's Junior Boys Cup,15,7,550,0,0,0,0,0,false
BdDbPxY9GN,2025,Adelaide University,Nova Under 15's YPL C Mixed; U15 Carl's Jr. Youth Premier Cup,21,21,1980,1,0,0,0,0,false
BdDbPxY9GN,2026,Adelaide University,Under 16 Trials; Nova Under 16's YPL C South Mixed; U16 Carl's Jr. Youth Premier Cup; HPG Homes State League 2 South - Under 18's; Nova Under 16's YPL C Mixed Finals Series,21,16,1505,2,0,0,0,0,false
BdDbPxvw8N,2024,Seaford Rangers,Under 15 JPL C; Under 14 JPL C; U14 Carl's Junior Boys Cup,18,17,1360,1,0,0,0,0,true
BdDbPxvw8N,2025,Seaford Rangers,Nova Under 15's YPL C Mixed; U15 Carl's Jr. Youth Premier Cup; Nova Under 16's YPL C Mixed; HPG Homes State League 2 South - Under 18's; HPG Homes State League 2 South - Reserves; HPG Homes State League 2 (18s) Final Series,36,32,2990,0,0,0,0,0,true
BdDbPxvw8N,2026,Seaford Rangers,Federation Cup Reserves; Federation Cup U18's; Under 18's; HPG Homes State League 2 South - Under 18's; HPG Homes State League 2 South - Reserves; HPG Homes State League 2 South,25,24,2860,0,0,0,0,1,true
BdDbPxyzGN,2026,Noarlunga United,U16 Carl's Jr. Youth Premier Cup; HPG Homes State League 2 South - Under 18's; Nova Under 16's YPL C South Mixed,12,7,665,0,0,0,0,0,false
BdDbQ9PyQN,2026,Salisbury Inter,Under 16 Trials; U16 Carl's Jr. Youth Premier Cup; HPG Homes State League 2 North - Under 18's; Nova Under 16's YPL C North Mixed; HPG Homes State League 2 North - Reserves; Under 17's B Mixed; Nova Under 16's YPL C Mixed Finals Series,23,20,1850,0,4,0,0,1,true
BdDbQkqG3N,2026,Salisbury Inter,Under 16 Trials; U16 Carl's Jr. Youth Premier Cup; Nova Under 16's YPL C North Mixed; HPG Homes State League 2 North - Under 18's; Nova Under 16's YPL C Mixed Finals Series,16,13,1235,33,4,0,0,0,false
BdDbyRWLJN,2026,Vipers FC,HPG Homes State League 2 South - Reserves; Federation Cup Reserves,7,4,488,3,0,0,0,0,false
BdDbzJao4N,2023,Modbury Jets,RAA NPL Reserves; RAA NPL,14,10,618,2,5,0,0,0,false
BdDbzJao4N,2024,Modbury Jets,Senior Men's Trial Matches; RAA NPL; Australia Cup SA Preliminary Rounds,24,21,1667,0,4,1,0,0,false
BdDbzJao4N,2025,Modbury Jets,RAA NPL; Australia Cup SA Preliminary Rounds,21,17,1695,0,5,0,0,0,false
BdDbzJao4N,2026,Modbury Jets,Hahn Australia Cup SA Preliminary Rounds; HPG Homes State League 1,26,26,3041,1,8,0,0,0,false
BdDbzJaq8N,2026,Barossa United,Hahn Australia Cup SA Preliminary Rounds; HPG Homes State League 2 North,17,17,1560,2,4,0,0,0,false
BdDbzP4A6N,2026,Salisbury United,HPG Homes State League 1; Hahn Australia Cup SA Preliminary Rounds,23,21,2251,4,1,0,0,0,false
BdDbzP4ZJN,2026,Noarlunga United,U16 Carl's Jr. Youth Premier Cup; Nova Under 16's YPL C South Mixed; HPG Homes State League 2 South - Under 18's; Under 16 Trials,21,14,1325,5,3,1,0,0,false
BdDbzPrexN,2026,Cumberland United,HPG Homes State League 1; HPG Homes State League 1 Reserves; Hahn Australia Cup SA Preliminary Rounds,28,13,1970,5,2,0,0,0,false
BdDbzVgg3N,2026,Playford City; Modbury Jets,Hahn Australia Cup SA Preliminary Rounds; RAA NPL; HPG Homes State League 1; Senior Men's Trials,21,9,1307,3,2,0,0,0,false
BdDbzW0aQN,2023,West Beach FC,Under 14's JSL A; U14 Carl's Junior Boys Cup,19,19,1510,9,0,0,0,0,false
BdDbzW0aQN,2024,West Beach FC,Under 15 JSL A; U15 Carl's Junior Boys Cup,22,21,1880,13,1,0,0,0,false
BdDbzW0aQN,2025,Port Adelaide,Nova Under 16's YPL B Mixed; HPG Homes State League 2 North - Under 18's; HPG Homes State League 2 (18s) Final Series,28,25,2400,6,2,0,0,0,false
BdDbzW0aQN,2026,Port Adelaide,Federation Cup U18's; Under 18's; HPG Homes State League 2 North - Under 18's; HPG Homes State League 2 North - Reserves; HPG Homes State League 2 (Reserves) Final Series,24,19,1926,2,4,1,0,0,false
BdDbzWW5wN,2026,Barossa United,Federation Cup U18's; HPG Homes State League 2 North - Under 18's,15,12,1110,1,0,0,0,0,false
BdDbzZ9bJN,2026,Adelaide Olympic,Hahn Australia Cup SA Preliminary Rounds; HPG Homes State League 1,23,21,2455,1,5,0,0,0,false
BdDbzgr53N,2026,Adelaide Croatia Raiders,Hahn Australia Cup SA Preliminary Rounds; HPG Homes State League 1,26,22,2417,4,2,0,0,0,false
BdDbzgrRQN,2026,Adelaide Cobras,Hahn Australia Cup SA Preliminary Rounds; HPG Homes State League 1; HPG Homes State League 1 Reserves,21,11,1615,0,6,1,0,0,false
BdDbzznM1N,2026,Adelaide Blue Eagles,HPG Homes State League 1 Reserves; HPG Homes State League 1; Federation Cup Reserves,10,7,853,0,2,0,0,0,false
BdDx2Drgwd,2023,Vipers FC,Under 16's JPL B; U16 Carl's Junior Boys Cup,17,16,1430,7,1,0,0,0,false
BdDx2Drgwd,2024,Port Adelaide,Federation Cup U18's; State League 2 Under 18's; State League 2 Reserves,21,14,1338,13,2,1,0,0,false
BdDx2Drgwd,2025,Port Adelaide,Under 18's; Reserves; HPG Homes State League 2 North - Under 18's; Federation Cup U18's; HPG Homes State League 2 North - Reserves; HPG Homes State League 2 (18s) Final Series,32,25,2497,19,6,0,0,0,false
BdDx2Drgwd,2026,Port Adelaide,Federation Cup Reserves; HPG Homes State League 2 North - Reserves; HPG Homes State League 2 North; Senior Men's Trials; HPG Homes State League 2 (Reserves) Final Series,23,17,1479,7,1,1,0,0,false
BdDx2WRR8d,2023,,,0,0,0,0,0,0,0,0,false
BdDx2WRR8d,2024,South Adelaide,Under 16 JPL A; U16 Carl's Junior Boys Cup; RAA NPL Under 18's; Under 17 JPL B,24,23,2050,2,4,0,0,0,false
BdDx2WRR8d,2025,South Adelaide,Under 18's; HPG Homes State League 1 Under 18's; Federation Cup U18's; HPG Homes State League 1 Reserves,27,21,1941,0,4,0,0,0,false
BdDx2WRR8d,2026,South Adelaide,HPG Homes State League 1 Under 18's; Federation Cup U18's; Federation Cup Reserves; HPG Homes State League 1 Reserves,11,4,571,0,2,0,0,0,false
BdDx65ybQd,2024,Cove FC,U18 Trial Matches; Federation Cup U18's; State League 2 Under 18's; State League 2 Reserves,27,23,2054,5,5,1,0,0,false
BdDx65ybQd,2025,Cove FC,HPG Homes State League 1 Reserves; Federation Cup Reserves,23,16,1597,1,4,0,0,0,false
BdDx65ybQd,2026,Cove FC,HPG Homes State League 1 Reserves; Federation Cup Reserves; Senior Men's Trials,23,15,1981,0,2,0,0,0,false
BdDxXOv04d,2024,Pitbulls Football Club,Australia Cup SA Preliminary Rounds,1,1,120,0,1,0,0,0,false
BdDxXOv04d,2025,Pitbulls Football Club,Australia Cup SA Preliminary Rounds,1,1,120,0,0,0,0,0,false
BdDxXOv04d,2026,Ghan United,Hahn Australia Cup SA Preliminary Rounds; Senior Men's Trials; HPG Homes State League 2 South; HPG Homes State League 2 (Seniors) Finals Series,21,20,2144,0,1,0,0,0,false
BdDxXo144d,2024,Salisbury Inter,Under 12 JSL Yellow; U12 Carl's Junior Boys Cup; U12 JSL C,23,21,1360,0,0,0,0,0,false
BdDxXo144d,2025,Salisbury Inter,Under 13 Trials; Nova Under 13's YPL C Mixed; U13 Carl's Jr. Youth Premier Cup,21,18,1335,1,0,0,0,0,false
BdDxXo144d,2026,Salisbury Inter,U14 Carl's Jr. Youth Premier Cup; HPG Homes State League 2 North - Reserves; Nova Under 14's YPL C North Mixed,18,12,1010,0,0,0,0,0,false
BdDxYqxg8d,2024,Modbury Vista,Under 16 Trials - No Match Officials; Under 16 JPL B; U16 Carl's Junior Boys Cup; Under 17 JPL B,24,15,1350,1,0,0,0,0,false
BdDxYqxg8d,2025,Para Hills Knights,Under 17 Trials; Under 18's; U17 Carl's Jr. Youth Premier Cup; Federation Cup U18's; RAA NPL Under 18's; Nova Under 17's YPL B Mixed,23,17,1590,12,0,0,0,0,false
BdDxYqxg8d,2026,Adelaide Atletico VSC,HPG Homes State League 1 Under 18's; Federation Cup U18's; HPG Homes State League 1 Reserves,17,6,720,1,1,0,0,0,false
BdV5Px3YKE,2023,Salisbury Inter,Under 15's JSL B; U15 Carl's Junior Boys Cup,23,22,1970,0,0,0,0,0,true
BdV5Px3YKE,2024,Para Hills Knights,Under 15 Trials - No Match Officials; Under 15 JSL A; Under 15 JPL B; U15 Carl's Junior Boys Cup,19,17,1520,2,3,0,0,0,false
BdV5Px3YKE,2025,Salisbury Inter,Under 17 Trials; Nova Under 16's YSL A Mixed; Nova Under 17's YPL B Mixed; U17 Carl's Jr. Youth Premier Cup; HPG Homes State League 2 North - Under 18's; Under 16 YSL Bottom Half,19,17,1580,2,1,0,0,0,false
BdV5Px3YKE,2026,Salisbury Inter,HPG Homes State League 2 North - Under 18's; HPG Homes State League 2 (18s) Final Series,11,5,510,1,0,0,0,0,false
BdV5Pz8PKE,2026,Salisbury United,Hahn Australia Cup SA Preliminary Rounds; HPG Homes State League 1 Reserves,3,3,360,0,0,0,0,0,true
BdV5n02lKE,2023,Modbury Jets,Under 12's JSL Yellow; Under 12's JPL Yellow; U12 Carl's Junior Boys Cup; Under 12 JSL A; Under 12 JPL B,36,29,2080,13,1,0,0,3,true
BdV5n02lKE,2024,Football SA State Squads,Under 14 Trials; Under 14 JPL A; U14 Carl's Junior Boys Cup,16,13,1025,0,0,1,0,0,false
BdV5n02lKE,2025,Football SA State Squads; Adelaide United,Under 14 Trials; Nova Under 15's YPL A Mixed; Nova Under 14's YPL A Mixed; Nova Under 16's YPL A Mixed; U14 Carl's Jr. Youth Premier Cup; U15 Carl's Jr. Youth Premier Cup; U16 Carl's Jr. Youth Premier Cup; RAA NPL Under 18's; RAA NPL Reserves,45,16,1435,0,1,0,0,3,true
BdV5n02lKE,2026,Modbury Jets,Nova Under 15's YPL B Mixed; U15 Carl's Jr. Youth Premier Cup; Nova Under 16's YPL B Mixed; U16 Carl's Jr. Youth Premier Cup; Federation Cup U18's; HPG Homes State League 1 Under 18's; HPG Homes State League 1 Reserves,33,24,2330,0,0,0,0,3,true
BdVn03zbdE,2023,Adelaide Blue Eagles,Under 15's JPL B; Under 17's JPL A; U15 Carl's Junior Boys Cup; Under 14's JSL B; U15 JPL B - Bottom Half; Under 14's JPL B,25,21,1850,1,0,0,0,0,false
BdVn03zbdE,2024,Adelaide Blue Eagles,Under 16 Trials; Under 16 JPL B; U16 Carl's Junior Boys Cup; Under 15 JPL C,27,26,2305,0,3,0,0,0,false
BdVn03zbdE,2025,Adelaide Blue Eagles,Nova Under 17's YPL B Mixed; U16 Carl's Jr. Youth Premier Cup; U17 Carl's Jr. Youth Premier Cup; Nova Under 16's YPL C Mixed,25,22,2030,9,1,0,0,0,false
BdVn03zbdE,2026,Adelaide Blue Eagles,HPG Homes State League 1 Under 18's; U17 Carl's Jr. Youth Premier Cup; Federation Cup Reserves; HPG Homes State League 1 Reserves; Under 17's A Mixed,29,28,3269,3,6,0,0,0,false
BdVn0BnqdE,2023,Adelaide University,State League 2 Reserves; Federation Cup Reserves; State League 2; 23 Reserves Trial Matches,26,24,2797,1,0,0,0,0,false
BdVn0BnqdE,2024,Adelaide University,Reserves Trial Matches; Federation Cup Reserves; State League 2 Reserves,25,22,2006,3,2,0,0,0,false
BdVn0BnqdE,2025,Adelaide University,Reserves; Senior Men's Trials; HPG Homes State League 2 South - Reserves; Federation Cup Reserves,22,21,1848,13,0,0,0,0,false
BdVn0BnqdE,2026,Adelaide University,Federation Cup Reserves; Reserves; Senior Men's Trials; Hahn Australia Cup SA Preliminary Rounds; HPG Homes State League 2 South; HPG Homes State League 2 South - Reserves,28,15,1963,10,2,0,0,0,false
BdVn7xaPdE,2023,MetroStars,RAA NPL Reserves; Federation Cup Reserves; Senior Men's Trials,24,15,1634,1,1,0,0,0,false
BdVn7xaPdE,2024,Adelaide Victory,Reserves Trial Matches; State League 1 Reserves; Federation Cup Reserves; State League 1,25,16,1692,2,2,0,0,0,false
BdVn7xaPdE,2026,Adelaide Blue Eagles,HPG Homes State League 1 Reserves,15,13,1648,3,0,0,0,0,false
BdVnB6E1dE,2023,Adelaide Victory,Australia Cup SA Preliminary Rounds; State League 1; 23 Senior Men's Trial Matches,24,22,604,10,3,0,0,0,false
BdVnB6E1dE,2024,Adelaide Victory; Adelaide Olympic,Senior Men's Trial Matches; Australia Cup SA Preliminary Rounds; State League 1; RAA NPL,24,14,1237,3,1,0,0,0,false
BdVnB6E1dE,2025,Adelaide Olympic,HPG Homes State League 1; Australia Cup SA Preliminary Rounds,22,16,1492,5,3,0,0,0,false
BdVnB6E1dE,2026,Adelaide Olympic,Hahn Australia Cup SA Preliminary Rounds; HPG Homes State League 1,20,14,1556,4,3,0,0,0,false
BdVnBDpYdE,2023,Cumberland United,Senior Men's Trials; State League 1 Under 18's; State League 1 Reserves; Federation Cup Reserves; Reserves,35,25,3101,13,6,0,0,0,false
BdVnBDpYdE,2024,Cumberland United,Reserves Trial Matches; State League 1 Reserves; Federation Cup Reserves,25,20,1732,11,2,1,0,0,false
BdVnBDpYdE,2025,Vipers FC; Adelaide Cobras,HPG Homes State League 1 Reserves,19,14,1343,3,4,0,0,0,false
BdVnBDpYdE,2026,Adelaide Cobras,HPG Homes State League 1 Reserves; HPG Homes State League 1; Hahn Australia Cup SA Preliminary Rounds; Federation Cup Reserves,24,22,2390,5,5,0,0,0,false
BdVnQEzldE,2023,Campbelltown City,RAA NPL Under 18's; Federation Cup U18's; Under 17's JPL A,29,8,810,4,3,0,0,0,false
BdVnQEzldE,2024,Campbelltown City,U18 Trial Matches; RAA NPL Under 18's; Federation Cup U18's,31,25,2250,8,1,0,0,0,false
BdVnQEzldE,2025,Mount Barker United,Reserves; Senior Men's Trials; HPG Homes State League 2 South - Reserves; Australia Cup SA Preliminary Rounds; Federation Cup Reserves; HPG Homes State League 2 South; HPG Homes State League 2 (Reserves) Final Series,29,21,1810,3,1,0,0,0,false
BdVnQEzldE,2026,Mount Barker United,Hahn Australia Cup SA Preliminary Rounds; Senior Men's Trials; HPG Homes State League 2 South; HPG Homes State League 2 South - Reserves,22,17,1548,5,1,0,0,0,false
BdVnZ5gPdE,2023,Adelaide Comets,Under 13 Trials; Under 13's JPL A; U13 Carl's Junior Boys Cup; Under 13's JSL A,28,19,1410,14,0,0,0,0,false
BdVnZ5gPdE,2024,Adelaide Comets,Under 14 Trials; Under 14 JPL A; Under 14 JSL A; U14 Carl's Junior Boys Cup,28,16,1260,9,2,0,0,0,false
BdVnZ5gPdE,2025,Adelaide City,Under 17 Trials; Nova Under 15's YPL A Mixed; U15 Carl's Jr. Youth Premier Cup,29,23,2155,5,2,0,0,0,false
BdVnZ5gPdE,2026,Adelaide Olympic,Under 16 Trials; Under 15 Trials; Nova Under 16's YPL A Mixed; U16 Carl's Jr. Youth Premier Cup; HPG Homes State League 1 Under 18's,27,24,2245,10,3,0,0,0,false
BdVnq021dE,2023,Adelaide Blue Eagles,Australia Cup SA Preliminary Rounds; State League 1; State League 1 Reserves,20,13,549,4,3,0,0,0,false
BdVnq021dE,2024,Adelaide Blue Eagles; Modbury Vista,Federation Cup Reserves; State League 1 Reserves; State League 2,20,12,1250,8,3,0,0,0,false
BdVnq021dE,2025,Adelaide Blue Eagles,HPG Homes State League 1; HPG Homes State League 1 Reserves; Australia Cup SA Preliminary Rounds,18,11,1095,4,3,0,0,0,false
BdVnq021dE,2026,Port Adelaide,Hahn Australia Cup SA Preliminary Rounds; Senior Men's Trials; HPG Homes State League 2 North,19,18,1657,4,0,0,0,0,false
BdVnqya5dE,2023,Adelaide Olympic,Federation Cup U18's; RAA NPL Under 18's; Under 17's JPL A,21,3,300,1,0,0,0,0,false
BdVnqya5dE,2024,Modbury Jets,U18 Trial Matches; RAA NPL Under 18's; Federation Cup U18's; RAA NPL Reserves; Under 17 JPL B,28,20,1620,0,6,0,0,0,false
BdVnqya5dE,2025,Adelaide Olympic; Cumberland United,HPG Homes State League 1 Reserves; HPG Homes State League 1 Under 18's,25,12,1090,0,3,0,0,0,false
BdVnqya5dE,2026,Cumberland United,HPG Homes State League 1 Reserves,19,16,1784,0,4,1,0,0,false
BdVnyl4qdE,2023,Adelaide City,Under 15's JSL A; Under 15's JPL A; Under 15's JSL B; Under 17's JPL A,16,7,630,0,0,0,0,0,true
BdVnyl4qdE,2024,Adelaide Comets,Under 17 Trials; Under 17 JPL A; Under 17 JPL C; U17 Carl's Junior Boys Cup,16,4,360,2,0,0,0,0,false
BdVnyl4qdE,2025,Adelaide Comets,Nova Under 17's YPL A Mixed; U17 Carl's Jr. Youth Premier Cup,13,12,1125,2,0,0,0,0,false
BdVnyl4qdE,2026,Adelaide University,Federation Cup U18's,1,0,0,0,0,0,0,0,false
BdVnywpYdE,2023,Vipers FC,Under 14's JPL A; Under 14's JSL B; U14 Carl's Junior Boys Cup; State League 1 Under 18's; U18 Trial Matches,29,28,2430,0,3,0,0,0,true
BdVnywpYdE,2024,Vipers FC,U18 Trial Matches; Under 15 Trials; Under 16 Trials - No Match Officials; Under 15 JPL A; U15 Carl's Junior Boys Cup; Under 15 JSL A,28,26,2400,2,1,0,0,3,true
BdVnywpYdE,2025,Vipers FC,Under 18's; HPG Homes State League 1 Under 18's; Federation Cup U18's; HPG Homes State League 1 Reserves,22,22,2010,0,2,1,0,1,true
BdVnywpYdE,2026,Adelaide Cobras,HPG Homes State League 1 Under 18's; HPG Homes State League 1 Reserves; Federation Cup U18's,7,3,397,0,0,0,0,0,true
BdVxJYywgN,2024,Mount Barker United,Senior Men's Trial Matches; Australia Cup SA Preliminary Rounds; State League 2; State League 2 Reserves,20,13,912,0,3,0,0,0,false
BdVxJYywgN,2025,Mount Barker United,Reserves; HPG Homes State League 2 South - Reserves; Federation Cup Reserves; HPG Homes State League 2 South; HPG Homes State League 2 (Reserves) Final Series,27,20,1965,3,5,0,0,0,false
BdVxJYywgN,2026,Mount Barker United,HPG Homes State League 2 South - Reserves,1,0,39,0,0,0,0,0,false
BdVxJezJYN,2023,Adelaide Hills Hawks,State League 2 Reserves; Federation Cup Reserves; State League 2,19,10,1394,2,3,0,0,0,false
BdVxJezJYN,2024,Mount Barker United,Senior Men's Trial Matches; Australia Cup SA Preliminary Rounds; State League 2 Reserves; State League 2,25,21,1919,4,4,0,0,0,false
BdVxJezJYN,2025,Modbury Vista,Senior Men's Trials; HPG Homes State League 2 North; Australia Cup SA Preliminary Rounds; HPG Homes State League 2 North - Reserves; HPG Homes State League 2 (Seniors) Final Series,18,8,867,3,1,0,0,0,false
BdVxJezJYN,2026,Modbury Vista,HPG Homes State League 2 North - Reserves; HPG Homes State League 2 North; HPG Homes State League 2 (Reserves) Final Series,14,8,739,6,2,0,0,0,false
BdVxJnnl0N,2023,Elizabeth Grove,Australia Cup SA Preliminary Rounds,1,1,120,0,0,0,0,0,false
BdVxJnnl0N,2024,Elizabeth Grove,Australia Cup SA Preliminary Rounds,2,1,182,0,1,0,0,0,false
BdVxJnnl0N,2025,Elizabeth Grove,Senior Men's Trials; HPG Homes State League 2 North; Australia Cup SA Preliminary Rounds,15,14,1352,0,3,0,0,0,false
BdVxJnnl0N,2026,Elizabeth Grove,Hahn Australia Cup SA Preliminary Rounds; Senior Men's Trials; HPG Homes State League 2 North,7,6,455,0,1,0,0,0,false
BdVxZ1GM5N,2025,Pontian Eagles,HPG Homes State League 1 Reserves,13,10,815,0,0,0,0,0,false
BdVxZ1GM5N,2026,Pontian Eagles,Federation Cup Reserves; HPG Homes State League 2 North - Reserves,6,1,120,0,0,0,0,0,false
BdVxZ92zbN,2025,,,0,0,0,0,0,0,0,0,false
BdVxZ92zbN,2026,Adelaide Hills Hawks; South Adelaide,HPG Homes State League 2 South; HPG Homes State League 1,12,9,954,5,3,0,0,0,false
BdVxZG8R5N,2024,Northern Demons,State League 2 Under 18's,7,3,270,0,0,0,0,0,false
BdVxZG8R5N,2025,Northern Demons,HPG Homes State League 2 North - Under 18's,3,2,180,1,0,0,0,0,false
BdVxZG8R5N,2026,Whyalla Lions FC; Northern Demons,Hahn Australia Cup SA Preliminary Rounds; HPG Homes State League 2 North - Under 18's,5,4,386,1,0,0,0,0,false
BdVzAJMq9d,2026,Ghan United,Federation Cup U18's; HPG Homes State League 2 South - Under 18's,10,4,480,1,0,0,0,0,false
BdVzLA5kYd,2024,Eastern United,State League 2 Under 18's; State League 2 Reserves; Federation Cup U18's; Federation Cup Reserves; State League 2,33,25,2149,7,5,0,0,0,false
BdVzLA5kYd,2025,Eastern United,HPG Homes State League 2 South; Australia Cup SA Preliminary Rounds; HPG Homes State League 2 South - Reserves; HPG Homes State League 2 (Seniors) Final Series,21,16,1621,3,2,1,0,0,false
BdVzLA5kYd,2026,Eastern United,Hahn Australia Cup SA Preliminary Rounds; HPG Homes State League 1; Senior Men's Trials; HPG Homes State League 1 Under 18's,23,20,2097,0,6,1,0,0,false
BdVzLOpwbd,2025,WT Birkalla,Reserves; RAA NPL Reserves; Federation Cup Reserves,27,23,2273,1,4,0,0,0,false
BdVzLOpwbd,2026,Adelaide University,HPG Homes State League 2 South - Reserves; HPG Homes State League 2 South,10,7,998,0,1,0,0,0,false
BdVzLPbV0d,2025,Cove FC,Under 18's; Reserves; HPG Homes State League 1 Under 18's; HPG Homes State League 1 Reserves; Federation Cup Reserves; Australia Cup SA Preliminary Rounds,39,24,2386,2,0,0,0,0,false
BdVzLPbV0d,2026,Cove FC,Federation Cup Reserves; Hahn Australia Cup SA Preliminary Rounds; HPG Homes State League 1; HPG Homes State League 1 Reserves; Senior Men's Trials,19,14,1501,1,1,0,0,0,false
BdVzLan4qd,2025,Seaford Rangers,HPG Homes State League 2 South - Under 18's; Federation Cup U18's; Federation Cup Reserves; HPG Homes State League 2 South - Reserves; HPG Homes State League 2 (18s) Final Series,31,21,2193,4,2,0,0,0,false
BdVzLan4qd,2026,Seaford Rangers,HPG Homes State League 2 South - Reserves,16,16,1767,0,0,0,0,0,false
BdVzLbzpYd,2025,Cumberland United,Nova Under 16's YSL A Mixed; U16 Carl's Jr. Youth Premier Cup; Nova Under 17's YPL A Mixed; Under 16 YSL Top Half,25,20,1855,5,4,0,0,0,false
BdVzLbzpYd,2026,Cumberland United,Under 17 Trials; U17 Carl's Jr. Youth Premier Cup; Under 17's A Mixed; HPG Homes State League 1 Under 18's,21,19,1770,2,1,0,0,0,false
BdVza9Bpgd,2024,Northern Demons,State League 2 Under 18's; Under 15 JPL C,11,3,270,0,0,0,0,0,false
BdVza9Bpgd,2025,Northern Demons,HPG Homes State League 2 North - Under 18's; Nova Under 15's YSL C Mixed; U15 Carl's Jr. Youth State Cup,18,14,1330,7,1,0,0,0,false
BdVza9Bpgd,2026,Northern Demons,Federation Cup U18's; HPG Homes State League 2 North - Under 18's,17,10,930,4,0,0,0,0,false
BdVzl4bEqd,2023,Western Strikers,Australia Cup SA Preliminary Rounds; State League 2; State League 2 Reserves,17,11,302,1,0,0,0,0,false
BdVzl4bEqd,2024,Port Adelaide,Senior Men's Trial Matches; Australia Cup SA Preliminary Rounds; State League 2,17,12,910,2,1,0,0,0,false
BdVzl4bEqd,2025,Adelaide Hills Hawks,Senior Men's Trials; HPG Homes State League 2 South; Australia Cup SA Preliminary Rounds,20,17,1713,4,0,0,0,0,false
BdVzl4bEqd,2026,Adelaide Hills Hawks,Hahn Australia Cup SA Preliminary Rounds; Senior Men's Trials; HPG Homes State League 2 South; HPG Homes State League 2 South - Reserves,18,12,1675,6,1,0,0,0,false
BdVzlBgy0d,2025,Salisbury United,Senior Men's Trials; Reserves; HPG Homes State League 1 Under 18's; Australia Cup SA Preliminary Rounds; Federation Cup U18's,9,4,423,4,0,0,0,0,false
BdVzlBgy0d,2026,Elizabeth Downs Soccer Club,Under 18's; Reserves; Federation Cup U18's; Federation Cup Reserves; HPG Homes State League 2 North - Under 18's; HPG Homes State League 2 North - Reserves,37,21,2136,18,3,0,0,0,false
BdVzlEZO1d,2026,Adelaide Olympic,HPG Homes State League 1 Under 18's; Federation Cup U18's,20,5,600,1,0,0,0,0,false
BdVzlO5Z1d,2026,Gawler Eagles,Federation Cup U18's; Under 18's; HPG Homes State League 2 North - Under 18's,19,7,630,0,3,0,0,0,false
BdVzlOeGqd,2026,Eastern United,Federation Cup U18's; HPG Homes State League 1 Under 18's; Nova Under 15's YPL B Mixed; Nova Under 16's YPL B Mixed; U16 Carl's Jr. Youth Premier Cup,28,25,2850,0,2,0,0,1,true
BdVzlOnV5d,2026,Seaford Rangers,Federation Cup U18's; Under 18's; Senior Men's Trials; HPG Homes State League 2 South - Under 18's; HPG Homes State League 2 South - Reserves; HPG Homes State League 2 South,26,20,2626,23,3,0,0,0,false
BdVzlPJnGd,2026,Barossa United,HPG Homes State League 2 North - Under 18's; HPG Homes State League 2 North - Reserves,2,1,90,0,0,0,0,0,true
BdVzlY9Dqd,2026,Adelaide Olympic,HPG Homes State League 1 Reserves; Federation Cup Reserves,26,24,2495,0,4,0,0,0,false
BdVzlYEvbd,2026,Adelaide Blue Eagles,HPG Homes State League 1 Under 18's; Federation Cup U18's; Under 17's A Mixed; HPG Homes State League 1 Reserves,19,14,1802,1,1,0,0,0,false
BdVzlYVvGd,2026,Plympton FC,Hahn Australia Cup SA Preliminary Rounds; Senior Men's Trials; HPG Homes State League 2 South; HPG Homes State League 2 South - Reserves,18,17,1797,1,2,0,0,0,false
BdVzlYqlPd,2026,Elizabeth Grove,Federation Cup U18's; HPG Homes State League 2 North - Under 18's,8,4,420,0,2,1,0,0,false
BdVzllr3gd,2026,South Adelaide,HPG Homes State League 1 Under 18's; Federation Cup U18's,23,1,120,4,0,0,0,0,false
BdVzlveA9d,2026,Adelaide Cobras,HPG Homes State League 1 Under 18's; Federation Cup U18's; HPG Homes State League 1 Reserves,19,9,1080,0,1,1,0,0,false
BdVzlweR5d,2026,Plympton FC,Federation Cup U18's; Reserves; HPG Homes State League 2 South - Under 18's; HPG Homes State League 2 South - Reserves,19,13,1577,0,0,0,0,0,false
EN2ZV92jrN,2024,Mount Barker United,Under 14 Trials - No Match Officials; Under 14 JSL B; U14 Carl's Junior Boys Cup,19,17,1350,1,0,0,0,0,false
EN2ZV92jrN,2025,Adelaide Hills Hawks,Nova Under 15's YPL C Mixed,16,14,1330,0,1,0,0,0,true
EN2ZV92jrN,2026,Mount Barker United,Under 16 Trials; Nova Under 16's YPL C South Mixed; U16 Carl's Jr. Youth Premier Cup; HPG Homes State League 2 South - Under 18's,18,18,1705,0,1,0,0,0,true
EN2ZwObvlN,2023,Fulham United,Under 14's JPL B; U14 Carl's Junior Boys Cup; Under 15's JPL B; Under 15's JSL B,22,21,1830,2,0,0,0,0,false
EN2ZwObvlN,2024,Fulham United,Under 15 JPL A; U15 Carl's Junior Boys Cup,23,21,1880,2,1,0,0,0,false
EN2ZwObvlN,2025,Fulham United,Under 16 Trials; Nova Under 16's YPL B Mixed; U16 Carl's Jr. Youth Premier Cup,22,16,1500,5,0,0,0,0,false
EN2ZwObvlN,2026,Fulham United,HPG Homes State League 1 Under 18's; Federation Cup U18's,25,24,2880,0,2,0,0,0,false
EN2ZwOjX2N,2023,Adelaide Croatia Raiders,Under 15's JSL A; U15 Carl's Junior Boys Cup,22,20,1790,4,0,0,0,0,false
EN2ZwOjX2N,2024,Adelaide Croatia Raiders,Under 17 Trials - No Match Officials; Under 17 JPL A; U17 Carl's Junior Boys Cup,12,10,890,1,0,0,0,0,false
EN2ZwOjX2N,2025,Croydon FC,Under 17 Trials - No Match Officials; Nova Under 17's YPL A Mixed; RAA NPL Under 18's; U17 Carl's Jr. Youth Premier Cup,23,19,1785,0,1,0,0,0,false
EN2ZwOjX2N,2026,Adelaide Atletico VSC,HPG Homes State League 1 Under 18's; Federation Cup U18's,19,16,1920,0,0,0,0,0,false
EN2gPZ93Kq,2023,Salisbury Inter,Under 13's JSL C; U13 Carl's Junior Boys Cup,18,17,1350,16,1,0,0,0,false
EN2gPZ93Kq,2024,Salisbury Inter,Under 15 JSL B; U15 Carl's Junior Boys Cup,21,19,1700,12,0,0,0,0,false
EN2gPZ93Kq,2026,Salisbury Inter,U16 Carl's Jr. Youth Premier Cup; Nova Under 16's YPL C North Mixed; HPG Homes State League 2 North - Under 18's; Nova Under 16's YPL C Mixed Finals Series,18,16,1520,16,1,0,0,0,false
EN2gka9rKq,2023,Cumberland United,Under 14 Trials; Under 14's JPL A; Under 14's JSL A; U14 Carl's Junior Boys Cup,17,14,1040,0,0,0,0,0,false
EN2gka9rKq,2024,Cumberland United,Under 15 Trials; Under 15 JSL A; U15 Carl's Junior Boys Cup; Under 15 JPL A,20,18,1600,1,2,1,0,0,false
EN2gka9rKq,2025,Cumberland United,Under 16 Trials; Nova Under 16's YSL A Mixed; U16 Carl's Jr. Youth Premier Cup; Nova Under 17's YPL A Mixed; Nova Under 16's YPL A Mixed,23,16,1585,1,2,0,0,0,false
EN2gka9rKq,2026,Adelaide University,Federation Cup U18's; HPG Homes State League 2 South - Under 18's,16,12,1440,0,4,1,0,0,false
EN2gkzkBKq,2023,Barossa United,Under 12's JSL Yellow; U12 Carl's Junior Boys Cup; Under 12 JSL C,18,13,910,3,0,0,0,0,true
EN2gkzkBKq,2024,Barossa United,Under 13 JSL D,9,7,490,0,2,0,0,0,false
EN2gkzkBKq,2025,Barossa United,Nova Under 14's YSL C Mixed; U14 Carl's Jr. Youth State Cup; Nova Under 14's YSL B Mixed,18,17,1440,2,1,0,0,0,false
EN2gkzkBKq,2026,Barossa United,Under 15's YSL C Mixed; U15 Carl's Jr. Youth State Cup; HPG Homes State League 2 North - Under 18's,20,17,1615,3,0,0,0,0,false
EN2gpll7Kq,2023,Barossa United,Under 13's JSL C; U13 Carl's Junior Boys Cup,17,12,950,2,0,0,0,0,false
EN2gpll7Kq,2024,Barossa United,Under 14 JSL C; U14 Carl's Junior Boys Cup,15,5,390,6,0,0,0,0,false
EN2gpll7Kq,2025,Barossa United,Nova Under 15's YSL C Mixed; U15 Carl's Jr. Youth State Cup,20,20,1900,16,1,0,0,0,false
EN2gpll7Kq,2026,Barossa United,Federation Cup U18's; HPG Homes State League 2 North - Under 18's,19,15,1380,2,1,0,0,0,false
EN2gploVKq,2023,Barossa United,Under 14's JSL B; U14 Carl's Junior Boys Cup; Under 15's JSL B,24,15,1190,3,0,0,0,0,false
EN2gploVKq,2024,Barossa United,Under 14 JSL C; U14 Carl's Junior Boys Cup,15,11,880,1,1,0,0,0,true
EN2gploVKq,2026,Barossa United,Federation Cup U18's; HPG Homes State League 2 North - Under 18's; HPG Homes State League 2 North - Reserves,23,18,1736,0,2,0,0,0,false
EN2gvkgeKq,2025,Adelaide Atletico VSC,HPG Homes State League 2 North; HPG Homes State League 2 (Seniors) Final Series,18,14,1344,1,3,0,0,0,false
EN2gvkgeKq,2026,Adelaide Atletico VSC,HPG Homes State League 1,19,14,1833,1,2,0,0,0,false
EN2n3w3ENq,2023,Modbury Vista,Under 16 Trials; Under 16's JPL B; U16 Carl's Junior Boys Cup; Under 16's JSL B,19,4,360,3,0,0,0,0,false
EN2n3w3ENq,2024,Modbury Vista,Under 17 JPL B; U17 Carl's Junior Boys Cup,18,14,1250,3,1,0,0,0,false
EN2n3w3ENq,2025,Gawler Eagles,Under 18's; HPG Homes State League 2 North - Under 18's; Federation Cup U18's; HPG Homes State League 2 (18s) Final Series,28,23,2250,0,3,0,0,0,false
EN2n3w3ENq,2026,Barossa United,Federation Cup Reserves; HPG Homes State League 2 North - Reserves,5,5,480,0,0,0,0,0,false
EN2n3wPeNq,2023,Elizabeth Downs Soccer Club,Australia Cup SA Preliminary Rounds,1,1,59,0,0,0,0,0,false
EN2n3wPeNq,2024,Elizabeth Downs Soccer Club,Australia Cup SA Preliminary Rounds,3,3,207,2,0,0,0,0,false
EN2n3wPeNq,2026,Elizabeth Downs Soccer Club,Hahn Australia Cup SA Preliminary Rounds,1,1,39,0,0,0,0,0,false
EN2n7WV7Nq,2023,Gawler Eagles,Australia Cup SA Preliminary Rounds; State League 2; State League 2 Reserves; 23 Senior Men's Trial Matches,24,18,-16,4,1,0,0,0,false
EN2n7WV7Nq,2024,Gawler Eagles,Senior Men's Trial Matches; Australia Cup SA Preliminary Rounds; State League 2,26,20,1488,0,1,0,0,0,false
EN2n7WV7Nq,2025,,,0,0,0,0,0,0,0,0,false
EN2n7WV7Nq,2026,Gawler Eagles,Hahn Australia Cup SA Preliminary Rounds; Senior Men's Trials; HPG Homes State League 2 North - Reserves; HPG Homes State League 2 North,10,5,548,0,1,0,0,0,false
EN2nA4plNq,2023,Plympton FC,Under 13's JSL B; U13 Carl's Junior Boys Cup; Under 14's JSL B,17,16,1270,7,0,0,0,0,false
EN2nA4plNq,2024,Cumberland United,Under 14 Trials; Under 14 JSL A; U14 Carl's Junior Boys Cup,18,5,550,1,0,0,0,0,false
EN2nA4plNq,2025,Plympton FC,Under 15 Trials; U16 Carl's Jr. Youth Premier Cup; Nova Under 16's YSL A Mixed; Nova Under 15's YSL B Mixed; U15 Carl's Jr. Youth State Cup; Under 16 YSL Bottom Half,25,18,1695,1,0,0,0,0,false
EN2nA4plNq,2026,Cove FC,Under 16 Trials; Nova Under 16's YPL C South Mixed; U16 Carl's Jr. Youth Premier Cup; HPG Homes State League 1 Under 18's; Nova Under 16's YPL C Mixed Finals Series,24,17,1610,2,0,0,0,0,false
EN2nAGZ7Nq,2023,Noarlunga United; Adelaide University,State League 2; Australia Cup SA Preliminary Rounds,25,22,619,15,2,0,0,0,false
EN2nAGZ7Nq,2024,Cove FC,Senior Men's Trial Matches; State League 2; State League 2 Reserves,6,6,341,3,0,0,0,0,false
EN2nAGZ7Nq,2025,Cove FC,Senior Men's Trials; HPG Homes State League 1; Australia Cup SA Preliminary Rounds,23,18,1535,6,1,0,0,0,false
EN2nAGZ7Nq,2026,Noarlunga United,Hahn Australia Cup SA Preliminary Rounds; HPG Homes State League 2 South; Senior Men's Trials,22,22,2455,8,1,0,0,0,false
EN2nLZaeNq,2023,Para Hills Knights,Under 14 Trials; Under 14's JPL A; Under 14's JSL A; U14 Carl's Junior Boys Cup,28,26,2260,0,0,0,0,0,false
EN2nLZaeNq,2024,Para Hills Knights,Under 15 JPL B; Under 16 JPL A; U15 Carl's Junior Boys Cup; Under 17 JPL B; U16 Carl's Junior Boys Cup; RAA NPL Under 18's,29,22,1960,3,1,0,0,0,false
EN2nLZaeNq,2025,Para Hills Knights,Under 16 Trials; Under 17 Trials; Nova Under 16's YPL B Mixed; U16 Carl's Jr. Youth Premier Cup; RAA NPL Under 18's,31,27,2495,2,1,0,0,0,false
EN2nLZaeNq,2026,Elizabeth Downs Soccer Club,Under 18's; Reserves; Federation Cup U18's; Federation Cup Reserves; HPG Homes State League 2 North - Under 18's; HPG Homes State League 2 North - Reserves,39,20,2244,3,3,0,0,0,false
EN2naAWlNq,2023,Modbury Vista,Australia Cup SA Preliminary Rounds; State League 2; 23 Senior Men's Trial Matches,22,15,458,9,3,1,0,0,false
EN2naAWlNq,2024,Modbury Vista,Reserves Trial Matches; Senior Men's Trial Matches; Australia Cup SA Preliminary Rounds; State League 2,27,19,1187,7,5,0,0,0,false
EN2naAWlNq,2025,Modbury Vista,Senior Men's Trials; Australia Cup SA Preliminary Rounds; HPG Homes State League 2 North; HPG Homes State League 2 North - Reserves; HPG Homes State League 2 (Seniors) Final Series,18,6,881,1,0,0,0,0,false
EN2naAWlNq,2026,Modbury Vista,Hahn Australia Cup SA Preliminary Rounds; HPG Homes State League 2 North - Reserves; HPG Homes State League 2 North,12,8,653,1,1,0,0,0,false
EN2nogOlNq,2023,Adelaide Hills Hawks,Australia Cup SA Preliminary Rounds; State League 2; State League 2 Reserves; 23 Reserves Trial Matches; 23 Senior Men's Trial Matches,29,22,439,1,6,0,0,0,false
EN2nogOlNq,2024,Adelaide Hills Hawks,Senior Men's Trial Matches; Reserves Trial Matches; Australia Cup SA Preliminary Rounds; State League 2; State League 2 Reserves,30,25,2174,0,2,0,0,0,false
EN2nogOlNq,2025,Adelaide Hills Hawks,Senior Men's Trials; Reserves; HPG Homes State League 2 South; HPG Homes State League 2 South - Reserves; Australia Cup SA Preliminary Rounds,24,20,2166,0,5,1,0,0,false
EN2nogOlNq,2026,Adelaide Hills Hawks,Hahn Australia Cup SA Preliminary Rounds; Senior Men's Trials; HPG Homes State League 2 South; HPG Homes State League 2 South - Reserves,20,18,2113,0,4,0,0,0,false
EN2nw2W7Nq,2023,Adelaide Hills Hawks,Under 14 Trials; Under 14's JPL B; U14 Carl's Junior Boys Cup,21,17,1470,1,0,0,0,0,false
EN2nw2W7Nq,2024,Adelaide Hills Hawks,Under 15 Trials; Under 15 JPL B; U15 Carl's Junior Boys Cup,20,13,1155,2,0,0,0,0,false
EN2nw2W7Nq,2025,Adelaide Hills Hawks,Nova Under 16's YPL C Mixed; U16 Carl's Jr. Youth Premier Cup,20,12,1110,0,0,0,0,0,false
EN2nw2W7Nq,2026,Adelaide Hills Hawks,HPG Homes State League 2 South - Under 18's; Federation Cup U18's; HPG Homes State League 2 South - Reserves; HPG Homes State League 2 (18s) Final Series,25,20,2510,0,0,0,0,0,false
EN2nwQaONq,2023,Sturt Lions,Under 15's JSL A; U15 Carl's Junior Boys Cup,16,12,1060,4,0,0,0,0,false
EN2nwQaONq,2024,Sturt Lions,Under 16 Trials; Under 16 JSL B; U16 Carl's Junior Boys Cup; Under 16 JSL A; Under 17 JPL C,21,18,1610,7,0,0,0,0,false
EN2nwQaONq,2025,Sturt Lions,Nova Under 17's YPL B Mixed; U17 Carl's Jr. Youth Premier Cup,11,9,840,10,0,0,0,0,false
EN2nwQaONq,2026,Seaford Rangers,Federation Cup U18's; Under 18's; HPG Homes State League 2 South - Under 18's; HPG Homes State League 2 South - Reserves,19,7,867,2,1,0,0,0,false
EN2nyeOlNq,2023,Noarlunga United,Under 13's JSL B; U14 Carl's Junior Boys Cup,14,13,1030,19,0,0,0,0,false
EN2nyeOlNq,2024,Noarlunga United,Under 14 JPL B; U14 Carl's Junior Boys Cup; Under 15 JPL B,22,16,1490,18,1,0,0,0,false
EN2nyeOlNq,2025,South Adelaide,Under 15 Trials; Under 16 Trials; Nova Under 15's YPL A Mixed; U15 Carl's Jr. Youth Premier Cup; U16 Carl's Jr. Youth Premier Cup; Nova Under 16's YPL A Mixed,34,19,1775,9,1,0,0,0,false
EN2nyeOlNq,2026,Cumberland United,Under 16 Trials - No Match Officials; Nova Under 16's YPL A Mixed; Under 18's; U16 Carl's Jr. Youth Premier Cup; HPG Homes State League 1 Under 18's; HPG Homes State League 1 Reserves,39,31,3271,33,1,0,0,0,false
EN2nz2elNq,2023,Adelaide Hills Hawks,Under 13's JPL C; U12 Carl's Junior Boys Cup; Under 12's JPL Red; U13 JPL C - Bottom Half,17,10,900,0,0,0,0,0,false
EN2nz2elNq,2024,Adelaide Olympic,Under 13 JPL A; U13 Carl's Junior Boys Cup,15,12,1020,0,0,0,0,0,false
EN2nz2elNq,2025,Barossa United,Nova Under 15's YSL C Mixed; Nova Under 14's YSL B Mixed; U14 Carl's Jr. Youth State Cup,24,21,1800,1,0,0,0,0,false
EN2nz2elNq,2026,Barossa United,U15 Carl's Jr. Youth Premier Cup; Nova Under 15's YPL C  North Mixed; HPG Homes State League 2 North - Under 18's; Nova Under 15's YPL C Mixed Finals Series,17,16,1520,4,1,0,0,0,false
EN2nz7geNq,2023,Elizabeth Downs Soccer Club,Australia Cup SA Preliminary Rounds,1,1,120,1,0,0,0,0,false
EN2nz7geNq,2024,Elizabeth Downs Soccer Club,Australia Cup SA Preliminary Rounds,3,3,360,0,0,0,0,0,false
EN2nz7geNq,2025,Elizabeth Downs Soccer Club,Australia Cup SA Preliminary Rounds,1,1,120,0,0,0,0,0,false
EN2nz7geNq,2026,Elizabeth Downs Soccer Club,Hahn Australia Cup SA Preliminary Rounds; Senior Men's Trials; HPG Homes State League 2 North; HPG Homes State League 2 (Seniors) Finals Series,24,24,2220,5,1,0,0,0,false
EN2p2OWPOd,2024,Adelaide Titans Football Club,Australia Cup SA Preliminary Rounds,1,1,120,0,0,0,0,0,false
EN2p2OWPOd,2025,Adelaide Titans Football Club,HPG Homes State League 2 South,20,19,1727,0,1,0,0,0,false
EN2p2OWPOd,2026,Adelaide Titans Football Club,Hahn Australia Cup SA Preliminary Rounds; Senior Men's Trials; HPG Homes State League 2 South,18,16,1820,0,2,1,0,0,false
EN2p52Zxrd,2025,Elizabeth Grove,HPG Homes State League 2 North - Under 18's; HPG Homes State League 2 North - Reserves; Australia Cup SA Preliminary Rounds; HPG Homes State League 2 North,30,19,1664,7,1,0,0,0,false
EN2p52Zxrd,2026,Elizabeth Grove,Federation Cup Reserves; HPG Homes State League 2 North - Reserves; HPG Homes State League 2 North,22,18,1631,3,2,0,0,0,false
EN2p5DYg3d,2023,MetroStars,Under 17 Trials; Under 17's JPL C; U17 Carl's Junior Boys Cup,19,15,1240,6,1,0,0,0,false
EN2p5DYg3d,2024,Adelaide Victory; Eastern United,U18 Trial Matches; State League 1 Under 18's; Federation Cup U18's; Under 17 JPL B; State League 2 Under 18's; State League 2 Reserves; State League 2,37,16,1548,7,0,0,0,0,false
EN2p5DYg3d,2025,Eastern United,HPG Homes State League 2 South - Under 18's; Federation Cup U18's; HPG Homes State League 2 South - Reserves,12,11,1028,4,0,0,0,0,false
EN2p5DYg3d,2026,Eastern United,HPG Homes State League 1 Reserves; Federation Cup Reserves,21,14,1634,0,0,0,0,0,false
EN2p5OkDZd,2025,WT Birkalla,Under 18's; RAA NPL Under 18's; Federation Cup U18's; RAA NPL Reserves,29,23,2231,10,3,0,0,0,false
EN2p5OkDZd,2026,Cove FC,HPG Homes State League 1; HPG Homes State League 1 Reserves; Federation Cup Reserves; Senior Men's Trials,26,19,2014,8,5,1,0,0,false
EN2p5WByZd,2025,Salisbury Inter,Under 17 Trials; Nova Under 17's YPL B Mixed; U17 Carl's Jr. Youth Premier Cup,16,8,745,2,0,0,0,0,false
EN2p5WByZd,2026,Gawler Eagles,Federation Cup U18's; Under 18's; HPG Homes State League 2 North - Under 18's,5,2,180,1,0,0,0,0,false
EN2p5bYnZd,2025,Gawler Eagles,Under 18's; HPG Homes State League 2 North - Under 18's; Federation Cup U18's; HPG Homes State League 2 North - Reserves; HPG Homes State League 2 (18s) Final Series,29,29,2790,0,3,0,0,7,true
EN2p5bYnZd,2026,Gawler Eagles,Federation Cup Reserves; Reserves; HPG Homes State League 2 North - Reserves; HPG Homes State League 2 North,10,8,685,0,1,0,0,1,true
EN2p5jeLed,2025,Salisbury Inter,Reserves; Senior Men's Trials; HPG Homes State League 2 North - Reserves; HPG Homes State League 2 North; Federation Cup Reserves; Australia Cup SA Preliminary Rounds; HPG Homes State League 2 (Seniors) Final Series,24,20,1952,0,2,0,0,2,true
EN2p5jeLed,2026,Salisbury Inter,Federation Cup Reserves; HPG Homes State League 2 North - Reserves; HPG Homes State League 2 North; Hahn Australia Cup SA Preliminary Rounds; HPG Homes State League 2 (Seniors) Finals Series,17,17,1620,0,1,0,0,1,true
EN2p5xzXed,2026,Adelaide Atletico VSC,Hahn Australia Cup SA Preliminary Rounds; HPG Homes State League 1; HPG Homes State League 1 Reserves,25,20,2301,2,8,0,0,0,false
EN2pD76RZd,2026,Adelaide Blue Eagles; Eastern United,HPG Homes State League 1 Under 18's; Federation Cup U18's; HPG Homes State League 1 Reserves,15,10,1232,4,0,0,0,0,false
EN2pD7Gr3d,2026,Eastern United,HPG Homes State League 1 Under 18's,18,16,1920,0,4,0,0,0,false
EN2pD7LZBd,2026,Vipers FC,Hahn Australia Cup SA Preliminary Rounds; Senior Men's Trials; HPG Homes State League 2 South - Reserves; HPG Homes State League 2 South; HPG Homes State League 2 (Seniors) Finals Series; HPG Homes State League 2 (Reserves) Final Series,25,16,1935,2,4,0,0,0,false
EN2pDGbV7d,2023,Western Strikers,Under 15's JPL B; U15 Carl's Junior Boys Cup; U15 JPL B - Top Half,16,15,1340,0,0,0,0,0,false
EN2pDGbV7d,2024,Western Strikers,Under 16 JPL B; U16 Carl's Junior Boys Cup,21,7,620,1,0,0,0,0,false
EN2pDGbV7d,2025,Western Strikers,Under 18's; Federation Cup U18's; HPG Homes State League 2 South - Under 18's,19,4,360,0,0,0,0,0,false
EN2pDGbV7d,2026,Western Strikers,Federation Cup U18's; HPG Homes State League 2 South - Under 18's; HPG Homes State League 2 (18s) Final Series,22,11,1320,0,1,0,0,0,false
EN2pDXW87d,2023,Cumberland United,Under 13 Trials; Under 13's JSL A; U13 Carl's Junior Boys Cup,23,22,1650,1,0,0,0,0,false
EN2pDXW87d,2024,Cumberland United,Under 14 Trials; Under 14 JSL A; U14 Carl's Junior Boys Cup,20,14,1190,1,0,0,0,0,false
EN2pDXW87d,2025,WT Birkalla,Under 15 Trials; Nova Under 15's YSL A Mixed; U15 Carl's Jr. Youth State Cup,20,15,1505,0,2,0,0,0,false
EN2pDXW87d,2026,Adelaide University,Under 16 Trials; Nova Under 16's YPL C South Mixed; HPG Homes State League 2 South - Under 18's; U16 Carl's Jr. Youth Premier Cup; Nova Under 16's YPL C Mixed Finals Series,26,21,1955,1,0,0,0,0,false
EN2pDXWn7d,2026,Angle Vale,Federation Cup Reserves; Reserves; HPG Homes State League 2 North - Reserves,11,1,276,1,1,0,0,0,false
EN2pDXjRVd,2026,Mount Barker United,Federation Cup U18's; Under 18's; HPG Homes State League 2 South - Under 18's,20,18,2130,0,1,0,0,0,false
EN2pDZyjVd,2026,Western Strikers,Nova Under 15's YPL B Mixed; U15 Carl's Jr. Youth Premier Cup; HPG Homes State League 2 South - Under 18's; Nova Under 16's YPL B Mixed,28,20,1895,1,4,1,0,0,false
EN2pDppbed,2026,Gawler Eagles,Federation Cup Reserves; Reserves; HPG Homes State League 2 North - Under 18's; HPG Homes State League 2 North - Reserves,10,7,660,0,0,0,0,0,false
EN2pDz5RVd,2026,Fulham United,HPG Homes State League 1 Reserves; HPG Homes State League 1; Federation Cup Reserves; Hahn Australia Cup SA Preliminary Rounds; Senior Men's Trials,28,16,2111,5,5,0,0,0,false
EN2pDzjPrd,2026,Pontian Eagles,HPG Homes State League 2 North - Reserves; HPG Homes State League 2 North,7,7,630,0,0,0,0,3,true
EN2pJ1L1rd,2026,Adelaide Croatia Raiders,Hahn Australia Cup SA Preliminary Rounds; HPG Homes State League 1; HPG Homes State League 1 Reserves,24,18,2178,0,6,0,0,0,false
EN2pJ1l0Bd,2026,Pontian Eagles,Senior Men's Trials; HPG Homes State League 2 North; Hahn Australia Cup SA Preliminary Rounds; HPG Homes State League 2 (Seniors) Finals Series,21,12,1203,8,5,0,0,0,false
EN2pJJ9aEd,2023,Port Adelaide,Senior Men's Trials; State League 1 Under 18's; Federation Cup U18's; Reserves; State League 1 Reserves,24,21,2558,7,0,0,0,0,false
EN2pJJ9aEd,2024,Para Hills Knights; Adelaide Cobras,U18 Trial Matches; RAA NPL Under 18's; Federation Cup U18's; RAA NPL Reserves; Senior Men's Trials; State League 1 Reserves; State League 1 Under 18's,31,27,2461,2,3,0,0,0,false
EN2pJJ9aEd,2025,Adelaide Cobras,Reserves; HPG Homes State League 1 Reserves; Federation Cup Reserves; HPG Homes State League 1,23,21,1985,7,0,0,0,0,false
EN2pJJ9aEd,2026,Pontian Eagles,Hahn Australia Cup SA Preliminary Rounds; Senior Men's Trials; HPG Homes State League 2 North; HPG Homes State League 2 North - Reserves; HPG Homes State League 2 (Seniors) Finals Series,23,14,1348,4,2,0,0,0,false
EN2pJeXGld,2026,Modbury Jets,Hahn Australia Cup SA Preliminary Rounds; HPG Homes State League 1,7,3,445,3,1,0,0,0,false
EN2pJlYABd,2026,Angle Vale,Federation Cup U18's; Reserves; HPG Homes State League 2 North - Under 18's,6,5,480,1,0,0,0,0,false
EN2pJloqBd,2026,Adelaide Cobras,Hahn Australia Cup SA Preliminary Rounds; HPG Homes State League 1,22,20,2097,14,1,0,0,0,false
EN2pWqXjOd,2023,Adelaide Blue Eagles,State League 1 Reserves; Federation Cup Reserves,13,9,1336,0,0,0,0,0,false
EN2pWqXjOd,2025,Mount Barker United,Reserves; Senior Men's Trials; Federation Cup Reserves; HPG Homes State League 2 South - Reserves; HPG Homes State League 2 South; HPG Homes State League 2 (Reserves) Final Series,24,21,1813,1,3,0,0,0,false
EN2pWqXjOd,2026,Mount Barker United,Hahn Australia Cup SA Preliminary Rounds; Senior Men's Trials; HPG Homes State League 2 South; HPG Homes State League 2 South - Reserves,21,14,1531,1,1,0,0,0,false
EN2pe2DWZd,2026,Elizabeth Grove,U16 Carl's Jr. Youth Premier Cup; Nova Under 16's YPL C North Mixed; HPG Homes State League 2 North - Under 18's; Nova Under 16's YPL C Mixed Finals Series,18,4,380,5,0,0,0,0,false
JmX420gkmn,2023,WT Birkalla,Under 16's JPL B; U16 Carl's Junior Boys Cup,20,18,1600,3,1,0,0,0,false
JmX420gkmn,2024,Western Strikers,Reserves Trial Matches; State League 1 Under 18's; Federation Cup U18's; Under 16 JPL B,23,21,1830,2,2,0,0,0,false
JmX420gkmn,2025,Adelaide Croatia Raiders,Under 18's; RAA NPL Under 18's; Federation Cup U18's; RAA NPL Reserves,27,16,1652,0,1,0,0,0,false
JmX420gkmn,2026,Adelaide Croatia Raiders,HPG Homes State League 1 Under 18's; HPG Homes State League 1 Reserves; Federation Cup Reserves,23,16,2239,6,3,0,0,0,false
JmX42Y9Mmn,2023,Northern Demons,Federation Cup Reserves; State League 2 Reserves; State League 2,23,15,775,7,1,0,0,0,false
JmX42Y9Mmn,2024,Northern Demons,Senior Men's Trial Matches; State League 2 Reserves; Federation Cup Reserves; State League 2,17,15,1168,5,0,1,0,0,false
JmX42Y9Mmn,2025,Northern Demons,HPG Homes State League 2 North - Reserves; HPG Homes State League 2 North; HPG Homes State League 2 (Reserves) Final Series,21,14,1531,16,1,0,0,0,false
JmX42Y9Mmn,2026,Northern Demons,Hahn Australia Cup SA Preliminary Rounds; HPG Homes State League 2 North,2,0,93,0,0,0,0,0,false
JmX4779rmn,2023,Gawler Eagles,Australia Cup SA Preliminary Rounds; State League 2; 23 Senior Men's Trial Matches,25,14,-141,5,4,0,0,0,false
JmX4779rmn,2024,Gawler Eagles,Senior Men's Trial Matches; Australia Cup SA Preliminary Rounds; State League 2; State League 2 Reserves,19,14,1102,1,8,1,0,0,false
JmX4779rmn,2025,Gawler Eagles,Senior Men's Trials; HPG Homes State League 2 North; Australia Cup SA Preliminary Rounds; HPG Homes State League 2 (Seniors) Final Series,22,13,1223,2,6,1,0,0,false
JmX4779rmn,2026,Gawler Eagles,Hahn Australia Cup SA Preliminary Rounds; Senior Men's Trials; HPG Homes State League 2 North,22,15,1418,5,3,0,0,0,false
JmX4GOo4mn,2023,Cumberland United,State League 1 Under 18's; Federation Cup U18's; Federation Cup Reserves; State League 1 Reserves,19,14,1870,1,0,0,0,0,false
JmX4GOo4mn,2024,Cumberland United,State League 1 Reserves; State League 1 Under 18's,7,7,551,0,0,0,0,0,false
JmX4GOo4mn,2025,Cumberland United,HPG Homes State League 1 Reserves; Federation Cup Reserves,19,16,1387,2,0,0,0,0,false
JmX4GOo4mn,2026,Cumberland United,Hahn Australia Cup SA Preliminary Rounds; HPG Homes State League 1; HPG Homes State League 1 Reserves,6,5,563,1,0,0,0,0,false
JmX4Gnlkmn,2023,Pontian Eagles,State League 2 Under 18's; Federation Cup U18's; State League 2 Reserves,22,19,2320,2,4,1,0,0,false
JmX4Gnlkmn,2024,Pontian Eagles,Federation Cup U18's; State League 2 Under 18's; State League 2 Reserves,28,22,2166,3,7,0,0,0,false
JmX4Gnlkmn,2025,Pontian Eagles,Reserves; HPG Homes State League 1 Reserves; HPG Homes State League 1 Under 18's; Federation Cup U18's; Federation Cup Reserves,33,22,2190,1,6,1,0,0,false
JmX4Gnlkmn,2026,Pontian Eagles,Federation Cup Reserves; HPG Homes State League 2 North - Reserves; HPG Homes State League 2 North; HPG Homes State League 2 (Reserves) Final Series,20,19,1771,2,5,1,0,0,false
JmX4Grjzmn,2023,MetroStars,Under 17's JPL A; Under 17's JPL C; U17 Carl's Junior Boys Cup,24,22,1930,13,0,0,0,0,false
JmX4Grjzmn,2024,Adelaide Blue Eagles,U18 Trial Matches; Reserves Trial Matches; State League 1 Reserves; Federation Cup Reserves,22,17,1448,4,2,0,0,0,false
JmX4Grjzmn,2025,Adelaide Blue Eagles,HPG Homes State League 1 Reserves; Federation Cup Reserves,24,18,1872,8,4,0,0,0,false
JmX4Grjzmn,2026,Adelaide Blue Eagles,HPG Homes State League 1 Reserves; Federation Cup Reserves; HPG Homes State League 1,26,24,2864,5,1,0,0,0,false
JmX4L7Rnmn,2023,WT Birkalla,Under 14 Trials; Under 14's JPL B; Under 14's JSL B; U14 Carl's Junior Boys Cup,22,19,1590,0,1,0,0,0,false
JmX4L7Rnmn,2024,WT Birkalla,Under 15 Trials - No Match Officials; Under 15 JPL B; U15 Carl's Junior Boys Cup; Under 15 JSL A,25,20,1770,1,1,0,0,0,true
JmX4L7Rnmn,2025,Adelaide Cobras,Nova Under 16's YPL B Mixed; U16 Carl's Jr. Youth Premier Cup,20,15,1410,1,1,0,0,0,false
JmX4L7Rnmn,2026,Adelaide Cobras,HPG Homes State League 1 Under 18's; Federation Cup U18's; HPG Homes State League 1 Reserves,19,10,1200,0,3,0,0,0,false
JmX4LPlkmn,2023,,,0,0,0,0,0,0,0,0,false
JmX4LPlkmn,2024,,,0,0,0,0,0,0,0,0,false
JmX4LPlkmn,2025,Elizabeth Downs Soccer Club,Australia Cup SA Preliminary Rounds,1,1,120,0,1,0,0,0,false
JmX4LPlkmn,2026,Elizabeth Downs Soccer Club,Hahn Australia Cup SA Preliminary Rounds; Senior Men's Trials; HPG Homes State League 2 North; HPG Homes State League 2 North - Reserves; HPG Homes State League 2 (Seniors) Finals Series,8,6,610,0,1,0,0,0,false
JmX4Zje4mn,2023,Ghan United,Australia Cup SA Preliminary Rounds,2,2,210,0,0,0,0,0,false
JmX4Zje4mn,2024,Ghan United,Australia Cup SA Preliminary Rounds,1,1,120,0,0,0,0,0,false
JmX4Zje4mn,2025,Ghan United,Senior Men's Trials; HPG Homes State League 2 North; Australia Cup SA Preliminary Rounds,22,22,2031,2,9,1,0,0,false
JmX4Zje4mn,2026,Ghan United,Hahn Australia Cup SA Preliminary Rounds; Senior Men's Trials; HPG Homes State League 2 South; HPG Homes State League 2 (Seniors) Finals Series,14,9,1272,2,4,0,0,0,false
JmX4p2ELmn,2023,MetroStars,Under 14's JSL A; Under 13's JSL A; U13 Carl's Junior Boys Cup,22,19,1500,0,2,0,0,0,false
JmX4p2ELmn,2024,MetroStars,Under 14 Trials; Under 14 JSL A; Under 14 JPL A; U14 Carl's Junior Boys Cup,21,20,1655,3,0,1,0,0,false
JmX4p2ELmn,2025,MetroStars,Nova Under 15's YPL A Mixed; U15 Carl's Jr. Youth Premier Cup; Nova Under 15's YSL A Mixed,21,11,1030,1,0,0,0,0,false
JmX4p2ELmn,2026,Modbury Jets,Under 16 Trials - No Match Officials; Federation Cup U18's; HPG Homes State League 1 Under 18's; Nova Under 16's YPL B Mixed; U16 Carl's Jr. Youth Premier Cup,38,26,2565,0,0,0,0,0,false
JmX4z8J4mn,2023,Cumberland United,Under 16 Trials; Under 16's JPL A; Under 17's JPL B; U16 Carl's Junior Boys Cup; U16 JPL A - Bottom Half,25,16,1430,2,0,0,0,0,false
JmX4z8J4mn,2024,Cumberland United,Under 17 Trials; Under 17 JPL A; U17 Carl's Junior Boys Cup; State League 1 Under 18's,22,18,1610,5,0,0,0,0,false
JmX4z8J4mn,2025,Cove FC,Under 18's; HPG Homes State League 1 Under 18's; Federation Cup U18's; Federation Cup Reserves,21,13,1260,1,0,0,0,0,false
JmX4z8J4mn,2026,Cove FC,Federation Cup Reserves; HPG Homes State League 1 Reserves,19,0,883,0,1,0,0,0,false
JmX4zWYMmn,2023,Cove FC,Australia Cup SA Preliminary Rounds; State League 2 Reserves; State League 2; 23 Senior Men's Trial Matches,8,6,200,0,1,0,0,1,true
JmX4zWYMmn,2024,Cove FC,Senior Men's Trial Matches; Australia Cup SA Preliminary Rounds; State League 2 Reserves; State League 2,7,6,556,0,1,0,0,5,true
JmX4zWYMmn,2025,Cove FC,Senior Men's Trials; HPG Homes State League 1; Australia Cup SA Preliminary Rounds; HPG Homes State League 1 Reserves,11,11,1080,0,0,0,0,2,true
JmX4zWYMmn,2026,Noarlunga United,Hahn Australia Cup SA Preliminary Rounds; HPG Homes State League 2 South; Senior Men's Trials,17,16,1920,0,1,0,0,6,true
JmXQEoBQ4N,2024,Adelaide University,Federation Cup Reserves; State League 2 Reserves; State League 2,28,23,2067,0,1,0,0,0,false
JmXQEoBQ4N,2025,Sturt Lions; Adelaide Titans Football Club,Senior Men's Trials; HPG Homes State League 2 South; Australia Cup SA Preliminary Rounds,24,22,1873,1,1,0,0,0,false
JmXQEoBQ4N,2026,Ghan United; Northern Demons,Hahn Australia Cup SA Preliminary Rounds; Senior Men's Trials; HPG Homes State League 2 South - Reserves; HPG Homes State League 2 North - Reserves; HPG Homes State League 2 North,10,8,938,0,0,0,0,0,false
JmXW0J7e6d,2023,MetroStars; Adelaide Olympic,Under 15's JPL A; Under 14's JPL A; Under 17's JPL A; Under 14's JPL B,10,1,90,0,0,0,0,0,false
JmXW0J7e6d,2024,Adelaide Olympic,Under 15 JPL A; U15 Carl's Junior Boys Cup,18,10,890,0,0,0,0,0,false
JmXW0J7e6d,2025,Adelaide Hills Hawks,HPG Homes State League 2 South - Under 18's; Nova Under 16's YPL C Mixed; U16 Carl's Jr. Youth Premier Cup,28,20,1880,7,0,0,0,0,false
JmXW0J7e6d,2026,Adelaide Hills Hawks,Federation Cup U18's; HPG Homes State League 2 South - Under 18's; HPG Homes State League 2 South - Reserves; HPG Homes State League 2 South; HPG Homes State League 2 (18s) Final Series,35,24,3027,15,1,0,0,0,false
JmXW0b15Md,2025,Adelaide Titans Football Club,HPG Homes State League 2 South - Reserves; Federation Cup Reserves; HPG Homes State League 2 South,20,11,1144,1,2,0,0,0,false
JmXW0b15Md,2026,Adelaide Titans Football Club,Federation Cup Reserves; HPG Homes State League 2 South - Reserves,9,8,989,1,2,0,0,0,false
JmXW8D8Erd,2026,Ghan United,HPG Homes State League 2 South - Reserves,9,5,808,1,0,0,0,0,false
JmXWAVv5Md,2026,Modbury Jets,Federation Cup U18's; HPG Homes State League 1 Under 18's,4,0,0,0,0,0,0,0,false
JmXWPw7y6d,2026,Angle Vale,Under 16 Trials; Nova Under 16's YPL C North Mixed; HPG Homes State League 2 North - Under 18's,10,8,760,0,0,0,0,1,true
JmXWPwP94d,2026,BOSA; Western Strikers,Hahn Australia Cup SA Preliminary Rounds; HPG Homes State League 2 South; HPG Homes State League 2 (Seniors) Finals Series,10,10,1121,0,3,1,0,0,false
JmXWPwz8ld,2026,Adelaide Cobras,Hahn Australia Cup SA Preliminary Rounds; HPG Homes State League 1,26,20,1716,1,4,0,0,0,false
JmXWPwzYMd,2026,Adelaide Blue Eagles,Hahn Australia Cup SA Preliminary Rounds; HPG Homes State League 1; HPG Homes State League 1 Reserves,27,11,1694,1,3,0,0,0,false
JmXWY1yaWd,2026,Barossa United,Federation Cup Reserves; HPG Homes State League 2 North - Reserves,17,5,631,2,2,0,0,0,false
JmXWY959Md,2026,Elizabeth Grove,Federation Cup U18's; HPG Homes State League 2 North - Under 18's,5,3,300,0,0,0,0,0,false
JmXWYAa9Md,2026,Adelaide Cobras,HPG Homes State League 1 Reserves; Federation Cup Reserves,20,16,1898,0,5,0,0,0,false
JmXWYAgGDd,2026,Vipers FC,Federation Cup Reserves,1,0,48,0,0,0,0,0,false
JmXWYEzPWd,2023,Adelaide City,RAA NPL Reserves; Federation Cup Reserves; RAA NPL Under 18's,15,5,911,0,1,0,0,0,false
JmXWYEzPWd,2024,Adelaide Victory,Federation Cup Reserves; State League 1 Reserves,9,5,590,0,2,0,0,0,false
JmXWYEzPWd,2025,Adelaide University,HPG Homes State League 2 South - Reserves; HPG Homes State League 2 (Reserves) Final Series,9,6,612,0,0,0,0,0,false
JmXWYEzPWd,2026,Adelaide University,Federation Cup Reserves; Reserves; HPG Homes State League 2 South - Reserves; HPG Homes State League 2 South,19,17,2008,0,2,0,0,0,false
JmXWYQL3nd,2026,Adelaide Titans Football Club,Senior Men's Trials; HPG Homes State League 2 South - Reserves; HPG Homes State League 2 South,17,16,1307,1,0,0,0,0,false
JmXWYQZ94d,2026,Noarlunga United,U16 Carl's Jr. Youth Premier Cup; Nova Under 16's YPL C South Mixed; HPG Homes State League 2 South - Under 18's; Under 16 Trials,20,17,1610,4,0,0,0,0,false
JmXWYV8ELd,2026,Salisbury United,HPG Homes State League 1 Reserves; Federation Cup Reserves,12,12,1366,0,1,1,0,0,true
JmXWYV8vnd,2026,Noarlunga United,HPG Homes State League 2 South - Reserves; Federation Cup Reserves; HPG Homes State League 2 South; Senior Men's Trials; HPG Homes State League 2 (Reserves) Final Series,20,12,1552,7,2,0,0,0,false
JmXWYVeAld,2026,Eastern United,Hahn Australia Cup SA Preliminary Rounds; HPG Homes State League 1; Senior Men's Trials,22,17,1883,1,1,0,0,0,false
JmXWYVrPLd,2026,Salisbury Inter,Federation Cup Reserves; HPG Homes State League 2 North - Reserves,16,16,1476,2,3,0,0,0,false
JmXWYxa2Wd,2026,Adelaide Titans Football Club,HPG Homes State League 2 South - Under 18's; HPG Homes State League 2 South - Reserves,16,15,1830,0,2,0,0,0,false
JmXWYzrjDd,2023,Cumberland United,State League 1 Reserves; Federation Cup Reserves,10,9,988,0,3,0,0,0,false
JmXWYzrjDd,2024,Vipers FC,State League 1 Reserves,10,9,783,0,3,0,0,0,false
JmXWYzrjDd,2025,Adelaide Atletico VSC,Senior Men's Trials; HPG Homes State League 2 North; Australia Cup SA Preliminary Rounds; HPG Homes State League 2 North - Reserves; HPG Homes State League 2 (Seniors) Final Series; HPG Homes State League 2 (Reserves) Final Series,27,19,1607,1,4,0,0,0,false
JmXWYzrjDd,2026,Mount Barker United,Hahn Australia Cup SA Preliminary Rounds; Senior Men's Trials; HPG Homes State League 2 South; HPG Homes State League 2 South - Reserves,7,4,395,0,2,0,0,0,false
JmXWa1bY6d,2023,WT Birkalla,Australia Cup SA Preliminary Rounds; State League 1,30,14,715,10,5,0,0,0,false
JmXWa1bY6d,2024,WT Birkalla,Senior Men's Trial Matches; Australia Cup SA Preliminary Rounds; State League 1,27,17,1483,12,1,0,0,0,false
JmXWa1bY6d,2025,WT Birkalla; Vipers FC,Senior Men's Trials; RAA NPL Reserves; RAA NPL; Australia Cup SA Preliminary Rounds; HPG Homes State League 1,15,11,859,6,2,0,0,0,false
JmXWa1bY6d,2026,Vipers FC,HPG Homes State League 2 South - Reserves; HPG Homes State League 2 South; HPG Homes State League 2 (Seniors) Finals Series,13,13,1101,11,2,0,0,0,false
JmXWaBZold,2024,Modbury Vista,Under 14 JSL C; U14 Carl's Junior Boys Cup,17,16,1280,18,0,0,0,0,false
JmXWaBZold,2025,Modbury Vista,Nova Under 15's YPL C Mixed; U15 Carl's Jr. Youth Premier Cup; Nova Under 16's YPL C Mixed; Under 15 Trials,28,24,2235,9,1,0,0,0,false
JmXWaBZold,2026,Modbury Vista,Under 16 Trials; HPG Homes State League 2 North - Under 18's; Nova Under 16's YPL C North Mixed; U16 Carl's Jr. Youth Premier Cup; Nova Under 16's YPL C Mixed Finals Series; HPG Homes State League 2 (18s) Final Series,24,18,1690,11,1,0,0,0,false
JmXWaPvE4d,2025,South Adelaide,HPG Homes State League 1,18,18,1620,4,0,0,0,0,false
JmXWaPvE4d,2026,South Adelaide,Hahn Australia Cup SA Preliminary Rounds; HPG Homes State League 1,18,18,1880,1,0,0,0,0,true
JmXWaPvEMd,2025,South Adelaide; Cove FC,HPG Homes State League 1,21,21,1871,12,3,0,0,0,false
JmXWaPvEMd,2026,Cove FC,Hahn Australia Cup SA Preliminary Rounds; HPG Homes State League 1; Senior Men's Trials,21,21,2394,14,4,1,0,0,false
JmXWakp76d,2025,Fulham United,HPG Homes State League 1; HPG Homes State League 1 Reserves,14,5,474,0,0,0,0,0,false
JmXWakp76d,2026,,,0,0,0,0,0,0,0,0,false
JmXWax9bDd,2023,Adelaide Cobras,State League 1 Reserves; State League 1; Federation Cup Reserves,17,13,1013,1,2,0,0,0,false
JmXWax9bDd,2024,Adelaide Cobras,Reserves Trial Matches; State League 1 Reserves; Federation Cup Reserves,18,16,1179,5,1,0,0,0,false
JmXWax9bDd,2025,Seaford Rangers,Senior Men's Trials; HPG Homes State League 2 South - Reserves; Australia Cup SA Preliminary Rounds,5,3,281,2,0,0,0,0,false
JmXWax9bDd,2026,Western Strikers,Federation Cup Reserves,1,1,120,0,0,0,0,0,false
JmXWxAEpMd,2025,Adelaide Atletico VSC,HPG Homes State League 2 North - Reserves; Federation Cup Reserves; HPG Homes State League 2 North; HPG Homes State League 2 (Seniors) Final Series,18,18,1751,5,3,0,0,0,false
JmXWxAEpMd,2026,Adelaide Atletico VSC,Hahn Australia Cup SA Preliminary Rounds; HPG Homes State League 1,21,19,2166,5,3,0,0,0,false
JmXWxBk7rd,2025,Northern Demons,Nova Under 15's YSL C Mixed; U15 Carl's Jr. Youth State Cup,18,16,1520,1,1,0,0,0,false
JmXWxBk7rd,2026,Northern Demons,Under 15's YSL C Mixed; HPG Homes State League 2 North - Under 18's; U15 Carl's Jr. Youth State Cup,23,19,1800,1,4,0,0,0,false
JmXg4Wlldn,2023,Adelaide Olympic; Modbury Vista; Vipers FC,Under 17's JPL A; State League 2 Under 18's; State League 2 Reserves; Under 16's JPL B; U18 Trial Matches,23,18,1890,1,3,0,0,0,false
JmXg4Wlldn,2024,Vipers FC; Port Adelaide,State League 1 Under 18's; Federation Cup U18's; State League 2 Under 18's; State League 2 Reserves,29,19,1794,12,4,0,0,0,false
JmXg4Wlldn,2025,Para Hills Knights,Under 18's; Reserves; RAA NPL Under 18's; RAA NPL Reserves; Federation Cup U18's,26,22,2014,1,1,0,0,0,false
JmXg4Wlldn,2026,Modbury Jets,Federation Cup U18's; Federation Cup Reserves; HPG Homes State League 1 Under 18's; HPG Homes State League 1 Reserves,27,22,2898,2,2,0,0,0,false
JmXgJeQzdn,2023,Western Strikers,Under 15's JPL B; U15 Carl's Junior Boys Cup; State League 2 Under 18's; U15 JPL B - Top Half,17,16,1430,3,2,1,0,0,false
JmXgJeQzdn,2024,Western Strikers,Under 16 JPL B; State League 1 Under 18's; U16 Carl's Junior Boys Cup,32,24,2130,10,7,0,0,0,false
JmXgJeQzdn,2025,Western Strikers,Under 18's; Reserves; Federation Cup U18's; HPG Homes State League 2 South - Under 18's; HPG Homes State League 2 South - Reserves; HPG Homes State League 2 (Reserves) Final Series,29,27,2396,9,5,0,0,0,false
JmXgJeQzdn,2026,Western Strikers,Federation Cup Reserves; HPG Homes State League 2 South - Reserves; HPG Homes State League 2 South - Under 18's; HPG Homes State League 2 (Reserves) Final Series,22,14,1770,5,4,0,0,0,false
JmXgQGWldn,2023,Sturt Lions,Under 13's JSL B; U13 Carl's Junior Boys Cup,18,15,1190,2,0,0,0,0,false
JmXgQGWldn,2024,Sturt Lions,Under 14 Trials - No Match Officials; Under 14 JSL B; U14 Carl's Junior Boys Cup,17,16,1270,4,1,0,0,0,false
JmXgQGWldn,2025,Cove FC,Nova Under 15's YPL C Mixed; U15 Carl's Jr. Youth Premier Cup,21,15,1425,10,0,0,0,0,false
JmXgQGWldn,2026,Cove FC,Under 16 Trials; Nova Under 16's YPL C South Mixed; U16 Carl's Jr. Youth Premier Cup; HPG Homes State League 1 Under 18's; Nova Under 16's YPL C Mixed Finals Series,21,14,1325,5,0,0,0,0,false
MNGJ01qEQm,2025,Western Strikers,HPG Homes State League 2 South; Australia Cup SA Preliminary Rounds; HPG Homes State League 2 (Seniors) Final Series,24,21,1897,8,4,1,0,0,false
MNGJ01qEQm,2026,Pontian Eagles,Hahn Australia Cup SA Preliminary Rounds; Senior Men's Trials; HPG Homes State League 2 North; HPG Homes State League 2 North - Reserves; HPG Homes State League 2 (Seniors) Finals Series,23,17,1606,2,3,0,0,0,false
MNGJ04v7Qm,2025,Elizabeth Grove,Reserves; HPG Homes State League 2 North - Reserves,19,19,1635,0,7,1,0,0,false
MNGJ04v7Qm,2026,Angle Vale,Reserves; HPG Homes State League 2 North - Reserves,15,15,1293,0,4,2,0,0,false
MNGJ05B77m,2025,Mount Barker United,Senior Men's Trials; HPG Homes State League 2 South; Australia Cup SA Preliminary Rounds; HPG Homes State League 2 South - Reserves; HPG Homes State League 2 (Reserves) Final Series,26,18,1731,1,5,0,0,0,false
MNGJ05B77m,2026,Mount Barker United,Hahn Australia Cup SA Preliminary Rounds; Senior Men's Trials; Reserves; HPG Homes State League 2 South - Reserves; HPG Homes State League 2 South,6,3,337,0,2,0,0,0,true
MNGJ0Lonzm,2025,Playford City,Reserves; RAA NPL Reserves; Federation Cup Reserves,15,3,425,0,0,0,0,0,false
MNGJ0Lonzm,2026,Salisbury United,HPG Homes State League 1 Reserves; Federation Cup Reserves,19,14,1705,4,1,0,0,0,false
MNGJ0OpzQm,2025,West Adelaide,U16 Carl's Jr. Youth Premier Cup; Nova Under 16's YPL B Mixed; U17 Carl's Jr. Youth Premier Cup; Nova Under 17's YPL A Mixed,17,10,1140,0,1,0,0,0,false
MNGJ0OpzQm,2026,Adelaide Titans Football Club,Federation Cup U18's; HPG Homes State League 2 South - Under 18's,18,18,2160,1,4,0,0,0,false
MNGJ0P700m,2025,Eastern United,HPG Homes State League 2 South - Reserves; Federation Cup Reserves; HPG Homes State League 2 South,23,23,2092,1,3,0,0,0,false
MNGJ0P700m,2026,Eastern United,Federation Cup Reserves; HPG Homes State League 1 Reserves; Senior Men's Trials,18,17,1926,1,5,0,0,0,false
MNGJ0Wk8zm,2025,Cove FC,Senior Men's Trials; HPG Homes State League 1; Australia Cup SA Preliminary Rounds; HPG Homes State League 1 Reserves,14,3,459,0,0,0,0,0,false
MNGJ0Wk8zm,2026,Noarlunga United,Hahn Australia Cup SA Preliminary Rounds; HPG Homes State League 2 South; Senior Men's Trials,20,20,2200,1,1,0,0,0,false
MNGJ0XBa7m,2025,Adelaide Blue Eagles,HPG Homes State League 1; Australia Cup SA Preliminary Rounds,22,22,2040,17,5,1,0,0,false
MNGJ0XBa7m,2026,Adelaide Blue Eagles,Hahn Australia Cup SA Preliminary Rounds; HPG Homes State League 1,23,21,2465,12,6,0,0,0,false
MNGJ0XeqXm,2025,Elizabeth Grove,HPG Homes State League 2 North - Under 18's; HPG Homes State League 2 North - Reserves; HPG Homes State League 2 North,27,18,1644,7,4,0,0,0,false
MNGJ0XeqXm,2026,Elizabeth Grove,Hahn Australia Cup SA Preliminary Rounds; Senior Men's Trials; HPG Homes State League 2 North; HPG Homes State League 2 North - Reserves,19,13,1229,3,4,0,0,0,false
MNGJ58eWzm,2025,Barossa United,Nova Under 14's YSL B Mixed; U14 Carl's Jr. Youth State Cup; Nova Under 15's YSL C Mixed,24,13,1145,0,0,0,0,0,false
MNGJ58eWzm,2026,Barossa United,U15 Carl's Jr. Youth Premier Cup; Nova Under 15's YPL C  North Mixed; HPG Homes State League 2 North - Under 18's; Nova Under 15's YPL C Mixed Finals Series,21,16,1520,1,2,0,0,0,false
MNGJ5lbJXm,2026,Barossa United,Hahn Australia Cup SA Preliminary Rounds; HPG Homes State League 2 North,17,11,1006,3,0,0,0,0,false
MNGJL3y7pm,2023,Adelaide University,State League 2 Reserves; Federation Cup Reserves,25,20,1950,26,3,0,0,0,false
MNGJL3y7pm,2024,Adelaide University,Federation Cup Reserves; State League 2 Reserves; State League 2,29,22,1738,30,1,0,0,0,false
MNGJL3y7pm,2025,Adelaide University,Reserves; HPG Homes State League 2 South - Reserves; Federation Cup Reserves; HPG Homes State League 2 South; HPG Homes State League 2 (Reserves) Final Series,25,18,1741,16,5,0,0,0,false
MNGJL3y7pm,2026,Adelaide University,Federation Cup Reserves; Senior Men's Trials; Hahn Australia Cup SA Preliminary Rounds; HPG Homes State League 2 South; HPG Homes State League 2 South - Reserves,14,3,872,3,1,0,0,0,false
MNGJP1Yn7m,2026,Western Strikers,Nova Under 16's YPL B Mixed; Federation Cup U18's; HPG Homes State League 2 South - Under 18's,22,15,1450,3,3,0,0,0,false
MNGJP1yqEm,2026,Gawler Eagles,Senior Men's Trials; HPG Homes State League 2 North; Hahn Australia Cup SA Preliminary Rounds; HPG Homes State League 2 North - Reserves,17,3,432,0,2,1,0,0,false
MNGJP38Dbm,2026,Salisbury United,HPG Homes State League 1 Under 18's; Under 17 Trials - No Match Officials; Federation Cup U18's; Under 17's B Mixed,22,16,1870,3,0,0,0,0,false
MNGJP3EyEm,2026,Salisbury United,HPG Homes State League 1 Under 18's; Federation Cup U18's; HPG Homes State League 1 Reserves,22,15,1884,4,5,2,0,0,false
MNGJPADazm,2026,Adelaide Olympic,HPG Homes State League 1 Under 18's; Federation Cup Reserves; HPG Homes State League 1 Reserves,27,18,2509,9,2,0,0,0,false
MNGJPG54bm,2026,Modbury Vista,Hahn Australia Cup SA Preliminary Rounds; Senior Men's Trials; HPG Homes State League 2 North; HPG Homes State League 2 (Seniors) Finals Series,24,24,2057,5,2,0,0,0,false
MNGJPG5Ypm,2026,Angle Vale,Federation Cup U18's; Under 15 Trials; Nova Under 15's YPL C  North Mixed; HPG Homes State League 2 North - Under 18's,16,14,1295,1,0,0,0,0,false
MNGJPGavpm,2026,Ghan United,Federation Cup Reserves; HPG Homes State League 2 South - Reserves,3,3,321,0,0,0,0,0,false
MNGJPJYabm,2023,Croydon FC,Under 15's JPL B; Under 15's JSL B; U15 JPL B - Top Half,9,9,810,0,1,0,0,0,false
MNGJPJYabm,2024,Croydon FC,Under 16 JPL B; U16 Carl's Junior Boys Cup; Under 16 JSL A; Under 17 JPL A,24,21,1880,2,1,0,0,0,false
MNGJPJYabm,2025,Modbury Vista,Under 18's; HPG Homes State League 2 North - Under 18's; Federation Cup U18's; HPG Homes State League 2 North - Reserves; HPG Homes State League 2 (18s) Final Series,26,16,1543,5,1,0,0,0,false
MNGJPJYabm,2026,Modbury Vista,Under 18's; HPG Homes State League 2 North - Under 18's; HPG Homes State League 2 North - Reserves; Federation Cup U18's; HPG Homes State League 2 (Reserves) Final Series; HPG Homes State League 2 (18s) Final Series,29,18,1894,9,0,0,0,0,false
MNGJPL3RBm,2026,Northern Demons,Hahn Australia Cup SA Preliminary Rounds; HPG Homes State League 2 North,18,18,1621,12,2,0,0,0,false
MNGJPOM9Xm,2026,Northern Demons,Hahn Australia Cup SA Preliminary Rounds; HPG Homes State League 2 North,18,18,1650,3,2,1,0,0,false
MNGJPOMn0m,2026,Mount Barker United,Hahn Australia Cup SA Preliminary Rounds; Senior Men's Trials; HPG Homes State League 2 South; HPG Homes State League 2 South - Reserves,19,15,1757,2,3,0,0,0,false
MNGJPOVD7m,2026,Fulham United,Under 16 Trials; Nova Under 16's YPL B Mixed; U16 Carl's Jr. Youth Premier Cup; HPG Homes State League 1 Under 18's,25,22,2090,5,1,0,0,0,false
MNGJPObw7m,2026,Vipers FC,Federation Cup Reserves; HPG Homes State League 2 South - Reserves; HPG Homes State League 2 South,17,13,1412,13,5,0,0,0,false
MNGJPPVZXm,2026,Western Strikers,Federation Cup U18's; HPG Homes State League 2 South - Under 18's; HPG Homes State League 2 South - Reserves; HPG Homes State League 2 (18s) Final Series,20,12,1554,6,2,0,0,0,false
MNGJPPb5Xm,2026,South Adelaide,HPG Homes State League 1 Under 18's; Federation Cup U18's; HPG Homes State League 1 Reserves,26,23,2760,0,0,0,0,0,false
MNGJPPl52m,2026,Adelaide Atletico VSC,HPG Homes State League 1 Reserves; Federation Cup Reserves,13,11,1414,1,5,1,0,0,false
MNGJPlGjBm,2023,Adelaide Cobras,State League 1 Reserves,15,5,815,2,6,0,0,0,false
MNGJPlGjBm,2024,Adelaide Cobras,Reserves Trial Matches; State League 1 Reserves,26,26,1728,7,7,1,0,0,false
MNGJPlGjBm,2025,Western Strikers; Vipers FC,Reserves; HPG Homes State League 1 Reserves,24,21,1878,13,4,0,0,0,false
MNGJPlGjBm,2026,Pontian Eagles,HPG Homes State League 2 North - Reserves; HPG Homes State League 2 North; HPG Homes State League 2 (Reserves) Final Series,16,15,1262,14,1,0,0,0,false
MNGJPvMzQm,2026,Vipers FC,Under 15 Trials - No Match Officials; Under 15 Trials; Under 16 Trials; Nova Under 15's YPL A Mixed; Nova Under 16's YPL A Mixed; U15 Carl's Jr. Youth Premier Cup; HPG Homes State League 2 South - Under 18's,45,31,2925,26,0,0,0,0,false
MNGJPw0ABm,2026,Adelaide Titans Football Club,Federation Cup Reserves; HPG Homes State League 2 South - Reserves,15,11,1230,2,4,1,0,0,false
MNGJXMY5bm,2026,Seaford Rangers,Federation Cup U18's; Under 18's; HPG Homes State League 2 South - Under 18's,13,3,330,0,0,0,0,0,false
MNGJXMwXXm,2026,Vipers FC,HPG Homes State League 2 South - Reserves; Federation Cup Reserves; HPG Homes State League 2 South; HPG Homes State League 2 (Reserves) Final Series,22,18,1667,11,1,1,0,0,false
MNGJXPOyXm,2023,WT Birkalla,State League 1 Under 18's; Under 17's JPL A; Under 17's JPL C; U17 Carl's Junior Boys Cup,29,20,1790,1,0,0,0,0,false
MNGJXPOyXm,2024,Port Adelaide,U18 Trial Matches; Federation Cup U18's; State League 2 Under 18's; State League 2 Reserves,28,25,2171,0,0,0,0,0,false
MNGJXPOyXm,2025,Port Adelaide,Reserves; HPG Homes State League 2 North - Reserves; Federation Cup Reserves,19,11,954,1,0,0,0,0,false
MNGJXPOyXm,2026,Port Adelaide,HPG Homes State League 2 North - Reserves; HPG Homes State League 2 (Reserves) Final Series,13,0,320,0,0,0,0,0,false
MNGJXRa5Bm,2025,Vipers FC,HPG Homes State League 1 Reserves,16,13,1199,1,7,1,0,0,false
MNGJXRa5Bm,2026,Vipers FC,Hahn Australia Cup SA Preliminary Rounds; Federation Cup Reserves; Senior Men's Trials; HPG Homes State League 2 South; HPG Homes State League 2 South - Reserves; HPG Homes State League 2 (Seniors) Finals Series,21,17,1888,0,7,1,0,0,false
MNGJXRaXEm,2026,Angle Vale,Under 15 Trials; Nova Under 15's YPL C  North Mixed; HPG Homes State League 2 North - Under 18's,13,11,1010,1,1,1,0,0,true
MNGJXZPapm,2026,Eastern United,HPG Homes State League 1 Under 18's,4,0,0,0,1,0,0,0,false
MNGJXw1lLm,2026,Sturt Lions; Western Strikers,RAA NPL Reserves; RAA NPL; Hahn Australia Cup SA Preliminary Rounds; HPG Homes State League 2 South; HPG Homes State League 2 (Seniors) Finals Series,24,16,1852,6,0,0,0,0,false
MNGJXw4zzm,2026,Barossa United,Hahn Australia Cup SA Preliminary Rounds; HPG Homes State League 2 North,19,19,1619,3,4,0,0,0,false
MNGJykPE0m,2023,Northern Demons,Under 14's JPL C; U14 Carl's Junior Boys Cup; Under 15's JPL B,22,19,1710,0,0,0,0,0,true
MNGJykPE0m,2024,Northern Demons,Under 15 JPL C; U15 Carl's Junior Boys Cup,19,17,1520,1,2,0,0,0,true
MNGJykPE0m,2025,Northern Demons,Reserves; HPG Homes State League 2 North - Under 18's; HPG Homes State League 2 North - Reserves,20,17,1530,0,3,0,0,0,true
MNGJykPE0m,2026,Northern Demons,Federation Cup U18's; HPG Homes State League 2 North - Under 18's; HPG Homes State League 2 North - Reserves,18,16,1463,1,2,0,0,1,true
MNGJykaRQm,2023,MetroStars,Under 17's JPL C,4,1,90,2,0,0,0,0,false
MNGJykaRQm,2024,MetroStars,Under 17 JPL A; U17 Carl's Junior Boys Cup,21,14,1240,1,0,0,0,0,false
MNGJykaRQm,2025,Adelaide Atletico VSC,HPG Homes State League 2 North - Reserves; HPG Homes State League 2 (Reserves) Final Series,9,1,293,1,0,0,0,0,false
MNGJykaRQm,2026,Adelaide Atletico VSC,HPG Homes State League 1 Reserves; Federation Cup Reserves,16,10,1105,0,1,0,0,0,false
MNGJywXkpm,2025,Seaford Rangers,HPG Homes State League 2 South - Under 18's; HPG Homes State League 2 South - Reserves; HPG Homes State League 2 (18s) Final Series,16,11,1056,4,0,0,0,0,false
MNGJywXkpm,2026,Seaford Rangers,Federation Cup Reserves; HPG Homes State League 2 South - Reserves,14,6,970,0,1,0,0,0,false
MNGYJzvEdA,2023,FK Beograd,Under 17's JPL B; RAA NPL Under 18's; U17 Carl's Junior Boys Cup,9,5,440,1,0,0,0,0,false
MNGYJzvEdA,2024,FK Beograd,Under 17 JPL B; U17 Carl's Junior Boys Cup,19,9,800,3,2,0,0,0,false
MNGYJzvEdA,2025,Adelaide Titans Football Club,HPG Homes State League 2 South - Under 18's; Federation Cup U18's; HPG Homes State League 2 South - Reserves; HPG Homes State League 2 (18s) Final Series,24,17,1595,3,2,1,0,0,false
MNGYJzvEdA,2026,Adelaide Titans Football Club,Federation Cup Reserves,1,0,46,0,0,0,0,0,false
MNGYp9BzdA,2023,Modbury Jets,Under 13's JPL C; U13 Carl's Junior Boys Cup; U13 JPL C - Top Half,20,19,1690,12,0,0,0,0,false
MNGYp9BzdA,2024,Modbury Jets,Under 13 JPL A; U13 Carl's Junior Boys Cup; Under 13 Trials,29,23,1795,9,0,0,0,0,false
MNGYp9BzdA,2025,Modbury Jets,Nova Under 14's YPL A Mixed; U14 Carl's Jr. Youth Premier Cup; Nova Under 15's YPL A Mixed,25,16,1340,3,1,0,0,0,false
MNGYp9BzdA,2026,Modbury Jets,Nova Under 15's YPL B Mixed; U15 Carl's Jr. Youth Premier Cup; U16 Carl's Jr. Youth Premier Cup; Nova Under 16's YPL B Mixed; HPG Homes State League 1 Under 18's,42,28,2735,21,1,0,0,0,false
MNGv20oWEm,2023,Seaford Rangers,Under 13's JPL B; Under 13's JSL C; U13 Carl's Junior Boys Cup; Under 13's JPL C; Under 14's JPL C; U13 JPL C - Top Half,31,23,2010,11,0,0,0,0,true
MNGv20oWEm,2024,Seaford Rangers,Under 13 Trials - No Match Officials; Under 13 JPL B; U13 Carl's Junior Boys Cup; Under 15 JPL C; Under 14 JPL C,23,20,1495,21,1,0,0,0,false
MNGv20oWEm,2025,WT Birkalla,Under 14 Trials; Nova Under 14's YPL A Mixed; U14 Carl's Jr. Youth Premier Cup,25,19,1585,6,2,0,0,0,false
MNGv20oWEm,2026,Seaford Rangers,Nova Under 15's YPL C South Mixed; U15 Carl's Jr. Youth Premier Cup; HPG Homes State League 2 South - Under 18's; Nova Under 16's YPL C South Mixed; Nova Under 15's YPL C Mixed Finals Series,34,26,2645,31,2,0,0,0,false
MNGv9BgD0m,2024,Para Hills Knights,Under 15 JPL B; U15 Carl's Junior Boys Cup; Under 15 JSL A,21,14,1250,5,0,0,0,0,false
MNGv9BgD0m,2026,Elizabeth Downs Soccer Club,Under 18's; Federation Cup U18's; HPG Homes State League 2 North - Under 18's,21,13,1230,3,2,0,0,0,false
MNGv9WwWXm,2025,Cove FC; Port Adelaide,Senior Men's Trials; HPG Homes State League 1; Australia Cup SA Preliminary Rounds; HPG Homes State League 2 North; Reserves,18,11,880,4,0,0,0,0,false
MNGv9WwWXm,2026,Port Adelaide; Angle Vale,Hahn Australia Cup SA Preliminary Rounds; Senior Men's Trials; HPG Homes State League 2 North,15,9,748,1,0,0,0,0,false
MNGvDqA2Em,2025,Adelaide Croatia Raiders,RAA NPL Under 18's; RAA NPL Reserves; Federation Cup Reserves,22,17,1659,2,6,0,0,0,false
MNGvDqA2Em,2026,Adelaide Croatia Raiders,HPG Homes State League 1 Reserves; Federation Cup Reserves,6,5,536,0,1,0,0,0,false
MNGvMk1R2m,2024,Mount Barker United,Under 16 JSL B; U16 Carl's Junior Boys Cup,11,8,710,4,0,0,0,0,false
MNGvMk1R2m,2025,Adelaide Hills Hawks,Nova Under 16's YPL C Mixed; U16 Carl's Jr. Youth Premier Cup,24,10,920,7,1,0,0,0,false
MNGvMk1R2m,2026,Adelaide Hills Hawks; Sturt Lions,Federation Cup U18's; HPG Homes State League 2 South - Under 18's; Under 17's A Mixed; Under 17's B Mixed,25,10,950,11,2,0,0,0,false
MNGx24MpKA,2023,Fulham United; Pontian Eagles,Australia Cup SA Preliminary Rounds; State League 1 Reserves; Federation Cup Reserves; State League 1; State League 2 Reserves; State League 2,18,17,1920,0,2,0,0,0,true
MNGx24MpKA,2024,Pontian Eagles,State League 2 Reserves; State League 2,10,10,900,0,0,0,0,1,true
MNGx24MpKA,2025,Pontian Eagles; Port Adelaide,Reserves; Senior Men's Trials; HPG Homes State League 1 Reserves; Australia Cup SA Preliminary Rounds; HPG Homes State League 1; HPG Homes State League 2 North,26,23,2086,0,0,0,0,3,true
MNGx24MpKA,2026,Port Adelaide,Hahn Australia Cup SA Preliminary Rounds; Senior Men's Trials; HPG Homes State League 2 North; HPG Homes State League 2 North - Reserves,21,21,1980,0,1,0,0,1,true
MNGx25VpKA,2023,Western Strikers,Australia Cup SA Preliminary Rounds; State League 2,23,17,792,4,4,0,0,0,false
MNGx25VpKA,2024,Western Strikers,Senior Men's Trial Matches; Australia Cup SA Preliminary Rounds; State League 1,11,7,542,0,0,1,0,0,false
MNGx25VpKA,2025,Western Strikers,Senior Men's Trials; HPG Homes State League 2 South; Australia Cup SA Preliminary Rounds; HPG Homes State League 2 (Seniors) Final Series,16,12,836,4,4,0,0,0,false
MNGx25VpKA,2026,Western Strikers,HPG Homes State League 2 South; Hahn Australia Cup SA Preliminary Rounds; HPG Homes State League 2 (Seniors) Finals Series,17,5,922,3,1,0,0,0,false
MNGx2EpbKA,2023,Cumberland United,State League 1 Under 18's; Under 16 Trials; Under 17 Trials; Under 16's JPL A; U16 Carl's Junior Boys Cup; U16 JPL A - Bottom Half,34,26,2660,0,2,0,0,0,false
MNGx2EpbKA,2024,Cumberland United,U18 Trial Matches; State League 1 Under 18's; Federation Cup U18's; State League 1 Reserves,23,18,1764,0,2,1,0,0,false
MNGx2EpbKA,2025,Cumberland United,HPG Homes State League 1 Under 18's; HPG Homes State League 1 Reserves; Federation Cup U18's; Federation Cup Reserves,24,21,2018,0,1,0,0,0,false
MNGx2EpbKA,2026,Cumberland United,HPG Homes State League 1 Reserves,21,20,2292,0,3,1,0,0,false
MNGx2aR0KA,2023,Fulham United,State League 1 Reserves; Federation Cup Reserves; 23 Reserves Trial Matches,19,8,1068,0,3,0,0,0,false
MNGx2aR0KA,2024,Fulham United,State League 1 Reserves; Federation Cup Reserves,18,14,1310,2,3,1,0,0,false
MNGx2aR0KA,2025,Fulham United,Reserves; HPG Homes State League 1 Reserves; Federation Cup Reserves,24,18,1676,1,5,0,0,0,false
MNGx2aR0KA,2026,Modbury Vista,Federation Cup Reserves; HPG Homes State League 2 North - Reserves; HPG Homes State League 2 (Reserves) Final Series,21,19,1862,0,3,0,0,0,false
MNGx2ayBKA,2023,Adelaide Croatia Raiders,State League 1 Under 18's; State League 1 Reserves; Federation Cup U18's,26,22,2784,5,1,0,0,0,false
MNGx2ayBKA,2024,Adelaide Croatia Raiders,RAA NPL Reserves; Federation Cup Reserves; RAA NPL Under 18's,20,17,1677,3,1,0,0,0,false
MNGx2ayBKA,2025,Adelaide Croatia Raiders,RAA NPL Reserves; Federation Cup Reserves,26,26,2327,0,6,0,0,0,false
MNGx2ayBKA,2026,Modbury Vista,Hahn Australia Cup SA Preliminary Rounds; Senior Men's Trials; HPG Homes State League 2 North; HPG Homes State League 2 (Seniors) Finals Series,23,22,2120,0,1,0,0,0,false
MNGx7x5bKA,2023,Sturt Lions,RAA NPL Reserves; Federation Cup Reserves,21,18,1901,2,2,0,0,0,false
MNGx7x5bKA,2024,Cove FC,Reserves Trial Matches; State League 2 Reserves; Australia Cup SA Preliminary Rounds; State League 2,11,9,582,5,0,0,0,0,false
MNGx7x5bKA,2025,Cove FC; South Adelaide,Senior Men's Trials; HPG Homes State League 1; Australia Cup SA Preliminary Rounds; HPG Homes State League 1 Reserves,21,13,1313,8,1,0,0,0,false
MNGx7x5bKA,2026,South Adelaide,Hahn Australia Cup SA Preliminary Rounds; HPG Homes State League 1,22,16,1947,1,3,0,0,0,false
MNGx933BKA,2023,Fulham United,State League 1; 23 Senior Men's Trial Matches,22,22,191,2,2,0,0,0,false
MNGx933BKA,2026,Fulham United,HPG Homes State League 1; Senior Men's Trials,6,5,511,2,0,0,0,0,false
MNGx9BGEKA,2023,Cumberland United,Under 14 Trials; Under 14's JPL A; U14 Carl's Junior Boys Cup,21,19,1540,0,0,0,0,0,false
MNGx9BGEKA,2024,Cumberland United,Under 15 Trials; Under 15 JPL A; U15 Carl's Junior Boys Cup,19,8,710,1,0,0,0,0,false
MNGx9BGEKA,2025,Cumberland United,Under 16 Trials; Nova Under 16's YPL A Mixed; U16 Carl's Jr. Youth Premier Cup,24,22,2045,0,0,0,0,0,false
MNGx9BGEKA,2026,Cumberland United,Under 17 Trials; U17 Carl's Jr. Youth Premier Cup; Under 17's A Mixed; HPG Homes State League 1 Under 18's,28,22,2255,1,1,0,0,0,false
MNGx9vbXKA,2023,Adelaide University; Eastern United,Australia Cup SA Preliminary Rounds; State League 2; State League 1 Reserves; State League 1; 23 Senior Men's Trial Matches,14,11,665,3,3,0,0,0,false
MNGx9vbXKA,2024,Eastern United,Senior Men's Trial Matches; Australia Cup SA Preliminary Rounds; State League 2; State League 2 Reserves,17,13,1128,0,5,1,0,0,false
MNGx9vbXKA,2025,Salisbury Inter,Senior Men's Trials; HPG Homes State League 2 North; Australia Cup SA Preliminary Rounds; HPG Homes State League 2 North - Reserves,13,13,1219,1,0,1,0,0,false
MNGx9vbXKA,2026,Pontian Eagles,Hahn Australia Cup SA Preliminary Rounds; Senior Men's Trials; HPG Homes State League 2 North - Reserves; HPG Homes State League 2 North; HPG Homes State League 2 (Reserves) Final Series,21,16,1586,2,2,0,0,0,false
MNGxDxzXKA,2023,West Adelaide,RAA NPL Reserves; Federation Cup Reserves,22,21,2086,0,1,0,0,0,false
MNGxDxzXKA,2024,West Adelaide,Reserves Trial Matches; Australia Cup SA Preliminary Rounds; State League 1 Reserves,21,19,1587,1,0,0,0,0,false
MNGxDxzXKA,2025,Fulham United,Reserves; HPG Homes State League 1 Reserves; Federation Cup Reserves,23,23,2086,1,0,0,0,0,false
MNGxDxzXKA,2026,Fulham United,HPG Homes State League 1 Reserves; Federation Cup Reserves,7,7,717,0,0,0,0,0,false
MNGxG4wLKA,2023,Adelaide Hills Hawks,Under 16's JPL B; U16 Carl's Junior Boys Cup; U18 Trial Matches,19,14,1250,6,0,0,0,0,false
MNGxG4wLKA,2024,Mount Barker United,U18 Trial Matches; Federation Cup U18's; State League 2 Under 18's; State League 2 Reserves,30,23,2173,7,3,0,0,0,false
MNGxG4wLKA,2025,Adelaide Hills Hawks,Federation Cup U18's; HPG Homes State League 2 South - Under 18's; HPG Homes State League 2 South - Reserves,18,6,570,6,0,0,0,0,false
MNGxG4wLKA,2026,Mount Barker United,Reserves; HPG Homes State League 2 South - Reserves; Federation Cup Reserves,12,1,545,0,0,0,0,0,false
MNGxGqr7KA,2023,Noarlunga United,Under 13's JSL B; Under 13's JSL C; Under 15's JPL B; Under 14's JSL C,16,14,1120,4,1,0,0,0,false
MNGxGqr7KA,2024,Noarlunga United,Under 14 JPL B; U14 Carl's Junior Boys Cup; Under 16 JPL B,24,20,1760,3,0,0,0,0,false
MNGxGqr7KA,2025,Cumberland United,Under 15 Trials; Nova Under 15's YPL A Mixed; U15 Carl's Jr. Youth Premier Cup; Nova Under 16's YPL A Mixed,28,23,2155,0,1,0,0,0,false
MNGxGqr7KA,2026,Cumberland United,Under 16 Trials - No Match Officials; Nova Under 16's YPL A Mixed; Under 18's; U16 Carl's Jr. Youth Premier Cup; HPG Homes State League 1 Under 18's,23,18,1710,3,3,0,0,0,false
MNGxMVYBKA,2023,Eastern United,State League 1 Reserves; Federation Cup Reserves,17,8,1184,8,9,2,0,0,false
MNGxMVYBKA,2026,Adelaide Olympic,HPG Homes State League 1 Reserves; Federation Cup Reserves,11,5,625,6,4,0,0,0,false
MNGxMnPXKA,2023,Cove FC,Under 16's JPL B; Under 15's JSL B; U16 Carl's Junior Boys Cup; Under 17's JPL B,24,14,1250,9,1,0,0,0,false
MNGxMnPXKA,2024,Cove FC,U18 Trial Matches; Under 17 Trials; State League 2 Under 18's; Under 17 JPL A,12,5,450,6,0,0,0,0,false
MNGxMnPXKA,2025,Cove FC,Under 18's; HPG Homes State League 1 Under 18's; Federation Cup U18's; HPG Homes State League 1 Reserves,27,20,1897,2,3,0,0,0,false
MNGxMnPXKA,2026,Cove FC,Federation Cup U18's; HPG Homes State League 1 Under 18's; HPG Homes State League 1 Reserves,26,22,2780,6,1,0,0,0,false
MNGxl7g0KA,2026,Modbury Vista,Federation Cup Reserves; Reserves; HPG Homes State League 2 North - Reserves; HPG Homes State League 2 (Reserves) Final Series,17,15,1452,1,1,1,0,0,false
MNGxq2AQKA,2023,Western Strikers,Federation Cup Reserves; State League 2 Reserves,5,2,342,0,1,0,0,0,false
MNGxq2AQKA,2024,Salisbury United,Reserves Trial Matches; State League 1 Reserves; Federation Cup Reserves,22,21,1809,1,0,0,0,0,false
MNGxq2AQKA,2025,Adelaide Titans Football Club,HPG Homes State League 2 South; Australia Cup SA Preliminary Rounds,22,17,1334,2,0,0,0,0,false
MNGxq2AQKA,2026,Adelaide Titans Football Club,Hahn Australia Cup SA Preliminary Rounds; Senior Men's Trials; HPG Homes State League 2 South,19,12,1410,1,1,0,0,0,false
MNGxq9ABKA,2023,MetroStars,Under 17 Trials; Under 17's JPL C; U17 Carl's Junior Boys Cup,21,21,1780,0,0,0,0,0,false
MNGxq9ABKA,2024,MetroStars,Under 17 JPL A; U17 Carl's Junior Boys Cup,18,10,880,0,0,0,0,0,false
MNGxq9ABKA,2025,Eastern United,Reserves; HPG Homes State League 2 South - Under 18's; Federation Cup U18's; HPG Homes State League 2 South - Reserves,22,20,1830,0,3,0,0,0,false
MNGxq9ABKA,2026,Adelaide University,Federation Cup Reserves; Reserves; HPG Homes State League 2 South - Reserves,20,20,2044,0,3,1,0,0,false
MNGxqql2KA,2023,Modbury Vista,Australia Cup SA Preliminary Rounds; State League 2; 23 Senior Men's Trial Matches,27,23,647,14,3,0,0,0,false
MNGxqql2KA,2024,Modbury Vista,Senior Men's Trial Matches; Australia Cup SA Preliminary Rounds; State League 2,32,29,2355,13,4,0,0,0,false
MNGxqql2KA,2025,Modbury Vista,Senior Men's Trials; HPG Homes State League 2 North; Australia Cup SA Preliminary Rounds; HPG Homes State League 2 (Seniors) Final Series,26,25,2366,17,3,0,0,0,false
MNGxqql2KA,2026,Modbury Vista,Hahn Australia Cup SA Preliminary Rounds; Senior Men's Trials; HPG Homes State League 2 North; HPG Homes State League 2 North - Reserves; HPG Homes State League 2 (Seniors) Finals Series,23,23,2211,18,0,1,0,0,false
MNGxqr4LKA,2023,Croydon FC,RAA NPL; Australia Cup SA Preliminary Rounds; RAA NPL Reserves,23,10,-117,7,0,0,0,0,false
MNGxqr4LKA,2024,Para Hills Knights,Senior Men's Trial Matches; RAA NPL; Australia Cup SA Preliminary Rounds; Senior Men's Trials,26,26,2043,0,4,0,0,0,false
MNGxqr4LKA,2025,Para Hills Knights; Adelaide City,Senior Men's Trials; RAA NPL; Australia Cup SA Preliminary Rounds,22,17,1577,2,4,0,0,0,false
MNGxqr4LKA,2026,Adelaide City; Adelaide Croatia Raiders,Hahn Australia Cup SA Preliminary Rounds; RAA NPL; RAA NPL Reserves; HPG Homes State League 1 Reserves; HPG Homes State League 1,18,10,1441,1,4,0,0,0,false
MNGxrxlbKA,2023,Cumberland United,State League 1 Reserves; Federation Cup Reserves; Reserves,17,16,1666,6,1,0,0,0,false
MNGxrxlbKA,2024,Cumberland United,State League 1 Reserves,1,1,57,1,0,0,0,0,false
MNGxrxlbKA,2025,Cumberland United,Australia Cup SA Preliminary Rounds; HPG Homes State League 1,23,19,1589,2,0,0,0,0,false
MNGxrxlbKA,2026,Cumberland United,Hahn Australia Cup SA Preliminary Rounds; HPG Homes State League 1; HPG Homes State League 1 Reserves,19,13,1218,5,0,0,0,0,false
MNGxzlVpKA,2023,West Beach FC,Under 14's JSL A; U14 Carl's Junior Boys Cup,19,19,1510,0,0,0,0,0,false
MNGxzlVpKA,2024,West Beach FC,Under 15 JSL A; U15 Carl's Junior Boys Cup,24,24,2140,4,0,0,0,0,false
MNGxzlVpKA,2025,Port Adelaide,Nova Under 16's YPL B Mixed; U16 Carl's Jr. Youth Premier Cup,17,17,1600,0,0,0,0,0,false
MNGxzlVpKA,2026,Port Adelaide,Federation Cup U18's; Under 18's; HPG Homes State League 2 North - Under 18's; HPG Homes State League 2 (18s) Final Series,19,19,1800,3,2,1,0,0,false
OmeX6Q6vd0,2023,Adelaide Comets,RAA NPL Under 18's; Federation Cup U18's; RAA NPL Reserves,23,20,2412,15,2,0,0,0,false
OmeX6Q6vd0,2024,Adelaide City,U18 Trial Matches; RAA NPL Under 18's; RAA NPL Reserves,23,15,1438,8,5,0,0,0,false
OmeX6Q6vd0,2025,Cumberland United,HPG Homes State League 1 Reserves; Federation Cup Reserves; HPG Homes State League 1,21,17,1544,15,1,0,0,0,false
OmeX6Q6vd0,2026,Cumberland United; Croydon FC,HPG Homes State League 1 Reserves; Hahn Australia Cup SA Preliminary Rounds; HPG Homes State League 1; RAA NPL Reserves,16,12,1286,7,2,1,0,0,false
OmeX6QVjd0,2023,Playford City,Australia Cup SA Preliminary Rounds; State League 1,14,9,473,3,1,0,0,0,false
OmeX6QVjd0,2024,Salisbury United,Senior Men's Trial Matches; Australia Cup SA Preliminary Rounds; State League 1,16,5,496,3,5,0,0,0,false
OmeX6QVjd0,2025,,,0,0,0,0,0,0,0,0,false
OmeX6QVjd0,2026,,,0,0,0,0,0,0,0,0,false
OmeX99Aed0,2023,Gawler Eagles,Under 13's JSL B; U13 Carl's Junior Boys Cup; Under 13's JPL B,19,12,950,1,0,0,0,0,false
OmeX99Aed0,2024,Gawler Eagles,Under 14 Trials; Under 14 JSL B; U14 Carl's Junior Boys Cup; Under 14 JPL B,26,20,1575,1,0,0,0,0,false
OmeX99Aed0,2025,Gawler Eagles,Under 18's; Under 15 Trials; Under 16 Trials; Federation Cup U18's; Nova Under 15's YPL C Mixed; U15 Carl's Jr. Youth Premier Cup; Nova Under 16's YPL C Mixed,25,21,1950,1,3,0,0,0,false
OmeX99Aed0,2026,Gawler Eagles,Federation Cup U18's; Under 18's; HPG Homes State League 2 North - Under 18's; HPG Homes State League 2 North - Reserves,21,19,1744,3,2,0,0,0,false
OmeX99abd0,2023,Port Adelaide,Australia Cup SA Preliminary Rounds; State League 1; Senior Men's Trials,18,15,397,0,2,0,0,0,false
OmeX99abd0,2024,Salisbury United,Senior Men's Trial Matches; Australia Cup SA Preliminary Rounds; State League 1; State League 1 Reserves,27,15,1668,1,3,0,0,0,false
OmeX99abd0,2025,Salisbury United,Senior Men's Trials; HPG Homes State League 1; Australia Cup SA Preliminary Rounds,27,26,2501,0,3,0,0,0,false
OmeX99abd0,2026,Salisbury United,Hahn Australia Cup SA Preliminary Rounds; HPG Homes State League 1,20,17,1907,0,1,0,0,0,false
OmeXDAwyd0,2023,Salisbury United,State League 2,2,1,0,0,0,0,0,1,true
OmeXDAwyd0,2024,,,0,0,0,0,0,0,0,0,false
OmeXDAwyd0,2025,Salisbury United,Senior Men's Trials; Reserves; HPG Homes State League 1 Reserves; HPG Homes State League 1; Australia Cup SA Preliminary Rounds; Federation Cup Reserves,27,27,2491,0,0,0,0,12,true
OmeXDAwyd0,2026,Salisbury United,Hahn Australia Cup SA Preliminary Rounds; HPG Homes State League 1; HPG Homes State League 1 Reserves,15,15,1800,0,0,0,0,1,true
OmeXO1Yyd0,2023,Noarlunga United,State League 2 Reserves,6,5,469,2,1,0,0,0,false
OmeXO1Yyd0,2026,Plympton FC,HPG Homes State League 2 South - Reserves; HPG Homes State League 2 South,15,7,1115,1,1,0,0,0,false
OmeXOV77d0,2023,Noarlunga United,State League 2 Reserves; Federation Cup Reserves; State League 2; 23 Reserves Trial Matches; 23 Senior Men's Trial Matches,19,18,1099,3,1,0,0,0,false
OmeXOV77d0,2024,Noarlunga United,Senior Men's Trial Matches; Australia Cup SA Preliminary Rounds; State League 2; State League 2 Reserves,22,15,1277,0,1,0,0,0,false
OmeXOV77d0,2025,Noarlunga United,Senior Men's Trials; HPG Homes State League 2 South; Federation Cup Reserves,13,10,972,0,3,0,0,0,false
OmeXOV77d0,2026,Noarlunga United,Hahn Australia Cup SA Preliminary Rounds; HPG Homes State League 2 South; Senior Men's Trials,20,13,1545,0,5,0,0,0,false
OmeXaoLbd0,2023,Para Hills Knights,Under 14 Trials; Under 14's JPL A; Under 14's JSL A; U14 Carl's Junior Boys Cup; Under 15's JPL A,31,26,2140,2,7,1,0,0,true
OmeXaoLbd0,2024,Para Hills Knights,Under 16 JPL A; Under 17 JPL B; U15 Carl's Junior Boys Cup; Under 15 JPL B; U16 Carl's Junior Boys Cup; Under 15 JSL A,21,17,1520,4,2,0,0,0,false
OmeXaoLbd0,2025,Salisbury Inter,Under 18's; Federation Cup U18's; Nova Under 16's YSL A Mixed; HPG Homes State League 2 North - Under 18's; HPG Homes State League 2 North - Reserves; Nova Under 17's YPL B Mixed; Under 16 YSL Bottom Half,39,24,2303,1,2,1,0,0,false
OmeXaoLbd0,2026,Elizabeth Downs Soccer Club,Under 18's; Reserves; Federation Cup U18's; Federation Cup Reserves; HPG Homes State League 2 North - Under 18's; HPG Homes State League 2 North - Reserves,29,21,2033,9,3,0,0,0,false
OmeXebPvd0,2023,Cumberland United,Under 13 Trials; Under 13's JPL A; U13 Carl's Junior Boys Cup; Under 13's JSL A; Under 12 JPL A,30,9,680,8,1,0,0,0,false
OmeXebPvd0,2024,Cumberland United,Under 13 Trials - No Match Officials; Under 13 Trials; Under 13 JPL A; Under 13 JSL A; U13 Carl's Junior Boys Cup,34,25,1955,12,2,0,0,0,false
OmeXebPvd0,2025,Cumberland United,Under 14 Trials; Under 15 Trials; Nova Under 14's YPL A Mixed; U14 Carl's Jr. Youth Premier Cup; Nova Under 15's YPL A Mixed; Nova Under 16's YPL A Mixed,34,26,2150,5,2,0,0,0,false
OmeXebPvd0,2026,Cumberland United,Nova Under 15's YPL A Mixed; U15 Carl's Jr. Youth Premier Cup; Nova Under 16's YPL A Mixed; HPG Homes State League 1 Under 18's,34,27,2590,22,5,0,0,0,false
OmeXk3g1d0,2023,Salisbury United,Under 14's JPL C; U14 Carl's Junior Boys Cup; Under 14's JSL C,22,14,1250,7,1,1,0,0,false
OmeXk3g1d0,2026,Salisbury United,HPG Homes State League 1 Under 18's; U17 Carl's Jr. Youth Premier Cup; Under 17's B Mixed; HPG Homes State League 1 Reserves,38,24,3047,22,3,0,0,1,true
OmeXkYx7d0,2023,Northern Demons,State League 2; Australia Cup SA Preliminary Rounds,16,13,78,0,5,0,0,0,false
OmeXkYx7d0,2024,Northern Demons,Australia Cup SA Preliminary Rounds; State League 2,23,9,1288,0,2,0,0,0,false
OmeXkYx7d0,2025,Northern Demons,Senior Men's Trials; HPG Homes State League 2 North; Australia Cup SA Preliminary Rounds,20,20,1845,1,2,0,0,0,false
OmeXkYx7d0,2026,Northern Demons,Hahn Australia Cup SA Preliminary Rounds; HPG Homes State League 2 North,17,16,1425,0,4,0,0,0,false
OmeXz2xyd0,2023,FK Beograd,Under 14's JPL B; U14 Carl's Junior Boys Cup; Under 13's JPL B; Under 14's JDL Mixed,22,17,1480,1,0,0,0,0,false
OmeXz2xyd0,2024,FK Beograd,Under 14 Trials; Under 14 JPL A; U14 Carl's Junior Boys Cup,18,16,1275,0,0,0,0,0,false
OmeXz2xyd0,2025,FK Beograd,Under 15 Trials; Nova Under 15's YPL B Mixed; Nova Under 16's YPL B Mixed; U15 Carl's Jr. Youth Premier Cup; Nova Under 17's YPL A Mixed,28,26,2410,18,1,0,0,0,false
OmeXz2xyd0,2026,Adelaide Olympic,Under 16 Trials; Under 15 Trials; Nova Under 16's YPL A Mixed; U16 Carl's Jr. Youth Premier Cup; HPG Homes State League 1 Under 18's,24,21,1950,2,2,0,0,0,false
OmeXzebGd0,2023,WT Birkalla,Under 13's JPL A; U13 Carl's Junior Boys Cup; Under 14's JDL Mixed,23,10,800,4,0,0,0,0,false
OmeXzebGd0,2024,WT Birkalla,Under 14 JSL A; U14 Carl's Junior Boys Cup; Under 14 JPL A,25,14,1190,5,0,0,0,0,false
OmeXzebGd0,2025,WT Birkalla,Under 15 Trials; Nova Under 15's YPL A Mixed; U15 Carl's Jr. Youth Premier Cup,24,23,2095,0,0,0,0,0,false
OmeXzebGd0,2026,Cumberland United,Nova Under 16's YPL A Mixed; Under 18's; U16 Carl's Jr. Youth Premier Cup; HPG Homes State League 1 Under 18's,25,21,2015,0,2,0,0,0,false
OmeXzr8Gd0,2023,Adelaide University Grads Blue,Australia Cup SA Preliminary Rounds,2,2,210,0,2,0,0,0,false
OmeXzr8Gd0,2026,Mount Barker United,Federation Cup Reserves; HPG Homes State League 2 South - Reserves; Hahn Australia Cup SA Preliminary Rounds; HPG Homes State League 2 South,15,10,1377,0,1,0,0,0,false
OmejD0PgvN,2023,West Adelaide,Under 17's JPL B; U17 Carl's Junior Boys Cup,19,18,1600,9,0,0,0,0,false
OmejD0PgvN,2024,FK Beograd,Under 17 Trials; Under 17 JPL B; U17 Carl's Junior Boys Cup; RAA NPL Under 18's,23,15,1350,11,2,0,0,0,false
OmejD0PgvN,2025,FK Beograd; Adelaide Titans Football Club,Under 18's; RAA NPL Under 18's; HPG Homes State League 2 South - Under 18's; HPG Homes State League 2 South - Reserves; HPG Homes State League 2 (18s) Final Series,16,13,1214,5,0,0,0,0,false
OmejD0PgvN,2026,Adelaide Titans Football Club,Federation Cup Reserves; HPG Homes State League 2 South - Reserves,17,8,1079,2,1,0,0,0,false
OmejD0W2yN,2023,Adelaide University,Under 15's JPL B; Under 16's JSL B; U15 Carl's Junior Boys Cup; U16 Carl's Junior Boys Cup; U15 JPL B - Bottom Half,27,26,2310,4,0,0,0,0,false
OmejD0W2yN,2024,Adelaide University,Under 16 Trials; Under 16 JPL B; U16 Carl's Junior Boys Cup,24,23,2040,0,0,0,0,0,false
OmejD0W2yN,2025,Adelaide Blue Eagles,Nova Under 17's YPL B Mixed; U17 Carl's Jr. Youth Premier Cup,15,9,840,6,0,0,0,0,false
OmejD0W2yN,2026,Adelaide Blue Eagles,HPG Homes State League 1 Under 18's; Federation Cup U18's,19,3,360,2,0,0,0,0,false
OmejDX571N,2023,Adelaide City,Under 17's JPL A; U17 Carl's Junior Boys Cup,19,13,1160,7,0,0,0,0,false
OmejDX571N,2024,West Adelaide,U18 Trial Matches; State League 1 Under 18's; Federation Cup U18's; State League 1 Reserves,30,25,2332,6,3,0,0,0,false
OmejDX571N,2025,West Adelaide,HPG Homes State League 1 Reserves; Federation Cup Reserves,27,13,1482,3,4,0,0,0,false
OmejDX571N,2026,Elizabeth Grove,Hahn Australia Cup SA Preliminary Rounds; Senior Men's Trials; HPG Homes State League 2 North; HPG Homes State League 2 North - Reserves,23,13,1150,4,1,0,0,0,false
OmejOkgV0N,2024,Adelaide Blue Eagles,Federation Cup Reserves; State League 1 Reserves,16,8,810,4,2,0,0,0,false
OmejOkgV0N,2025,Adelaide Blue Eagles,HPG Homes State League 1 Reserves; Federation Cup Reserves,25,15,1337,3,0,0,0,0,false
OmejOkgV0N,2026,Adelaide Blue Eagles,Hahn Australia Cup SA Preliminary Rounds; HPG Homes State League 1 Reserves; HPG Homes State League 1,25,15,1601,7,7,1,0,0,false
Omen5xkPN0,2023,Western Strikers,Under 15's JPL B; U15 Carl's Junior Boys Cup; U15 JPL B - Top Half,16,13,1160,0,0,0,0,0,false
Omen5xkPN0,2024,Western Strikers,State League 1 Under 18's; Under 16 JPL B; U16 Carl's Junior Boys Cup,25,23,2040,1,1,0,0,0,false
Omen5xkPN0,2025,Western Strikers,Under 18's; Reserves; Federation Cup U18's; HPG Homes State League 2 South - Under 18's; HPG Homes State League 2 South - Reserves,23,21,1925,1,1,0,0,0,false
Omen5xkPN0,2026,Western Strikers,Federation Cup U18's; HPG Homes State League 2 South - Under 18's; HPG Homes State League 2 (18s) Final Series,20,19,2280,3,1,0,0,0,false
OmenjG4bN0,2023,Adelaide Blue Eagles,Under 15's JPL B; Under 16's JPL A; U15 Carl's Junior Boys Cup; U15 JPL B - Bottom Half; U16 JPL A - Bottom Half; Under 17's JPL A,23,16,1430,4,1,0,0,0,false
OmenjG4bN0,2025,Adelaide Blue Eagles,Nova Under 17's YPL B Mixed; U17 Carl's Jr. Youth Premier Cup; HPG Homes State League 1 Under 18's,19,11,1000,11,0,0,0,0,false
OmenjG4bN0,2026,Adelaide Blue Eagles,HPG Homes State League 1 Under 18's; Federation Cup U18's,9,0,0,0,0,0,0,0,false
Omep2wGYGd,2026,Modbury Jets,Hahn Australia Cup SA Preliminary Rounds; HPG Homes State League 1; Senior Men's Trials,22,17,1912,3,2,0,0,0,false
OmepGGV2yd,2026,Elizabeth Downs Soccer Club,HPG Homes State League 2 North - Reserves; HPG Homes State League 2 North,9,5,486,0,2,0,0,0,false
OmepJ4ke0d,2025,Fulham United,HPG Homes State League 1; Australia Cup SA Preliminary Rounds,22,4,523,0,4,1,0,0,false
OmepJ4ke0d,2026,Fulham United,HPG Homes State League 1 Reserves; HPG Homes State League 1,4,1,198,1,0,0,0,0,false
OmepJW7a6d,2025,South Adelaide,Under 15 Trials; Nova Under 15's YPL A Mixed; U15 Carl's Jr. Youth Premier Cup,24,22,2060,2,0,0,0,0,false
OmepJW7a6d,2026,South Adelaide,Under 16 Trials; Nova Under 16's YPL B Mixed; U16 Carl's Jr. Youth Premier Cup; HPG Homes State League 1 Under 18's,35,25,2340,8,0,0,0,0,false
OmepJWW5jd,2023,Sturt Lions,RAA NPL Reserves; Federation Cup Reserves; 23 Reserves Trial Matches,14,6,711,2,1,1,0,0,false
OmepJWW5jd,2024,Seaford Rangers,Reserves Trial Matches; Federation Cup Reserves; State League 2 Reserves; State League 2,18,15,1265,4,2,0,0,0,false
OmepJWW5jd,2025,Seaford Rangers,HPG Homes State League 2 South - Reserves,5,3,242,0,1,0,0,0,false
OmepJWW5jd,2026,Plympton FC,Senior Men's Trials; HPG Homes State League 2 South; HPG Homes State League 2 South - Reserves,17,15,1210,0,1,0,0,0,false
OmepJo1eGd,2025,Adelaide Hills Hawks,Nova Under 16's YPL C Mixed; U16 Carl's Jr. Youth Premier Cup,24,13,1205,12,0,0,0,0,false
OmepJo1eGd,2026,Adelaide Hills Hawks,Federation Cup U18's; HPG Homes State League 2 South - Under 18's; HPG Homes State League 2 South - Reserves; HPG Homes State League 2 (18s) Final Series,24,13,1610,14,0,0,0,0,false
OmepJoElGd,2025,South Adelaide,HPG Homes State League 1; Australia Cup SA Preliminary Rounds; HPG Homes State League 1 Reserves,15,15,1380,0,0,0,0,2,true
OmepJoElGd,2026,South Adelaide,Hahn Australia Cup SA Preliminary Rounds; HPG Homes State League 1,18,18,2160,0,0,0,0,2,true
OmepoLXjbd,2026,Adelaide Olympic,Hahn Australia Cup SA Preliminary Rounds; HPG Homes State League 1; HPG Homes State League 1 Reserves,16,10,1092,7,6,0,0,0,false
OmepooYOyd,2023,West Adelaide,Under 16's JPL A; RAA NPL Under 18's; U16 Carl's Junior Boys Cup; RAA NPL Reserves; U16 JPL A - Bottom Half,27,23,2270,1,3,0,0,0,false
OmepooYOyd,2024,West Adelaide,Reserves Trial Matches; Federation Cup U18's; Federation Cup Reserves; State League 1 Under 18's,23,20,1950,9,1,1,0,0,false
OmepooYOyd,2025,West Adelaide,HPG Homes State League 1 Reserves; Federation Cup Reserves; HPG Homes State League 1 Under 18's,10,9,741,0,4,0,0,0,false
OmepooYOyd,2026,Vipers FC,HPG Homes State League 2 South - Reserves,3,1,159,0,0,0,0,0,false
Omepore21d,2026,Angle Vale,Under 14 Trials; Under 15 Trials; Nova Under 15's YPL C  North Mixed; HPG Homes State League 2 North - Under 18's,19,14,1260,0,0,0,0,0,false
Omeporen0d,2026,Angle Vale,Federation Cup U18's; Reserves; HPG Homes State League 2 North - Under 18's,14,13,1200,1,0,0,0,0,false
Omeporewjd,2026,South Adelaide,Hahn Australia Cup SA Preliminary Rounds; HPG Homes State League 1,22,22,2335,0,5,0,0,0,false
Omepov910d,2026,Adelaide Blue Eagles,U17 Carl's Jr. Youth Premier Cup; Under 17's A Mixed; HPG Homes State League 1 Under 18's,17,13,1235,2,0,0,0,0,false
Omepoy4E0d,2026,Salisbury Inter,Hahn Australia Cup SA Preliminary Rounds; Senior Men's Trials; HPG Homes State League 2 North; HPG Homes State League 2 (Seniors) Finals Series,19,17,1658,6,8,0,0,0,false
Omepq7GW7d,2026,Eastern United,HPG Homes State League 1 Under 18's,11,2,240,0,2,0,0,0,false
Omepr2Mx1d,2026,Northern Demons,Hahn Australia Cup SA Preliminary Rounds; HPG Homes State League 2 North,15,15,1332,2,4,0,0,0,false
Omepr4251d,2023,Noarlunga United,Under 13's JSL B; U14 Carl's Junior Boys Cup; Under 14's JSL C; Under 13's JSL C,28,16,1280,6,0,0,0,0,false
Omepr4251d,2024,Noarlunga United,Under 14 JPL B; U14 Carl's Junior Boys Cup; Under 15 JPL B; Under 14 JSL C,26,12,1040,1,0,0,0,0,false
Omepr4251d,2025,Noarlunga United,Nova Under 16's YPL B Mixed; U16 Carl's Jr. Youth Premier Cup,18,18,1680,2,0,0,0,0,false
Omepr4251d,2026,Noarlunga United,U16 Carl's Jr. Youth Premier Cup; Federation Cup U18's; Nova Under 16's YPL C South Mixed; HPG Homes State League 2 South - Under 18's; HPG Homes State League 2 South - Reserves; Under 16 Trials,41,40,4320,2,6,0,0,0,false
Omepr4Jrjd,2024,FK Beograd,Under 17 Trials; Under 17 JPL B,16,8,715,6,1,0,0,0,false
Omepr4Jrjd,2025,Adelaide University; Adelaide Titans Football Club,Under 18's; HPG Homes State League 2 South - Under 18's; Federation Cup U18's; HPG Homes State League 2 South - Reserves; HPG Homes State League 2 (18s) Final Series,26,13,1262,4,0,0,0,0,false
Omepr4Jrjd,2026,Adelaide Titans Football Club; Plympton FC,Federation Cup Reserves; HPG Homes State League 2 South - Reserves,9,0,432,1,0,0,0,0,false
Omepr4vYPd,2026,Salisbury Inter,Federation Cup Reserves; HPG Homes State League 2 North - Reserves,12,12,878,0,1,0,0,0,false
Omepr4wkPd,2026,Elizabeth Downs Soccer Club,Hahn Australia Cup SA Preliminary Rounds; Senior Men's Trials; HPG Homes State League 2 North; HPG Homes State League 2 (Seniors) Finals Series,22,18,1585,3,4,1,0,0,false
Omepr4yO1d,2026,Modbury Vista,Hahn Australia Cup SA Preliminary Rounds; Senior Men's Trials; HPG Homes State League 2 North; HPG Homes State League 2 (Seniors) Finals Series,24,24,2340,0,2,0,0,7,true
Omepr7ZGbd,2026,Cove FC,Under 16 Trials; HPG Homes State League 1 Under 18's; Nova Under 16's YPL C South Mixed; U16 Carl's Jr. Youth Premier Cup; Nova Under 16's YPL C Mixed Finals Series,20,13,1230,2,0,0,0,0,false
OmeprMGkyd,2026,Salisbury United,HPG Homes State League 1 Under 18's; Federation Cup U18's; Under 17's B Mixed; HPG Homes State League 1 Reserves,39,27,3377,1,4,0,0,0,false
OmeprMw5ed,2026,Ghan United,HPG Homes State League 2 South - Reserves,11,9,976,0,0,0,0,0,false
OmeprMxb7d,2023,Ghan United,Australia Cup SA Preliminary Rounds,3,3,300,3,0,0,0,0,false
OmeprMxb7d,2024,Eastern United; Northern Demons,Senior Men's Trial Matches; State League 2; Federation Cup Reserves,22,19,1582,10,4,0,0,0,false
OmeprMxb7d,2025,Ghan United,Senior Men's Trials; HPG Homes State League 2 North; Australia Cup SA Preliminary Rounds,22,19,1627,9,3,0,0,0,false
OmeprMxb7d,2026,Ghan United,Hahn Australia Cup SA Preliminary Rounds; HPG Homes State League 2 South,16,12,1217,9,1,0,0,0,false
OmeprYebed,2023,Cumberland United,Under 14 Trials; Under 14's JPL A; U14 Carl's Junior Boys Cup; Under 15's JPL A,28,22,1810,3,0,0,0,0,false
OmeprYebed,2024,Cumberland United,Under 15 Trials; Under 15 JSL A; Under 15 JPL A; U15 Carl's Junior Boys Cup,26,21,1870,3,3,0,0,0,false
OmeprYebed,2025,Cumberland United,HPG Homes State League 1 Under 18's; Under 16 Trials; Federation Cup U18's; Nova Under 16's YPL A Mixed,20,8,765,0,1,0,0,0,true
OmeprYebed,2026,,,0,0,0,0,0,0,0,0,false
OmepralA0d,2026,Angle Vale,Federation Cup U18's; Reserves; HPG Homes State League 2 North - Under 18's; HPG Homes State League 2 North - Reserves,17,15,1380,5,0,0,0,0,false
OmepreVWjd,2026,Ghan United,HPG Homes State League 2 South; HPG Homes State League 2 (Seniors) Finals Series,18,18,1904,7,4,0,0,0,false
Omeprl3Led,2026,Adelaide University,Federation Cup U18's; Federation Cup Reserves; Under 18's; Reserves; HPG Homes State League 2 South - Under 18's; HPG Homes State League 2 South - Reserves,24,17,2176,14,1,1,0,0,false
OmeprppEPd,2026,Adelaide University,Federation Cup U18's; Under 18's; HPG Homes State League 2 South - Under 18's,22,20,2340,0,3,0,0,0,false
OmeprrVLbd,2026,South Adelaide,HPG Homes State League 1 Reserves; Federation Cup Reserves,21,20,2364,1,8,0,0,0,false
OmepryXM7d,2026,Northern Demons,Hahn Australia Cup SA Preliminary Rounds; HPG Homes State League 2 North; HPG Homes State League 2 North - Reserves,18,10,971,0,0,0,0,0,false
OmeprzJ91d,2026,Modbury Vista,Federation Cup Reserves; Reserves; HPG Homes State League 2 North - Reserves; HPG Homes State League 2 North; HPG Homes State League 2 (Reserves) Final Series,23,23,2100,8,0,0,0,0,false
OmeprzJaed,2025,Port Adelaide,Nova Under 15's YPL B Mixed; U15 Carl's Jr. Youth Premier Cup; HPG Homes State League 2 North - Under 18's; Nova Under 16's YPL B Mixed,26,21,1980,13,1,1,0,0,false
OmeprzJaed,2026,Port Adelaide,Under 18's; Nova Under 16's YPL B Mixed; HPG Homes State League 2 North - Under 18's; HPG Homes State League 2 North - Reserves; HPG Homes State League 2 (18s) Final Series; HPG Homes State League 2 (Reserves) Final Series,44,34,3324,49,7,0,0,0,false
OmeprzJk6d,2026,Ghan United,Federation Cup U18's; HPG Homes State League 2 South - Under 18's,16,13,1560,0,2,0,0,0,false
OmeprzL4vd,2026,Modbury Vista; Elizabeth Downs Soccer Club,Hahn Australia Cup SA Preliminary Rounds; HPG Homes State League 2 North; HPG Homes State League 2 (Seniors) Finals Series,13,4,718,1,7,0,0,0,false
OmepyY7W7d,2026,Port Adelaide,HPG Homes State League 2 North - Under 18's; Federation Cup U18's,4,1,90,0,0,0,0,0,false
Omepyg1xvd,2026,Modbury Jets,HPG Homes State League 1 Reserves; HPG Homes State League 1; Hahn Australia Cup SA Preliminary Rounds,13,6,698,1,1,0,0,0,false
Omepyrggyd,2026,Mount Barker United,Nova Under 16's YPL C South Mixed; U16 Carl's Jr. Youth Premier Cup; HPG Homes State League 2 South - Under 18's,20,14,1330,4,0,0,0,0,false
Pmj20EWGkm,2025,Angle Vale,Nova Under 13's YSL D Mixed; U13 Carl's Jr. Youth State Cup,21,13,965,7,0,0,0,0,false
Pmj20EWGkm,2026,Angle Vale,Under 14 Trials; Nova Under 14's YPL C North Mixed; U14 Carl's Jr. Youth Premier Cup; Nova Under 15's YPL C  North Mixed; HPG Homes State League 2 North - Under 18's,22,18,1495,0,0,0,0,0,false
Pmj26M5lAm,2023,Pontian Eagles,State League 2; Australia Cup SA Preliminary Rounds; State League 2 Reserves; 23 Senior Men's Trial Matches,25,21,282,3,3,0,0,0,false
Pmj26M5lAm,2024,Pontian Eagles,Senior Men's Trial Matches; Australia Cup SA Preliminary Rounds; State League 2,29,28,2397,5,1,0,0,0,false
Pmj26M5lAm,2025,Pontian Eagles,HPG Homes State League 1 Reserves; HPG Homes State League 1; Australia Cup SA Preliminary Rounds,19,17,1576,1,4,0,0,0,false
Pmj26M5lAm,2026,Angle Vale,Hahn Australia Cup SA Preliminary Rounds; Senior Men's Trials; HPG Homes State League 2 North,19,18,1648,1,1,0,0,0,false
Pmj26M72Qm,2026,Adelaide Atletico VSC,HPG Homes State League 1 Reserves; Federation Cup Reserves; HPG Homes State League 1,20,17,1861,4,2,0,0,0,false
Pmj26o106m,2023,Adelaide Croatia Raiders,Under 15's JSL A; U15 Carl's Junior Boys Cup,22,21,1870,3,0,0,0,0,false
Pmj26o106m,2024,Fulham United,Under 16 Trials; Under 16 JSL A; U16 Carl's Junior Boys Cup,16,16,1430,4,1,0,0,0,false
Pmj26o106m,2025,Para Hills Knights,Under 17 Trials; U17 Carl's Jr. Youth Premier Cup; Nova Under 17's YPL B Mixed; RAA NPL Under 18's; Federation Cup U18's,23,21,1875,3,2,0,0,0,false
Pmj26o106m,2026,Adelaide Titans Football Club,Federation Cup U18's; HPG Homes State League 2 South - Under 18's,8,6,720,0,1,0,0,0,false
Pmj2A0ERAm,2026,Cove FC,Hahn Australia Cup SA Preliminary Rounds; HPG Homes State League 1; Senior Men's Trials,24,24,2621,4,2,0,0,0,false
Pmj2A12BBm,2023,Adelaide Blue Eagles; Eastern United,State League 1 Reserves; Federation Cup Reserves; State League 1; 23 Senior Men's Trial Matches,20,14,992,2,6,1,0,0,false
Pmj2A12BBm,2024,Eastern United,Senior Men's Trial Matches; Australia Cup SA Preliminary Rounds; State League 2,25,19,1611,11,2,0,0,0,false
Pmj2A12BBm,2025,Adelaide City,Reserves; RAA NPL Reserves; Federation Cup Reserves; RAA NPL,27,19,1726,12,4,0,0,0,false
Pmj2A12BBm,2026,Cumberland United,Hahn Australia Cup SA Preliminary Rounds; HPG Homes State League 1; HPG Homes State League 1 Reserves,27,6,1374,7,4,0,0,0,false
Pmj2A1Xlkm,2026,Modbury Jets,HPG Homes State League 1 Reserves; Federation Cup Reserves; Hahn Australia Cup SA Preliminary Rounds,2,1,120,0,0,0,0,0,true
Pmj2A49V6m,2026,Ghan United,Under 15's YSL C Mixed; Under 16's YSL Mixed; HPG Homes State League 2 South - Under 18's; U15 Carl's Jr. Youth State Cup; Under 16 YSL Mixed Top Half,43,38,3910,2,4,0,0,2,true
Pmj2AARV5m,2026,Pontian Eagles,Hahn Australia Cup SA Preliminary Rounds; Senior Men's Trials; HPG Homes State League 2 North - Reserves; HPG Homes State League 2 North; HPG Homes State League 2 (Seniors) Finals Series; HPG Homes State League 2 (Reserves) Final Series,18,15,1309,3,2,0,0,0,false
Pmj2AJvJjm,2026,Adelaide Croatia Raiders,Hahn Australia Cup SA Preliminary Rounds; HPG Homes State League 1; HPG Homes State League 1 Reserves,21,9,1394,1,4,0,0,0,false
Pmj2AaWoZm,2026,Cumberland United,Hahn Australia Cup SA Preliminary Rounds; HPG Homes State League 1,12,12,1228,5,1,0,0,0,false
Pmj2Aao3Pm,2026,Adelaide Olympic,Hahn Australia Cup SA Preliminary Rounds; HPG Homes State League 1 Reserves,18,16,1585,8,4,0,0,0,false
Pmj2a17MPm,2024,Northern Demons,Under 13 JSL D; Under 15 JPL C,16,15,1090,8,0,0,0,0,false
Pmj2a17MPm,2025,Northern Demons,Nova Under 15's YSL C Mixed; U15 Carl's Jr. Youth State Cup,20,14,1330,11,0,0,0,0,false
Pmj2a17MPm,2026,Northern Demons,Under 15's YSL C Mixed; U15 Carl's Jr. Youth State Cup; HPG Homes State League 2 North - Under 18's,24,20,1900,17,0,0,0,0,false
Pmj2a1wVAm,2023,Cumberland United,Under 15 Trials; Under 15's JSL A; Under 16's JPL A; U15 Carl's Junior Boys Cup; Under 15's JPL A,30,22,1880,14,0,0,0,0,false
Pmj2a1wVAm,2024,Cumberland United,Under 16 Trials; Under 16 JPL A; Under 16 JSL A; U16 Carl's Junior Boys Cup,26,19,1680,23,0,0,0,0,false
Pmj2a1wVAm,2025,Cumberland United,Nova Under 17's YPL A Mixed; U17 Carl's Jr. Youth Premier Cup,18,16,1490,12,0,0,0,0,false
Pmj2a1wVAm,2026,Cumberland United,HPG Homes State League 1 Under 18's; HPG Homes State League 1 Reserves,18,15,1800,4,1,0,0,0,false
Pmj2a1wXjm,2026,Noarlunga United,Hahn Australia Cup SA Preliminary Rounds; HPG Homes State League 2 South; Senior Men's Trials,18,17,1668,7,1,1,0,0,false
Pmj2a2BD6m,2026,South Adelaide,HPG Homes State League 1 Under 18's; Federation Cup U18's,25,6,720,4,1,0,0,0,false
Pmj2aGynPm,2026,Adelaide Cobras,HPG Homes State League 1 Under 18's; Federation Cup U18's; HPG Homes State League 1 Reserves,22,15,1800,3,4,1,0,0,false
Pmj2aYgYBm,2023,WT Birkalla,Australia Cup SA Preliminary Rounds; State League 1,26,25,1239,0,3,0,0,0,false
Pmj2aYgYBm,2024,WT Birkalla; Adelaide University,Senior Men's Trial Matches; State League 1 Reserves; State League 2,19,15,1260,0,0,0,0,0,false
Pmj2aYgYBm,2025,Adelaide University,Senior Men's Trials; HPG Homes State League 2 South; Australia Cup SA Preliminary Rounds; HPG Homes State League 2 (Seniors) Final Series,26,23,2068,2,1,0,0,0,false
Pmj2aYgYBm,2026,Adelaide University,Hahn Australia Cup SA Preliminary Rounds; HPG Homes State League 2 South,12,12,1316,0,2,0,0,0,false
Pmj2aarq9m,2026,Adelaide Atletico VSC,HPG Homes State League 1 Under 18's; Federation Cup U18's; HPG Homes State League 1 Reserves,22,10,1234,0,3,0,0,0,false
Pmj2agVO9m,2023,Modbury Jets,Under 14's JPL B; U14 Carl's Junior Boys Cup; Under 14's JSL C,21,18,1580,5,0,0,0,0,false
Pmj2agVO9m,2024,Modbury Jets,Under 15 Trials - No Match Officials; Under 15 JPL B; U15 Carl's Junior Boys Cup; Under 15 JSL A,22,22,1955,5,1,0,0,0,false
Pmj2agVO9m,2025,Modbury Jets,RAA NPL Under 18's; RAA NPL Reserves; Federation Cup U18's; Federation Cup Reserves,26,18,1829,2,0,0,0,0,false
Pmj2agVO9m,2026,Modbury Jets,Federation Cup Reserves; HPG Homes State League 1 Reserves; HPG Homes State League 1; HPG Homes State League 1 Under 18's; Senior Men's Trials,28,26,2894,4,3,0,0,0,false
Pmj2an7EQm,2023,Western Strikers,Under 13's JPL B; U13 Carl's Junior Boys Cup,26,22,1840,9,0,0,0,0,false
Pmj2an7EQm,2024,Western Strikers,Under 14 JPL B; U14 Carl's Junior Boys Cup; Under 13 JPL B,27,24,2120,11,0,0,0,0,false
Pmj2an7EQm,2025,Western Strikers,Nova Under 14's YPL B Mixed; Nova Under 15's YPL B Mixed; Seniors,24,18,1555,24,1,0,0,0,false
Pmj2an7EQm,2026,Western Strikers,Nova Under 15's YPL B Mixed; U15 Carl's Jr. Youth Premier Cup; Nova Under 16's YPL B Mixed; HPG Homes State League 2 South - Under 18's,34,23,2180,19,0,0,0,0,false
Pmj2aoZ39m,2026,Modbury Vista,Hahn Australia Cup SA Preliminary Rounds; HPG Homes State League 2 North; HPG Homes State League 2 (Seniors) Finals Series,22,21,1835,6,1,0,0,0,false
Pmj2aoZ59m,2026,Ghan United,Hahn Australia Cup SA Preliminary Rounds; Senior Men's Trials; HPG Homes State League 2 South,4,3,231,0,1,0,0,0,false
Pmj2aoZJ5m,2023,Ghan United,Australia Cup SA Preliminary Rounds,1,1,90,0,0,0,0,0,false
Pmj2aoZJ5m,2025,Ghan United,Senior Men's Trials; HPG Homes State League 2 North; Australia Cup SA Preliminary Rounds,25,19,1680,3,1,0,0,0,false
Pmj2aoZJ5m,2026,Ghan United,Hahn Australia Cup SA Preliminary Rounds; Senior Men's Trials; HPG Homes State League 2 South - Reserves; HPG Homes State League 2 South; HPG Homes State League 2 (Seniors) Finals Series,17,10,1373,2,0,0,0,0,false
Pmj2aoqR6m,2026,Western Strikers,Federation Cup Reserves; HPG Homes State League 2 South - Reserves; HPG Homes State League 2 (Reserves) Final Series,16,14,1517,5,2,0,0,0,false
Pmj2aqxB5m,2026,Adelaide Comets; Cumberland United,Hahn Australia Cup SA Preliminary Rounds; RAA NPL; RAA NPL Reserves; HPG Homes State League 1 Reserves; HPG Homes State League 1,11,4,529,0,1,0,0,0,false
Pmj2ayjr9m,2026,Adelaide Titans Football Club,Federation Cup U18's; HPG Homes State League 2 South - Under 18's,16,9,1080,2,0,0,0,0,false
Pmj2j0vr6m,2023,Cove FC,Under 15's JSL B; Under 14's JPL C; U15 Carl's Junior Boys Cup,21,17,1520,4,0,0,0,0,false
Pmj2j0vr6m,2024,Cove FC,Under 16 JPL B; Under 15 JPL C; U16 Carl's Junior Boys Cup,32,24,2150,5,0,0,0,0,false
Pmj2j0vr6m,2025,Cove FC,Nova Under 16's YPL C Mixed; U16 Carl's Jr. Youth Premier Cup; Nova Under 17's YPL B Mixed,23,17,1615,5,0,0,0,0,false
Pmj2j0vr6m,2026,Cove FC,Under 17 Trials; Under 17's B Mixed; HPG Homes State League 1 Under 18's; U17 Carl's Jr. Youth Premier Cup,25,21,1985,17,1,0,0,0,false
Pmj2jAQl9m,2025,Ghan United,HPG Homes State League 2 North - Reserves; Federation Cup Reserves; HPG Homes State League 2 North,13,5,567,1,2,1,0,0,false
Pmj2jAQl9m,2026,Ghan United,HPG Homes State League 2 South - Reserves,3,3,278,1,2,0,0,0,false
Pmj2jRVr9m,2025,Pontian Eagles,HPG Homes State League 1 Under 18's; Federation Cup U18's; HPG Homes State League 1 Reserves,28,21,2072,0,2,0,0,0,false
Pmj2jRVr9m,2026,Elizabeth Downs Soccer Club,Under 18's; Federation Cup U18's; HPG Homes State League 2 North - Under 18's; HPG Homes State League 2 North - Reserves,24,21,1995,29,2,0,0,0,false
Pmj2jy1rZm,2023,Port Adelaide; Salisbury United,State League 1 Reserves; Senior Men's Trials; State League 2 Reserves; State League 2,17,13,450,0,3,0,0,0,false
Pmj2jy1rZm,2024,Salisbury United; Western Strikers,Senior Men's Trial Matches; Australia Cup SA Preliminary Rounds; State League 1,21,6,756,0,1,0,0,0,false
Pmj2jy1rZm,2025,Salisbury Inter,Senior Men's Trials; HPG Homes State League 2 North; Australia Cup SA Preliminary Rounds; HPG Homes State League 2 (Seniors) Final Series,22,22,1971,1,7,0,0,0,false
Pmj2jy1rZm,2026,Salisbury Inter,Hahn Australia Cup SA Preliminary Rounds; Senior Men's Trials; HPG Homes State League 2 North; HPG Homes State League 2 (Seniors) Finals Series,19,19,1840,0,6,1,0,0,false
Pmj2yVBE5m,2025,Adelaide Olympic,HPG Homes State League 1 Reserves; HPG Homes State League 1,5,2,299,0,0,0,0,0,false
Pmj2yVBE5m,2026,Adelaide Titans Football Club,Hahn Australia Cup SA Preliminary Rounds; HPG Homes State League 2 South,15,12,1582,1,4,1,0,0,false
Pmj2yjexAm,2026,Adelaide Hills Hawks,Hahn Australia Cup SA Preliminary Rounds,1,1,46,0,0,0,0,0,false
Pmj7370ANZ,2023,Sturt Lions,RAA NPL; RAA NPL Reserves,4,1,-1,1,1,0,0,0,false
Pmj7370ANZ,2024,South Adelaide,RAA NPL Reserves; RAA NPL,11,2,339,0,0,0,0,0,false
Pmj7370ANZ,2025,South Adelaide,HPG Homes State League 1 Reserves; HPG Homes State League 1,5,2,263,2,0,0,0,0,false
Pmj7370ANZ,2026,South Adelaide,HPG Homes State League 1 Reserves; HPG Homes State League 1,8,6,754,4,0,0,0,0,false
Pmj73qy6NZ,2023,Adelaide Hills Hawks,Under 14 Trials; Under 14's JPL B; U14 Carl's Junior Boys Cup; Under 13's JPL C,25,21,1810,4,1,0,0,0,false
Pmj73qy6NZ,2024,Adelaide Hills Hawks,Under 15 Trials; Under 15 JPL B; U15 Carl's Junior Boys Cup,21,20,1775,4,0,0,0,0,false
Pmj73qy6NZ,2025,Adelaide Hills Hawks,Nova Under 16's YPL C Mixed; U16 Carl's Jr. Youth Premier Cup; HPG Homes State League 2 South - Under 18's; Nova Under 15's YPL C Mixed; HPG Homes State League 2 South - Reserves; HPG Homes State League 2 (18s) Final Series,35,23,2206,24,1,0,0,0,false
Pmj73qy6NZ,2026,Adelaide Hills Hawks,Federation Cup U18's; HPG Homes State League 2 South - Under 18's; HPG Homes State League 2 South - Reserves; HPG Homes State League 2 (18s) Final Series,28,23,2848,20,0,0,0,0,false
Pmj79AvANZ,2023,Noarlunga United,Under 13's JSL B; Under 13's JSL C,16,12,960,0,0,0,0,0,false
Pmj79AvANZ,2024,Noarlunga United,Under 14 JPL B; U14 Carl's Junior Boys Cup,20,17,1490,2,0,0,0,0,false
Pmj79AvANZ,2025,Noarlunga United,Nova Under 16's YPL B Mixed; U16 Carl's Jr. Youth Premier Cup,18,10,935,1,1,0,0,0,false
Pmj79AvANZ,2026,Seaford Rangers,Federation Cup U18's; Under 18's; HPG Homes State League 2 South - Under 18's; HPG Homes State League 2 South - Reserves,20,14,1737,1,2,0,0,0,false
Pmj79vOjNZ,2023,Adelaide City,Under 12's JSL Red; Under 13's JSL A; U12 Carl's Junior Boys Cup; Under 12's JSL Green; Under 12 JSL A; Under 12 JSL B,24,18,1260,7,0,0,0,1,true
Pmj79vOjNZ,2024,Adelaide City,Under 13 Trials - No Match Officials; Under 13 JPL A; U13 Carl's Junior Boys Cup; Under 16 JSL A; Under 14 JPL A,30,28,2200,4,0,0,0,0,false
Pmj79vOjNZ,2025,Football SA State Squads,Under 14 Trials; Nova Under 15's YPL A Mixed; U15 Carl's Jr. Youth Premier Cup; Nova Under 16's YPL A Mixed,23,18,1660,0,0,0,0,0,false
Pmj79vOjNZ,2026,Adelaide Cobras,HPG Homes State League 1 Reserves; HPG Homes State League 1 Under 18's; Federation Cup U18's; Federation Cup Reserves,30,21,2984,1,2,0,0,0,false
Pmj7GEpPNZ,2023,Modbury Vista,Federation Cup U18's; State League 2 Under 18's; Under 16 Trials; Under 16's JPL B; Under 16's JSL B; State League 2 Reserves; U16 Carl's Junior Boys Cup; U18 Trial Matches,48,34,3452,34,5,0,0,0,false
Pmj7GEpPNZ,2024,Modbury Vista,U18 Trial Matches; Federation Cup U18's; State League 2 Under 18's; Under 17 JPL B,29,23,2100,10,0,0,0,0,false
Pmj7GEpPNZ,2025,Port Adelaide,HPG Homes State League 2 North - Under 18's; Federation Cup U18's; HPG Homes State League 2 North - Reserves; HPG Homes State League 2 (18s) Final Series,32,25,2532,7,1,0,0,0,false
Pmj7GEpPNZ,2026,Port Adelaide,Federation Cup Reserves; HPG Homes State League 2 North - Reserves; HPG Homes State League 2 (Reserves) Final Series,12,1,380,3,0,0,0,0,false
Pmj7VDVkNZ,2023,Para Hills Knights,State League 1 Reserves; Federation Cup Reserves,23,19,2345,1,4,2,0,0,false
Pmj7VDVkNZ,2024,Para Hills Knights,Reserves Trial Matches; Senior Men's Trial Matches; RAA NPL Reserves; Federation Cup Reserves,30,23,2124,6,0,0,0,0,false
Pmj7VDVkNZ,2025,Gawler Eagles,Senior Men's Trials; HPG Homes State League 2 North; Australia Cup SA Preliminary Rounds; HPG Homes State League 2 (Seniors) Final Series,26,19,1661,1,0,0,0,0,false
Pmj7VDVkNZ,2026,Gawler Eagles,Hahn Australia Cup SA Preliminary Rounds; Senior Men's Trials; HPG Homes State League 2 North,22,13,1443,1,1,0,0,0,false
Pmj7W2D9NZ,2023,Adelaide Hills Hawks,Australia Cup SA Preliminary Rounds; State League 2; State League 2 Reserves,12,3,-295,2,1,0,0,0,false
Pmj7W2D9NZ,2024,Adelaide Hills Hawks,Senior Men's Trial Matches; State League 2 Reserves; State League 2,18,12,955,5,0,0,0,0,false
Pmj7W2D9NZ,2026,Adelaide Hills Hawks,Hahn Australia Cup SA Preliminary Rounds; Senior Men's Trials; HPG Homes State League 2 South,12,9,903,5,1,0,0,0,false
Pmj7k0v3NZ,2023,Croydon FC,Under 14's JPL C; U14 Carl's Junior Boys Cup; Under 15's JSL B; WNPL & WSL Trials,22,20,1760,2,0,0,0,2,true
Pmj7k0v3NZ,2024,Adelaide Croatia Raiders,Under 15 Trials; Under 15 JPL A; U15 Carl's Junior Boys Cup,15,15,1940,0,0,0,0,0,true
Pmj7k0v3NZ,2025,Adelaide Croatia Raiders,Under 16 Trials; Under 16 Trials - No Match Officials; RAA NPL Under 18's; Nova Under 16's YPL A Mixed; U16 Carl's Jr. Youth Premier Cup; RAA NPL Reserves,37,32,2945,0,1,0,0,1,true
Pmj7k0v3NZ,2026,Adelaide Atletico VSC,HPG Homes State League 1 Under 18's; HPG Homes State League 1 Reserves; Federation Cup U18's,20,10,1200,0,2,0,0,1,true
Pmj7ogqZNZ,2023,Cumberland United,Under 15 Trials; Under 15's JPL A; Under 16's JPL A; U15 Carl's Junior Boys Cup,25,18,1520,1,1,0,0,0,false
Pmj7ogqZNZ,2024,Adelaide Cobras,U18 Trial Matches; State League 1 Under 18's; Federation Cup U18's; State League 1 Reserves; Under 16 JPL A,41,23,1991,8,3,0,0,0,false
Pmj7ogqZNZ,2025,Adelaide Cobras,Under 18's; HPG Homes State League 1 Under 18's; Federation Cup U18's; HPG Homes State League 1 Reserves; Federation Cup Reserves,31,17,1757,2,2,0,0,0,false
Pmj7ogqZNZ,2026,Adelaide Cobras,Hahn Australia Cup SA Preliminary Rounds; HPG Homes State League 1 Reserves; HPG Homes State League 1 Under 18's,22,16,1787,2,2,0,0,0,false
PmjOD9oyPN,2023,Mount Barker United,State League 2,2,1,0,0,0,0,0,0,false
PmjOD9oyPN,2024,Northern Demons,Australia Cup SA Preliminary Rounds; State League 2; State League 2 Reserves,22,12,1188,1,2,0,0,0,false
PmjOD9oyPN,2025,South Adelaide,HPG Homes State League 1 Reserves,4,3,269,0,0,0,0,0,false
PmjOD9oyPN,2026,Adelaide Hills Hawks,Federation Cup Reserves; HPG Homes State League 2 South - Reserves; HPG Homes State League 2 South; Senior Men's Trials,23,17,2060,1,5,0,0,0,false
PmjOeRDLBN,2024,Vipers FC,Under 14 JPL A; U14 Carl's Junior Boys Cup; Under 14 JSL A,21,17,1330,2,2,0,0,0,false
PmjOeRDLBN,2025,Vipers FC,Under 15 Trials; Nova Under 15's YPL A Mixed; U15 Carl's Jr. Youth Premier Cup,21,10,935,4,1,0,0,0,false
PmjOeRDLBN,2026,Vipers FC,Under 16 Trials; Under 17 Trials; Nova Under 16's YPL A Mixed; U16 Carl's Jr. Youth Premier Cup; HPG Homes State League 2 South - Under 18's; HPG Homes State League 2 (18s) Final Series; HPG Homes State League 2 (Reserves) Final Series,33,25,2428,10,2,0,0,0,false
PmjOknwpkN,2023,Adelaide Croatia Raiders,Under 14's JSL A; U14 Carl's Junior Boys Cup; WNPL & WSL Trials,21,20,1510,0,0,0,0,0,false
PmjOknwpkN,2024,West Adelaide,Under 15 JSL B; Under 15 Trials - No Match Officials; Under 15 JPL B; U15 Carl's Junior Boys Cup,23,19,1690,1,0,0,0,0,false
PmjOknwpkN,2025,West Adelaide,U16 Carl's Jr. Youth Premier Cup; Nova Under 16's YPL B Mixed; U17 Carl's Jr. Youth Premier Cup; Nova Under 17's YPL A Mixed; HPG Homes State League 1 Under 18's,22,17,1600,4,2,0,0,0,false
PmjOknwpkN,2026,Modbury Jets,HPG Homes State League 1 Under 18's; Federation Cup U18's; HPG Homes State League 1 Reserves,28,22,2826,2,4,0,0,0,false
PmjOkxllPN,2024,Adelaide Blue Eagles,U18 Trial Matches; Reserves Trial Matches; State League 1 Under 18's; State League 1 Reserves,5,4,270,0,0,0,0,0,true
PmjOkxllPN,2025,Adelaide Blue Eagles,HPG Homes State League 1 Reserves; Federation Cup Reserves; HPG Homes State League 1,16,16,1650,0,0,0,0,1,true
PmjOkxllPN,2026,Adelaide Blue Eagles,HPG Homes State League 1 Reserves; Federation Cup Reserves; HPG Homes State League 1,18,17,2114,0,0,0,0,4,true
Pmjz7G95mZ,2023,Modbury Jets,Under 14's JPL B; Under 14's JSL C; U14 Carl's Junior Boys Cup,27,19,1680,8,0,0,0,0,false
Pmjz7G95mZ,2024,Modbury Jets,Under 15 Trials - No Match Officials; Under 15 JSL A; Under 15 JPL B; U15 Carl's Junior Boys Cup,27,23,2050,7,0,0,0,0,false
Pmjz7G95mZ,2025,Modbury Jets,RAA NPL Under 18's; RAA NPL Reserves; Federation Cup U18's; Nova Under 17's YPL A Mixed,24,22,2010,0,3,0,0,0,false
Pmjz7G95mZ,2026,Modbury Jets,Federation Cup Reserves; HPG Homes State League 1 Reserves; HPG Homes State League 1 Under 18's,28,23,2892,1,2,0,0,0,false
PmjzBk3BmZ,2023,Cove FC,Under 14's JPL C; U14 Carl's Junior Boys Cup,16,10,880,1,0,0,0,0,false
PmjzBk3BmZ,2024,Cove FC,Under 15 JPL C; U15 Carl's Junior Boys Cup; Under 16 JPL B,16,12,1070,0,0,0,0,0,false
PmjzBk3BmZ,2025,Cove FC,Nova Under 16's YPL C Mixed; U16 Carl's Jr. Youth Premier Cup; Nova Under 17's YPL B Mixed,22,16,1505,7,0,0,0,0,false
PmjzBk3BmZ,2026,Adelaide Titans Football Club,Federation Cup U18's; HPG Homes State League 2 South - Under 18's; HPG Homes State League 2 South - Reserves,22,19,2398,8,0,0,0,0,false
Pmr8BzoXKo,2023,Adelaide Blue Eagles,Under 15's JPL B; Under 14's JSL B; Under 14's JPL B,9,6,520,1,0,0,0,0,true
Pmr8BzoXKo,2025,Adelaide Atletico VSC,Under 18's; Federation Cup U18's; HPG Homes State League 2 North - Under 18's; Nova Under 16's YPL C Mixed; U16 Carl's Jr. Youth Premier Cup,18,17,1610,0,1,0,0,2,true
Pmr8BzoXKo,2026,Modbury Vista,U17 Carl's Jr. Youth Premier Cup; Under 17's B Mixed; HPG Homes State League 2 North - Under 18's,19,16,1520,0,0,0,0,6,true
Pmr8Gw1AKo,2023,Western Strikers,State League 2 Under 18's; Under 15's JPL B; U15 Carl's Junior Boys Cup; U15 JPL B - Top Half,20,17,1550,0,1,0,0,0,false
Pmr8Gw1AKo,2024,Western Strikers,Reserves Trial Matches; Under 16 JPL B; State League 1 Under 18's; U16 Carl's Junior Boys Cup,29,26,2310,1,1,0,0,0,false
Pmr8Gw1AKo,2025,Western Strikers,Under 18's; Reserves; Federation Cup U18's; HPG Homes State League 2 South - Under 18's; HPG Homes State League 2 South - Reserves,26,23,2144,0,0,0,0,0,false
Pmr8Gw1AKo,2026,Western Strikers,Federation Cup U18's; Under 18's; HPG Homes State League 2 South - Under 18's; HPG Homes State League 2 South - Reserves; HPG Homes State League 2 (18s) Final Series,20,19,2280,0,0,0,0,0,false
Pmr8JjL5Ko,2023,West Adelaide,Under 16's JPL A; RAA NPL Under 18's; U16 Carl's Junior Boys Cup; U16 JPL A - Bottom Half; Under 16's JSL A,22,21,1930,24,1,0,0,0,false
Pmr8JjL5Ko,2024,South Adelaide,RAA NPL Under 18's; Federation Cup U18's; RAA NPL Reserves,21,18,1659,13,1,0,0,0,false
Pmr8JjL5Ko,2025,Adelaide City,Under 18's; Reserves; RAA NPL Under 18's; Federation Cup U18's,24,17,1560,22,4,0,0,0,false
Pmr8JjL5Ko,2026,Adelaide City; South Adelaide,RAA NPL Reserves; Federation Cup Reserves; HPG Homes State League 1 Reserves,16,14,1539,10,2,0,0,0,false
Pmr8VOLrKo,2023,Adelaide University,Under 15's JPL B; Under 16's JPL B; U15 Carl's Junior Boys Cup; U16 Carl's Junior Boys Cup; Under 16's JSL B; U15 JPL B - Bottom Half,31,27,2400,2,0,0,0,0,false
Pmr8VOLrKo,2024,Adelaide University,Under 16 Trials; Under 16 JPL B; U16 Carl's Junior Boys Cup,22,21,1870,3,0,0,0,0,false
Pmr8VOLrKo,2025,Adelaide Blue Eagles,Nova Under 17's YPL B Mixed; U17 Carl's Jr. Youth Premier Cup; HPG Homes State League 1 Under 18's,20,18,1675,2,0,0,0,0,false
Pmr8VOLrKo,2026,Adelaide Blue Eagles,HPG Homes State League 1 Under 18's; Federation Cup U18's,24,23,2760,3,1,0,0,0,false
Pmr8VYDLKo,2023,Modbury Jets,Under 15's JPL B; U15 Carl's Junior Boys Cup; U15 JPL B - Top Half,20,20,1770,0,0,0,0,6,true
Pmr8VYDLKo,2024,Campbelltown City,Under 17 Trials; Under 17 Trials - No Match Officials; Under 16 JPL A; Under 17 JPL A; U17 Carl's Junior Boys Cup; U15 Carl's Junior Boys Cup; Under 15 JPL A; RAA NPL Under 18's; Under 16 JSL A,33,32,2820,0,2,0,0,4,true
Pmr8VYDLKo,2025,Modbury Jets,Federation Cup U18's; Nova Under 16's YPL A Mixed; RAA NPL Under 18's; U16 Carl's Jr. Youth Premier Cup; RAA NPL Reserves,41,22,2080,0,2,0,0,1,true
Pmr8VYDLKo,2026,Adelaide Croatia Raiders,HPG Homes State League 1 Under 18's; HPG Homes State League 1 Reserves,2,1,120,0,0,0,0,0,true
Pmr8k7ZEKo,2023,Mount Barker United,Under 16's JSL B; U16 Carl's Junior Boys Cup,19,10,900,0,0,0,0,0,false
Pmr8k7ZEKo,2024,Mount Barker United,Under 16 JSL B; State League 2 Under 18's; U16 Carl's Junior Boys Cup; State League 2 Reserves,38,36,3230,0,0,0,0,0,true
Pmr8k7ZEKo,2025,Sturt Lions,Nova Under 16's YPL B Mixed; Nova Under 17's YPL B Mixed; U17 Carl's Jr. Youth Premier Cup; U16 Carl's Jr. Youth Premier Cup,22,16,1505,0,1,0,0,7,true
Pmr8k7ZEKo,2026,Adelaide Hills Hawks,Federation Cup U18's; HPG Homes State League 2 South - Under 18's; HPG Homes State League 2 South - Reserves; HPG Homes State League 2 South; HPG Homes State League 2 (18s) Final Series,26,24,2968,0,1,0,0,5,true
Pmr8q5E5Ko,2023,Adelaide Victory,Under 13's JPL C; U13 Carl's Junior Boys Cup; Under 17's JPL C; U13 JPL C - Bottom Half,19,17,1510,0,1,0,0,0,false
Pmr8q5E5Ko,2024,Ghan United,U15 Carl's Junior Boys Cup; Under 15 JSL B,14,11,975,1,2,0,0,1,true
Pmr8q5E5Ko,2025,Ghan United,HPG Homes State League 2 North - Under 18's; Nova Under 15's YSL C Mixed; Nova Under 16's YSL A Mixed; U15 Carl's Jr. Youth State Cup; Under 16 YSL Top Half,27,23,2170,1,2,1,0,0,false
Pmr8q5E5Ko,2026,Ghan United,Federation Cup U18's; Under 16's YSL Mixed; HPG Homes State League 2 South - Under 18's; HPG Homes State League 2 South - Reserves; Under 16 YSL Mixed Top Half,34,31,3371,2,2,0,0,0,false
Pmr8qY2LKo,2023,Adelaide Atletico,Under 14's JSL C; U14 Carl's Junior Boys Cup; Under 16's JSL B,24,24,1950,0,0,0,0,3,true
Pmr8qY2LKo,2024,Adelaide Atletico; FK Beograd,Under 15 JSL B; U15 Carl's Junior Boys Cup; Under 17 JPL B; RAA NPL Under 18's,20,20,1785,0,1,0,0,2,true
Pmr8qY2LKo,2025,FK Beograd,Under 16 Trials; Under 17 Trials; Nova Under 17's YPL A Mixed; U17 Carl's Jr. Youth Premier Cup; RAA NPL Under 18's,21,16,1380,1,0,0,0,1,true
Pmr8qY2LKo,2026,Adelaide Blue Eagles,Hahn Australia Cup SA Preliminary Rounds; HPG Homes State League 1 Under 18's; HPG Homes State League 1 Reserves; Federation Cup U18's; Federation Cup Reserves; Under 17's A Mixed,28,27,3215,2,0,0,0,4,true
PmrBRqqJRm,2023,Barossa United,Under 13's JSL C; U13 Carl's Junior Boys Cup,18,16,1270,0,0,0,0,0,false
PmrBRqqJRm,2024,Barossa United,Under 14 JSL C; U14 Carl's Junior Boys Cup,12,4,320,1,0,0,0,0,false
PmrBRqqJRm,2025,Barossa United,Nova Under 14's YSL B Mixed; Nova Under 15's YSL C Mixed; U14 Carl's Jr. Youth State Cup,12,11,940,1,0,0,0,0,false
PmrBRqqJRm,2026,Barossa United,U15 Carl's Jr. Youth Premier Cup; Nova Under 15's YPL C  North Mixed; HPG Homes State League 2 North - Under 18's; Nova Under 15's YPL C Mixed Finals Series,15,12,1140,3,2,0,0,0,false
PmrBYvMpVm,2023,Vipers FC,23 Reserves Trial Matches,1,1,0,0,0,0,0,0,false
PmrBYvMpVm,2024,Vipers FC,State League 1 Reserves; Federation Cup Reserves,16,6,597,0,0,0,0,0,true
PmrBYvMpVm,2025,Adelaide Hills Hawks,HPG Homes State League 2 South - Reserves,0,0,0,0,0,0,0,0,false
PmrBYvMpVm,2026,,,0,0,0,0,0,0,0,0,false
PmrBb6e7Rm,2024,South Adelaide,RAA NPL Reserves; Federation Cup Reserves,23,18,1552,5,1,0,0,0,false
PmrBb6e7Rm,2025,South Adelaide,Reserves; HPG Homes State League 1 Reserves; Australia Cup SA Preliminary Rounds; HPG Homes State League 1,19,12,1250,1,2,0,0,0,false
PmrBb6e7Rm,2026,South Adelaide; Seaford Rangers,HPG Homes State League 1 Reserves; HPG Homes State League 1; Federation Cup Reserves; HPG Homes State League 2 South - Reserves; HPG Homes State League 2 South; HPG Homes State League 2 (Seniors) Finals Series,20,17,2043,4,1,0,0,0,false
PmrBbzJYAm,2025,Western Strikers,Senior Men's Trials; HPG Homes State League 2 South; Australia Cup SA Preliminary Rounds; HPG Homes State League 2 (Seniors) Final Series,23,23,2190,0,2,1,0,3,true
PmrBbzJYAm,2026,Vipers FC,Hahn Australia Cup SA Preliminary Rounds; Senior Men's Trials; HPG Homes State League 2 South; HPG Homes State League 2 South - Reserves; HPG Homes State League 2 (Seniors) Finals Series,19,19,2250,0,1,0,0,8,true
PmrBj2ZAAm,2024,Gawler Eagles,Under 16 JSL A,13,11,1170,0,1,0,0,0,false
PmrBj2ZAAm,2025,Gawler Eagles,Under 16 Trials; U16 Carl's Jr. Youth Premier Cup; Nova Under 16's YPL C Mixed,22,22,2060,3,0,0,0,0,false
PmrBj2ZAAm,2026,Angle Vale,Federation Cup U18's; Reserves; HPG Homes State League 2 North - Under 18's; HPG Homes State League 2 North - Reserves,12,10,933,1,0,0,0,0,false
PmrBlpb6rm,2026,Seaford Rangers,HPG Homes State League 2 South - Reserves,18,15,1514,3,3,0,0,0,false
PmrBlqOypm,2025,Adelaide Titans Football Club,HPG Homes State League 2 South - Reserves; Federation Cup Reserves,18,17,1594,1,3,1,0,0,false
PmrBlqOypm,2026,Adelaide Titans Football Club,Federation Cup Reserves; HPG Homes State League 2 South - Reserves,18,16,1798,3,4,0,0,0,false
PmrGE1gLVN,2026,Modbury Jets,Hahn Australia Cup SA Preliminary Rounds; HPG Homes State League 1,26,26,2922,3,9,0,0,0,false
PmrGEEWXVN,2023,Croydon FC,Under 15's JSL B; U15 Carl's Junior Boys Cup,21,20,1790,1,0,0,0,0,false
PmrGEEWXVN,2024,Croydon FC,Under 16 JSL A; U16 Carl's Junior Boys Cup,14,13,1160,2,1,0,0,0,false
PmrGEEWXVN,2025,Croydon FC,Under 17 Trials - No Match Officials; Nova Under 17's YPL A Mixed; U17 Carl's Jr. Youth Premier Cup,21,15,1405,2,3,1,0,0,false
PmrGEEWXVN,2026,Port Adelaide,Under 18's; HPG Homes State League 2 North - Under 18's; Federation Cup U18's; HPG Homes State League 2 (18s) Final Series,15,13,1200,8,1,0,0,0,false
PmrGEEWxEN,2026,Pontian Eagles,Federation Cup Reserves; HPG Homes State League 2 North; Hahn Australia Cup SA Preliminary Rounds; HPG Homes State League 2 (Seniors) Finals Series,16,2,380,2,6,0,0,0,false
PmrGEZDXVN,2023,Vipers FC,State League 1 Under 18's; Federation Cup U18's; Under 16's JPL B; State League 1 Reserves; U18 Trial Matches,30,27,3087,1,5,0,0,0,false
PmrGEZDXVN,2024,Vipers FC,State League 1 Under 18's; State League 1 Reserves,23,20,1858,0,2,0,0,0,false
PmrGEZDXVN,2025,Vipers FC,HPG Homes State League 1 Under 18's; HPG Homes State League 1 Reserves; Federation Cup U18's,22,19,1764,4,6,1,0,0,false
PmrGEZDXVN,2026,Port Adelaide,Federation Cup Reserves; HPG Homes State League 2 North - Reserves; Senior Men's Trials; HPG Homes State League 2 (Reserves) Final Series,13,11,1081,1,2,2,0,0,false
PmrGEZvvpN,2026,Cumberland United,HPG Homes State League 1 Reserves; HPG Homes State League 1; Hahn Australia Cup SA Preliminary Rounds,19,15,1794,2,2,1,0,0,false
PmrGEn9nAN,2026,Adelaide Croatia Raiders,Hahn Australia Cup SA Preliminary Rounds; HPG Homes State League 1; HPG Homes State League 1 Reserves,21,7,1283,4,3,0,0,0,false
PmrGEzb3jN,2026,Fulham United; Adelaide City,HPG Homes State League 1 Reserves; Federation Cup Reserves; RAA NPL Reserves; Senior Men's Trials,15,5,729,0,0,0,0,0,false
PmrGZBbrRN,2023,Adelaide Comets,Under 13 Trials; Under 13's JSL A; U13 Carl's Junior Boys Cup; Under 13's JPL A,20,14,1020,4,0,0,0,0,false
PmrGZBbrRN,2024,Adelaide University,Under 15 JPL C; U15 Carl's Junior Boys Cup; Under 14 JPL C,17,15,1340,3,0,0,0,0,false
PmrGZBbrRN,2025,Adelaide University,Under 15 Trials; Nova Under 15's YPL C Mixed; U15 Carl's Jr. Youth Premier Cup; Nova Under 16's YPL C Mixed,21,13,1220,9,0,0,0,0,false
PmrGZBbrRN,2026,Adelaide University,Under 16 Trials; Nova Under 16's YPL C South Mixed; U16 Carl's Jr. Youth Premier Cup; HPG Homes State League 2 South - Under 18's; Nova Under 16's YPL C Mixed Finals Series,26,22,2065,9,1,0,0,0,false
PmrGZD0RjN,2026,Pontian Eagles,Federation Cup U18's; HPG Homes State League 2 North - Under 18's; HPG Homes State League 2 (Reserves) Final Series,20,19,1805,4,1,0,0,0,false
PmrGZMPO5N,2023,Salisbury United,Under 17's JPL C; U17 Carl's Junior Boys Cup; State League 2 Under 18's,25,20,1770,2,0,0,0,0,false
PmrGZMPO5N,2024,Salisbury United,U18 Trial Matches; State League 1 Under 18's; Federation Cup U18's; Under 17 JPL B; State League 1 Reserves,29,23,1740,2,1,0,0,0,false
PmrGZMPO5N,2025,Salisbury United,HPG Homes State League 1 Under 18's; Federation Cup U18's,21,14,1320,1,3,0,0,0,false
PmrGZMPO5N,2026,Salisbury United,HPG Homes State League 1 Reserves; Federation Cup Reserves,8,3,566,0,1,0,0,0,false
PmrGZOoqXN,2026,Seaford Rangers,HPG Homes State League 2 South - Under 18's,18,16,1920,1,0,0,0,0,false
PmrGZOrGRN,2026,Port Adelaide,Federation Cup U18's; Under 18's; HPG Homes State League 2 North - Under 18's; HPG Homes State League 2 (18s) Final Series,13,9,840,0,0,0,0,0,false
PmrGZOrwAN,2026,Elizabeth Grove,Under 16 Trials; U16 Carl's Jr. Youth Premier Cup; Nova Under 16's YPL C North Mixed; HPG Homes State League 2 North - Under 18's; Nova Under 16's YPL C Mixed Finals Series,19,18,1670,0,1,0,0,0,false
PmrGZZLWVN,2026,Fulham United,HPG Homes State League 1 Under 18's,16,12,1440,4,1,0,0,0,false
PmrGZZxvXN,2023,Adelaide City,Under 15's JPL A; U15 Carl's Junior Boys Cup; Under 15's JSL B; Under 16's JSL A,29,29,2580,0,1,0,0,0,false
PmrGZZxvXN,2024,Adelaide Hills Hawks,Under 16 JPL B,21,17,1530,0,1,0,0,0,false
PmrGZZxvXN,2025,Adelaide Hills Hawks,Under 18's; HPG Homes State League 2 South - Under 18's; Federation Cup U18's; HPG Homes State League 2 South - Reserves; HPG Homes State League 2 (18s) Final Series,32,27,2928,0,5,0,0,0,false
PmrGZZxvXN,2026,Adelaide Hills Hawks,Federation Cup Reserves; HPG Homes State League 2 South - Reserves,19,16,1866,1,1,1,0,0,false
PmrGZgE9AN,2023,Salisbury Inter,Under 16's JSL A; Under 16's JSL B; U16 Carl's Junior Boys Cup,25,20,1790,24,2,0,0,0,false
PmrGZgE9AN,2024,Para Hills Knights; Adelaide Croatia Raiders,Under 17 Trials; Under 17 JPL B; Under 17 JPL A; U17 Carl's Junior Boys Cup,11,4,360,1,0,0,0,0,false
PmrGZgE9AN,2025,Salisbury United,HPG Homes State League 1 Under 18's; Federation Cup U18's,21,18,1680,0,2,0,0,0,false
PmrGZgE9AN,2026,Adelaide Cobras,HPG Homes State League 1 Reserves; Federation Cup Reserves,10,3,521,0,3,1,0,0,false
PmrGZgp1jN,2026,Western Strikers,Federation Cup Reserves; HPG Homes State League 2 South - Reserves; HPG Homes State League 2 (Reserves) Final Series,15,14,1399,0,1,0,0,0,false
PmrGZgwLRN,2026,Eastern United,Federation Cup Reserves; HPG Homes State League 1 Reserves,19,15,1792,5,4,1,0,0,false
PmrGZlQyEN,2026,Cove FC,Federation Cup U18's; HPG Homes State League 1 Under 18's; HPG Homes State League 1 Reserves; Federation Cup Reserves,24,24,2880,0,1,0,0,0,true
PmrGZp0prN,2026,Barossa United,Federation Cup U18's; HPG Homes State League 2 North - Under 18's,11,6,570,4,0,0,0,0,false
PmrGr3Vp5N,2025,Modbury Vista,HPG Homes State League 2 North - Under 18's; Federation Cup U18's; HPG Homes State League 2 North - Reserves,23,19,1782,6,1,0,0,0,false
PmrGr3Vp5N,2026,Modbury Vista,Federation Cup U18's; Under 18's; Reserves; HPG Homes State League 2 North - Under 18's; HPG Homes State League 2 North - Reserves; HPG Homes State League 2 (Reserves) Final Series; HPG Homes State League 2 (18s) Final Series,30,23,2262,7,3,0,0,0,false
PmrGr3VrRN,2025,Adelaide Cobras,Nova Under 15's YPL B Mixed; U15 Carl's Jr. Youth Premier Cup,22,19,1775,12,3,0,0,0,false
PmrGr3VrRN,2026,Fulham United,Nova Under 16's YPL B Mixed; U16 Carl's Jr. Youth Premier Cup; HPG Homes State League 1 Under 18's; HPG Homes State League 1 Reserves,30,19,1949,13,6,1,0,0,false
PmrGr5XDpN,2025,Gawler Eagles,Reserves; HPG Homes State League 2 North - Reserves; Federation Cup Reserves,8,4,314,0,1,0,0,0,false
PmrGr5XDpN,2026,Elizabeth Grove,Federation Cup Reserves; HPG Homes State League 2 North - Reserves; HPG Homes State League 2 North,24,19,1711,5,5,0,0,0,false
PmrGrA5BVN,2025,Eastern United,HPG Homes State League 2 South - Reserves; Federation Cup U18's; Federation Cup Reserves; HPG Homes State League 2 South - Under 18's,27,23,2067,12,4,0,0,0,false
PmrGrA5BVN,2026,Eastern United,Federation Cup U18's; HPG Homes State League 1 Under 18's; HPG Homes State League 1 Reserves; Federation Cup Reserves,24,15,2237,2,3,0,0,0,false
PmrGrEX3LN,2025,Adelaide Croatia Raiders,RAA NPL; Australia Cup SA Preliminary Rounds,18,17,1417,6,2,1,0,0,false
PmrGrEX3LN,2026,Adelaide Croatia Raiders,Hahn Australia Cup SA Preliminary Rounds; HPG Homes State League 1,21,20,2021,12,3,0,0,0,false
PmrGrEXoXN,2023,Modbury Vista,State League 2; Australia Cup SA Preliminary Rounds; State League 2 Reserves,15,11,376,1,1,0,0,0,false
PmrGrEXoXN,2024,Pontian Eagles,Senior Men's Trial Matches; Australia Cup SA Preliminary Rounds; State League 2,26,25,2220,1,5,1,0,0,false
PmrGrEXoXN,2025,Pontian Eagles,HPG Homes State League 1; Australia Cup SA Preliminary Rounds,23,15,1499,0,2,0,0,0,false
PmrGrEXoXN,2026,Cove FC,Hahn Australia Cup SA Preliminary Rounds; HPG Homes State League 1; Senior Men's Trials,6,2,300,0,0,0,0,0,false
PmrGrEeORN,2025,South Adelaide,HPG Homes State League 1,18,17,1524,2,5,1,0,0,false
PmrGrEeORN,2026,South Adelaide,HPG Homes State League 1; HPG Homes State League 1 Reserves,10,8,748,0,3,0,0,0,false
PmrGrGkXLN,2025,Gawler Eagles,Under 18's; Reserves; HPG Homes State League 2 North - Under 18's; Federation Cup U18's; HPG Homes State League 2 North - Reserves; HPG Homes State League 2 (18s) Final Series,34,29,2855,12,4,0,0,0,false
PmrGrGkXLN,2026,Gawler Eagles,Federation Cup Reserves; Reserves; HPG Homes State League 2 North - Reserves,17,8,952,1,0,1,0,0,false
PmrGrGwYPN,2025,WT Birkalla,Under 16 Trials; Nova Under 16's YSL A Mixed; U16 Carl's Jr. Youth Premier Cup; Under 16 YSL Top Half,21,21,1965,1,0,0,0,0,false
PmrGrGwYPN,2026,Plympton FC,Federation Cup U18's; Reserves; HPG Homes State League 2 South - Under 18's; HPG Homes State League 2 South - Reserves; Under 17's A Mixed,19,13,1560,3,0,0,0,0,false
PmrGrJG5LN,2023,Para Hills Knights,Under 15's JSL B; U15 Carl's Junior Boys Cup; Under 15's JSL A,25,24,2150,2,2,0,0,0,false
PmrGrJG5LN,2024,Salisbury United,Under 17 Trials; Under 17 JPL B; Under 17 JPL C,22,9,810,3,2,1,0,0,false
PmrGrJG5LN,2025,Salisbury Inter,Under 18's; HPG Homes State League 2 North - Under 18's; HPG Homes State League 2 North - Reserves; Federation Cup U18's; Federation Cup Reserves; Nova Under 17's YPL B Mixed,26,21,1989,4,6,0,0,0,false
PmrGrJG5LN,2026,Salisbury Inter,Federation Cup U18's; HPG Homes State League 2 North - Under 18's; HPG Homes State League 2 (18s) Final Series,23,10,990,8,4,0,0,0,false
PmrGrZP1jN,2025,Port Adelaide,HPG Homes State League 2 North - Under 18's; Federation Cup U18's; HPG Homes State League 2 North - Reserves; HPG Homes State League 2 (18s) Final Series,25,18,1789,5,0,0,0,0,false
PmrGrZP1jN,2026,Port Adelaide,HPG Homes State League 2 North - Under 18's; Federation Cup U18's; HPG Homes State League 2 North - Reserves; HPG Homes State League 2 (18s) Final Series,20,11,1165,4,1,0,0,0,false
PmrGrgxAEN,2025,Fulham United,HPG Homes State League 1; Australia Cup SA Preliminary Rounds,28,28,2700,0,1,0,0,6,true
PmrGrgxAEN,2026,Fulham United,Hahn Australia Cup SA Preliminary Rounds; HPG Homes State League 1,27,27,3240,0,0,0,0,4,true
PmrGrgxzVN,2025,Fulham United,HPG Homes State League 1 Reserves; HPG Homes State League 1; Australia Cup SA Preliminary Rounds,27,7,1190,7,0,0,0,0,false
PmrGrgxzVN,2026,Fulham United,Hahn Australia Cup SA Preliminary Rounds; HPG Homes State League 1; HPG Homes State League 1 Reserves; Senior Men's Trials,26,8,1600,2,1,1,0,0,false
PmrGrpQejN,2023,Croydon FC,RAA NPL Reserves; Federation Cup Reserves; RAA NPL Under 18's; 23 Reserves Trial Matches,27,17,1906,3,0,0,0,0,false
PmrGrpQejN,2024,Croydon FC,Reserves Trial Matches; RAA NPL Reserves; Federation Cup Reserves,33,31,2450,11,6,0,0,0,false
PmrGrpQejN,2025,Croydon FC,Reserves; RAA NPL Reserves; Federation Cup Reserves; RAA NPL,21,18,1301,3,0,0,0,0,false
PmrGrpQejN,2026,Adelaide Croatia Raiders,Hahn Australia Cup SA Preliminary Rounds; HPG Homes State League 1 Reserves; HPG Homes State League 1,11,6,782,0,0,0,0,0,false
PmrGyXJ7AN,2026,Plympton FC,Hahn Australia Cup SA Preliminary Rounds; Senior Men's Trials; HPG Homes State League 2 South,18,18,2031,0,8,0,0,0,false
PmrGyZbjrN,2025,Elizabeth Grove,HPG Homes State League 2 North - Under 18's,6,3,270,0,0,0,0,0,false
PmrGyZbjrN,2026,Elizabeth Downs Soccer Club,Federation Cup U18's; Federation Cup Reserves; HPG Homes State League 2 North - Under 18's,8,0,0,1,1,0,0,0,false
PmrqD1ZRdo,2023,Vipers FC,Under 14's JSL B; Under 12's JPL Yellow; Under 13's JSL A; U12 Carl's Junior Boys Cup; U13 Carl's Junior Boys Cup; Under 12 JPL A; Under 12 JSL C; Under 13's JPL A,33,29,2170,2,0,0,0,6,true
PmrqD1ZRdo,2024,Vipers FC,Under 13 JPL A; Under 14 JSL A; U13 Carl's Junior Boys Cup; Under 13 JSL B; Under 13 JSL A; Under 14 JSL C; U14 Carl's Junior Boys Cup,33,29,2265,0,0,0,0,5,true
PmrqD1ZRdo,2025,Vipers FC,Under 14 Trials; Under 15 Trials; U14 Carl's Jr. Youth Premier Cup; Nova Under 14's YPL A Mixed; Nova Under 15's YPL A Mixed,35,31,2510,0,0,0,0,6,true
PmrqD1ZRdo,2026,Vipers FC,Under 15 Trials - No Match Officials; Under 15 Trials; Under 17 Trials; Under 18's; Nova Under 15's YPL A Mixed; Nova Under 16's YPL A Mixed; U15 Carl's Jr. Youth Premier Cup; HPG Homes State League 2 South - Under 18's,32,29,2745,0,0,0,0,2,true
PmrqRAbpdo,2023,,,0,0,0,0,0,0,0,0,false
PmrqRAbpdo,2025,Pitbulls Football Club,Australia Cup SA Preliminary Rounds,1,1,120,0,0,0,0,0,false
PmrqRAbpdo,2026,Elizabeth Downs Soccer Club,Reserves; Senior Men's Trials; HPG Homes State League 2 North - Reserves,14,13,1191,1,1,0,0,0,false
PmrqRwrLdo,2023,Sturt Lions; Mount Barker United,Federation Cup Reserves; RAA NPL Reserves; State League 2 Reserves; State League 2; Senior Men's Trials; 23 Senior Men's Trial Matches,23,11,455,1,0,0,0,0,false
PmrqRwrLdo,2024,Mount Barker United,Senior Men's Trial Matches; Australia Cup SA Preliminary Rounds; State League 2; State League 2 Reserves,26,13,1248,1,2,0,0,0,false
PmrqRwrLdo,2025,Mount Barker United,Senior Men's Trials; Reserves; HPG Homes State League 2 South - Reserves; Australia Cup SA Preliminary Rounds; Federation Cup Reserves; HPG Homes State League 2 (Reserves) Final Series,23,18,1849,6,1,1,0,0,false
PmrqRwrLdo,2026,Mount Barker United,Federation Cup Reserves; HPG Homes State League 2 South - Reserves; HPG Homes State League 2 South,26,19,2037,7,1,0,0,0,false
PmrqY4vpdo,2023,MetroStars,Under 15's JSL A; U15 Carl's Junior Boys Cup,17,15,1340,2,1,0,0,0,false
PmrqY4vpdo,2024,Adelaide City,Under 16 Trials; Under 17 Trials; Under 16 JPL B; Under 17 JPL A; U16 Carl's Junior Boys Cup; U17 Carl's Junior Boys Cup; Under 16 JSL A,33,32,2860,3,1,0,0,0,false
PmrqY4vpdo,2025,Adelaide City,Under 17 Trials - No Match Officials; Under 17 Trials; Nova Under 17's YPL A Mixed; U17 Carl's Jr. Youth Premier Cup,24,24,2200,1,2,0,0,0,false
PmrqY4vpdo,2026,Fulham United,HPG Homes State League 1 Under 18's; HPG Homes State League 1 Reserves; Federation Cup U18's,28,28,3360,0,1,0,0,0,false
Pmrqg8ZEdo,2023,Football SA State Squads,Under 15's JPL A; Under 16's JPL A,6,4,360,0,1,0,0,0,false
Pmrqg8ZEdo,2024,Adelaide Croatia Raiders,Under 16 Trials; Under 16 JPL A,13,12,980,0,0,0,0,0,false
Pmrqg8ZEdo,2025,Adelaide Croatia Raiders,Under 16 Trials - No Match Officials; Under 16 Trials; Nova Under 16's YPL A Mixed,3,3,275,0,1,0,0,0,false
Pmrqg8ZEdo,2026,Adelaide Croatia Raiders,HPG Homes State League 1 Under 18's; Federation Cup U18's; HPG Homes State League 1 Reserves,19,14,1867,0,1,0,0,0,false
PmrqlVeEdo,2023,Northern Demons,Under 15's JPL B; U15 Carl's Junior Boys Cup; Under 14's JPL C; U15 JPL B - Bottom Half,17,16,1430,1,0,0,0,0,false
PmrqlVeEdo,2024,Northern Demons,State League 2 Under 18's; Under 15 JPL C; U15 Carl's Junior Boys Cup,31,20,1780,4,0,0,0,0,false
PmrqlVeEdo,2025,Northern Demons,HPG Homes State League 2 North - Under 18's; HPG Homes State League 2 North - Reserves,18,16,1440,1,0,0,0,0,false
PmrqlVeEdo,2026,Northern Demons,Federation Cup U18's; Federation Cup Reserves; HPG Homes State League 2 North - Under 18's; HPG Homes State League 2 North - Reserves; HPG Homes State League 2 North,23,19,1738,0,2,0,0,0,true
PmrqlbrPdo,2023,Adelaide Croatia Raiders,State League 1 Under 18's; Under 16 Trials; Under 16's JPL A; Under 15's JSL A; U16 Carl's Junior Boys Cup; State League 1 Reserves; U16 JPL A - Bottom Half; State League 1; Under 17's JPL A,38,38,3700,0,2,0,0,5,true
PmrqlbrPdo,2024,Adelaide Croatia Raiders; Adelaide Olympic,U18 Trial Matches; RAA NPL Under 18's; RAA NPL Reserves; Under 16 Trials,23,23,2090,0,0,1,0,5,true
PmrqlbrPdo,2025,Playford City,Under 18's; Reserves; RAA NPL Under 18's; RAA NPL Reserves; Federation Cup U18's; Federation Cup Reserves,21,20,1830,0,3,0,0,3,true
PmrqlbrPdo,2026,Angle Vale,Federation Cup Reserves; Senior Men's Trials; Reserves; HPG Homes State League 2 North - Reserves; HPG Homes State League 2 North,21,18,1680,0,1,0,0,2,true
PmrqlkwPdo,2023,Adelaide Comets,Under 13 Trials; Under 13's JPL A; U13 Carl's Junior Boys Cup,23,19,1390,1,1,0,0,0,false
PmrqlkwPdo,2024,Adelaide City,Under 14 Trials; Under 14 Trials - No Match Officials; Under 14 JPL A; U14 Carl's Junior Boys Cup; Under 14 JSL A,29,25,1955,3,3,0,0,0,false
PmrqlkwPdo,2025,Adelaide Olympic,Under 15 Trials; Nova Under 15's YPL A Mixed; U15 Carl's Jr. Youth Premier Cup; HPG Homes State League 1 Under 18's; Nova Under 16's YPL A Mixed,28,22,2045,6,2,0,0,0,false
PmrqlkwPdo,2026,Fulham United,HPG Homes State League 1 Under 18's; Federation Cup U18's; Nova Under 16's YPL B Mixed,33,17,1815,11,2,0,0,0,false
PmrqlqLPdo,2023,Adelaide Cobras,Under 15's JPL A; U15 Carl's Junior Boys Cup,18,18,1600,4,0,0,0,0,false
PmrqlqLPdo,2024,Adelaide Cobras,Under 17 Trials; Under 16 Trials - No Match Officials; Under 16 JPL A; State League 1 Under 18's; U16 Carl's Junior Boys Cup,27,25,2140,5,2,0,0,0,false
PmrqlqLPdo,2025,Adelaide Olympic,Under 18's; HPG Homes State League 1 Under 18's; Federation Cup U18's,27,24,2355,11,1,0,0,0,false
PmrqlqLPdo,2026,Adelaide Olympic,HPG Homes State League 1 Under 18's; HPG Homes State League 1 Reserves; Federation Cup Reserves,27,22,2711,4,4,0,0,0,false
PmrqvGzAdo,2023,Eastern United,State League 1 Reserves; Federation Cup Reserves,19,19,2099,2,9,1,0,0,false
PmrqvGzAdo,2024,Gawler Eagles,Senior Men's Trial Matches; Australia Cup SA Preliminary Rounds; State League 2; State League 2 Reserves,25,19,1485,3,6,0,0,0,false
PmrqvGzAdo,2025,Gawler Eagles,Senior Men's Trials; HPG Homes State League 2 North; Australia Cup SA Preliminary Rounds; HPG Homes State League 2 (Seniors) Final Series,25,20,1720,6,6,0,0,0,false
PmrqvGzAdo,2026,Gawler Eagles,Hahn Australia Cup SA Preliminary Rounds; Senior Men's Trials; HPG Homes State League 2 North,21,19,1625,1,3,0,0,0,false
Pmrqvg05do,2023,Campbelltown City; Adelaide Blue Eagles,Federation Cup Reserves; RAA NPL Reserves; State League 1 Reserves; 23 Senior Men's Trial Matches,17,9,1240,1,4,0,0,0,false
Pmrqvg05do,2024,Adelaide Blue Eagles,Reserves Trial Matches; Federation Cup Reserves; State League 1 Reserves; State League 1,21,21,1775,1,5,1,0,0,false
Pmrqvg05do,2025,Mount Barker United,Senior Men's Trials; HPG Homes State League 2 South; HPG Homes State League 2 South - Reserves,17,9,917,1,1,0,0,0,false
Pmrqvg05do,2026,Mount Barker United,Reserves; HPG Homes State League 2 South; HPG Homes State League 2 South - Reserves; Hahn Australia Cup SA Preliminary Rounds,8,5,617,0,0,0,0,0,false
PmrqvqYrdo,2023,Cove FC,State League 2; Senior Men's Trials; State League 2 Reserves; 23 Senior Men's Trial Matches,5,2,115,0,0,0,0,0,false
PmrqvqYrdo,2024,Cove FC,Australia Cup SA Preliminary Rounds; State League 2,4,4,390,0,2,0,0,0,false
PmrqvqYrdo,2025,Cove FC,Senior Men's Trials; HPG Homes State League 1; Australia Cup SA Preliminary Rounds; HPG Homes State League 1 Reserves,13,8,723,1,2,0,0,0,false
PmrqvqYrdo,2026,Noarlunga United,Hahn Australia Cup SA Preliminary Rounds; HPG Homes State League 2 South,11,9,881,4,2,0,0,0,false
PmrqxRkXdo,2023,MetroStars,Under 15's JPL A; U15 Carl's Junior Boys Cup,27,12,1070,4,1,0,0,0,false
PmrqxRkXdo,2024,MetroStars,Under 16 JPL A; Under 17 JPL A; U17 Carl's Junior Boys Cup,24,17,1530,2,1,0,0,0,false
PmrqxRkXdo,2025,Fulham United,Under 18's; HPG Homes State League 1 Under 18's; Federation Cup U18's; Federation Cup Reserves,27,23,2219,0,1,0,0,0,false
PmrqxRkXdo,2026,Fulham United,HPG Homes State League 1 Under 18's; Federation Cup U18's; HPG Homes State League 1 Reserves,29,22,2679,0,2,0,0,0,false
Pmrqxj1pdo,2023,Para Hills Knights,State League 1 Under 18's; Federation Cup U18's; State League 1 Reserves; Under 15's JPL A,32,25,3211,0,0,0,0,0,false
Pmrqxj1pdo,2024,Para Hills Knights,U18 Trial Matches; Reserves Trial Matches; RAA NPL Under 18's; Federation Cup U18's; RAA NPL Reserves,29,26,2160,0,2,0,0,0,false
Pmrqxj1pdo,2025,Para Hills Knights,Reserves; RAA NPL Reserves; RAA NPL Under 18's; Federation Cup Reserves,26,19,1936,0,3,0,0,0,false
Pmrqxj1pdo,2026,Cumberland United,Federation Cup U18's; HPG Homes State League 1 Under 18's; HPG Homes State League 1 Reserves,29,26,3073,3,3,0,0,0,false
PmrqxjJXdo,2023,Adelaide Comets,RAA NPL Under 18's; Federation Cup U18's; Under 17's JPL A; Under 17's JPL B,25,14,1560,1,1,0,0,0,false
PmrqxjJXdo,2024,Adelaide Comets; Adelaide Olympic,U18 Trial Matches; RAA NPL Reserves; RAA NPL Under 18's; Federation Cup Reserves,25,16,1739,1,2,0,0,0,false
PmrqxjJXdo,2025,Adelaide Comets,Reserves; RAA NPL Reserves; Federation Cup Reserves,18,5,766,0,0,0,0,0,false
PmrqxjJXdo,2026,Adelaide Olympic,HPG Homes State League 1 Reserves; Federation Cup Reserves,27,12,1835,0,0,0,0,0,false
RNE6105gKv,2023,South Adelaide,RAA NPL; Australia Cup SA Preliminary Rounds; 23 Senior Men's Trial Matches,24,21,617,3,6,0,0,0,false
RNE6105gKv,2024,South Adelaide; Cove FC,RAA NPL; Australia Cup SA Preliminary Rounds; State League 2 Reserves,10,3,347,0,1,0,0,0,false
RNE6105gKv,2025,Cove FC,Senior Men's Trials; HPG Homes State League 1; Australia Cup SA Preliminary Rounds,22,22,1842,4,4,0,0,0,false
RNE6105gKv,2026,Cove FC,Hahn Australia Cup SA Preliminary Rounds; HPG Homes State League 1; Senior Men's Trials,22,21,2193,2,6,2,0,0,false
RNE62ykLKv,2023,Sturt Lions,RAA NPL Reserves; RAA NPL; Australia Cup SA Preliminary Rounds,13,5,298,2,3,0,0,0,false
RNE62ykLKv,2024,Sturt Lions; Mount Barker United,Senior Men's Trial Matches; Reserves Trial Matches; Australia Cup SA Preliminary Rounds; State League 2,21,19,1409,3,5,1,0,0,false
RNE62ykLKv,2025,Mount Barker United; Adelaide Hills Hawks,Senior Men's Trials; Australia Cup SA Preliminary Rounds; HPG Homes State League 2 South,13,10,801,0,0,0,0,0,false
RNE62ykLKv,2026,Plympton FC,Hahn Australia Cup SA Preliminary Rounds; Senior Men's Trials; HPG Homes State League 2 South,16,15,1407,2,6,2,0,0,false
RNE6kJr4Kv,2023,Adelaide Hills Hawks,Under 14 Trials; Under 14's JPL B; U14 Carl's Junior Boys Cup,23,21,1830,0,0,0,0,0,false
RNE6kJr4Kv,2024,Adelaide Hills Hawks,Under 15 Trials; Under 15 JPL B; U15 Carl's Junior Boys Cup,19,18,1595,0,0,0,0,0,false
RNE6kJr4Kv,2025,Adelaide Hills Hawks,Nova Under 16's YPL C Mixed; HPG Homes State League 2 South - Under 18's; U16 Carl's Jr. Youth Premier Cup; HPG Homes State League 2 (18s) Final Series,29,19,1770,1,0,0,0,0,false
RNE6kJr4Kv,2026,Adelaide Hills Hawks,Federation Cup U18's; HPG Homes State League 2 South - Under 18's; HPG Homes State League 2 South - Reserves; HPG Homes State League 2 (18s) Final Series,19,14,1764,0,1,0,0,0,false
RNE6kJvXKv,2023,South Adelaide; WT Birkalla,RAA NPL Under 18's; RAA NPL Reserves; Federation Cup U18's; Federation Cup Reserves; Under 17's JPL B; RAA NPL; State League 1 Under 18's; State League 1 Reserves; Under 17's JPL A,29,18,2130,0,0,0,0,1,true
RNE6kJvXKv,2024,WT Birkalla,U18 Trial Matches; Reserves Trial Matches; State League 1 Under 18's; State League 1 Reserves; Federation Cup U18's; Federation Cup Reserves; State League 1,38,28,2228,0,3,0,0,3,true
RNE6kJvXKv,2025,Adelaide Cobras,HPG Homes State League 1 Reserves; HPG Homes State League 1; Australia Cup SA Preliminary Rounds; Federation Cup Reserves,13,12,1133,0,0,0,0,2,true
RNE6kJvXKv,2026,South Adelaide,Hahn Australia Cup SA Preliminary Rounds; HPG Homes State League 1; HPG Homes State League 1 Reserves; Federation Cup Reserves,21,19,2058,0,1,0,0,2,true
RNE6kkqXKv,2023,Adelaide Victory,State League 1 Reserves; State League 1; Federation Cup Reserves; 23 Senior Men's Trial Matches; 23 Reserves Trial Matches,34,27,1640,9,5,1,0,0,false
RNE6kkqXKv,2024,Adelaide Victory,Senior Men's Trial Matches; Reserves Trial Matches; Australia Cup SA Preliminary Rounds; State League 1 Reserves; State League 1,32,22,1671,0,3,0,0,0,false
RNE6kkqXKv,2025,Adelaide Olympic,HPG Homes State League 1; Australia Cup SA Preliminary Rounds; HPG Homes State League 1 Reserves,21,15,1457,0,4,0,0,0,false
RNE6kkqXKv,2026,Adelaide Olympic; Adelaide City,Hahn Australia Cup SA Preliminary Rounds; HPG Homes State League 1 Reserves; RAA NPL Reserves; Senior Men's Trials,16,15,1519,11,0,0,0,0,false
RNE6qEVAKv,2023,Adelaide Blue Eagles,State League 1 Under 18's; Federation Cup U18's; State League 1 Reserves; 23 Reserves Trial Matches,30,25,3066,8,3,0,0,0,false
RNE6qEVAKv,2024,Adelaide Blue Eagles,U18 Trial Matches; Reserves Trial Matches; State League 1 Under 18's; Federation Cup U18's; State League 1 Reserves,27,20,1777,7,4,1,0,0,false
RNE6qEVAKv,2025,Adelaide University,Reserves; Senior Men's Trials; HPG Homes State League 2 South; Federation Cup Reserves; HPG Homes State League 2 South - Reserves; HPG Homes State League 2 (Seniors) Final Series; HPG Homes State League 2 (Reserves) Final Series,36,25,2242,15,2,0,0,0,false
RNE6qEVAKv,2026,,,0,0,0,0,0,0,0,0,false
RNE6rRXMKv,2024,Salisbury United,Reserves Trial Matches; State League 1 Reserves; Federation Cup Reserves,27,18,1270,1,0,0,0,0,false
RNE6rRXMKv,2025,Salisbury United,Reserves; HPG Homes State League 1 Reserves,20,13,1263,1,0,0,0,0,false
RNE6rRXMKv,2026,,,0,0,0,0,0,0,0,0,false
RNEGXlO7gd,2024,Adelaide Blue Eagles,State League 1 Reserves,3,0,57,0,1,0,0,0,false
RNEGXlO7gd,2025,Adelaide Blue Eagles,HPG Homes State League 1 Reserves,7,2,276,0,1,0,0,0,false
RNEGXlO7gd,2026,Northern Demons; Croydon FC,HPG Homes State League 2 North - Reserves; HPG Homes State League 2 North; Federation Cup Reserves; RAA NPL Reserves,15,9,869,1,0,0,0,0,false
RNEGXqzeXd,2024,Ghan United,Australia Cup SA Preliminary Rounds,1,1,120,0,0,0,0,0,false
RNEGXqzeXd,2025,Ghan United,HPG Homes State League 2 North - Reserves; Federation Cup Reserves; HPG Homes State League 2 (Reserves) Final Series,19,12,957,4,1,0,0,0,false
RNEGXqzeXd,2026,Ghan United,Federation Cup Reserves; HPG Homes State League 2 South - Reserves,14,10,1337,3,3,1,0,0,false
RNEWGkzgdv,2023,Sturt Lions,Under 16 Trials; Under 16's JPL A; Under 16's JSL A; U16 Carl's Junior Boys Cup; Under 16's JSL B; U16 JPL A - Bottom Half,40,25,2210,16,2,0,0,0,false
RNEWGkzgdv,2024,Sturt Lions,Under 17 JPL B; State League 1 Under 18's; Federation Cup U18's; Under 17 JPL C,41,21,1920,17,2,0,0,0,false
RNEWGkzgdv,2025,Sturt Lions,Under 18's; HPG Homes State League 1 Under 18's; HPG Homes State League 1 Reserves; Federation Cup U18's; Federation Cup Reserves,29,26,2613,18,1,0,0,0,false
RNEWGkzgdv,2026,Sturt Lions; Plympton FC,RAA NPL Reserves; HPG Homes State League 2 South - Reserves; HPG Homes State League 2 South,19,16,1858,8,1,0,0,0,false
RNEWlG39dv,2023,Campbelltown City,Under 14 Trials; Under 14's JSL A; Under 14's JPL A; U14 Carl's Junior Boys Cup; Under 15's JSL B,23,21,1600,20,1,0,0,0,false
RNEWlG39dv,2024,Eastern United,State League 2 Under 18's; Under 15 JPL C; U15 Carl's Junior Boys Cup,20,19,1690,20,1,0,0,0,false
RNEWlG39dv,2025,Eastern United,Under 16 Trials - No Match Officials; Under 16 Trials; Nova Under 16's YPL C Mixed; HPG Homes State League 2 South - Under 18's; U16 Carl's Jr. Youth Premier Cup,22,17,1575,21,2,0,0,0,false
RNEWlG39dv,2026,Adelaide Blue Eagles,U17 Carl's Jr. Youth Premier Cup; Under 17's A Mixed; HPG Homes State League 1 Under 18's; HPG Homes State League 1 Reserves,26,24,2480,25,8,0,0,0,false
RNEg3O6x4d,2025,Cove FC,Nova Under 17's YPL B Mixed; U17 Carl's Jr. Youth Premier Cup,15,15,1410,0,0,0,0,0,false
RNEg3O6x4d,2026,Seaford Rangers,Federation Cup U18's; Under 18's; HPG Homes State League 2 South - Under 18's,19,16,1890,0,0,0,0,0,false
RNEg5bDx4d,2025,Adelaide Comets; South Adelaide,Nova Under 16's YSL A Mixed; U16 Carl's Jr. Youth Premier Cup; Nova Under 17's YPL A Mixed; U17 Carl's Jr. Youth Premier Cup; Nova Under 16's YPL A Mixed,22,9,855,0,1,0,0,0,false
RNEg5bDx4d,2026,Seaford Rangers,Federation Cup U18's; Under 18's; HPG Homes State League 2 South - Under 18's; HPG Homes State League 2 South - Reserves,21,10,1261,1,1,0,0,0,false
RNEg5brGLd,2024,Western Strikers,Senior Men's Trial Matches; State League 1 Reserves; State League 1; Australia Cup SA Preliminary Rounds; Federation Cup Reserves,17,14,1165,0,2,0,0,0,false
RNEg5brGLd,2026,Salisbury United,HPG Homes State League 1 Reserves,11,10,1183,0,1,0,0,0,false
RNEg7lGvgd,2026,Pontian Eagles,HPG Homes State League 2 North - Reserves; HPG Homes State League 2 (Reserves) Final Series,13,13,1236,3,3,0,0,0,false
RNEg89LoZd,2026,Eastern United,HPG Homes State League 1; Senior Men's Trials,16,16,1890,0,0,0,0,3,true
RNEgJ8Ae9d,2023,Adelaide City,Under 14's JPL A; U14 Carl's Junior Boys Cup; Under 15's JSL B; Under 14's JSL A,22,13,1140,2,1,0,0,0,false
RNEgJ8Ae9d,2024,Adelaide Blue Eagles,Under 15 Trials; Under 15 JPL C; Under 16 JPL B; U15 Carl's Junior Boys Cup; U16 Carl's Junior Boys Cup; State League 1 Under 18's; Under 15 JSL B,40,27,2410,9,0,0,0,0,false
RNEgJ8Ae9d,2025,Adelaide Blue Eagles,Nova Under 16's YPL C Mixed; Nova Under 17's YPL B Mixed; U16 Carl's Jr. Youth Premier Cup; HPG Homes State League 1 Under 18's,29,24,2245,8,0,0,0,0,false
RNEgJ8Ae9d,2026,Adelaide Blue Eagles,HPG Homes State League 1 Reserves; Federation Cup Reserves; HPG Homes State League 1,31,16,1914,1,4,0,0,0,false
RNEgOyaARd,2026,Adelaide Cobras,HPG Homes State League 1; Hahn Australia Cup SA Preliminary Rounds,25,24,2954,0,5,0,0,0,false
RNEgOyaZMd,2026,Adelaide Croatia Raiders,Hahn Australia Cup SA Preliminary Rounds; HPG Homes State League 1,26,26,3010,1,2,0,0,0,false
RNEgP0984d,2026,Adelaide Hills Hawks,Federation Cup Reserves; HPG Homes State League 2 South - Reserves,1,0,42,0,0,0,0,0,false
RNEgP1ZaLd,2026,Angle Vale,Federation Cup Reserves; Reserves; HPG Homes State League 2 North - Reserves,6,0,144,0,0,0,0,0,false
RNEgPB31Rd,2026,Vipers FC; Angle Vale,Federation Cup Reserves; HPG Homes State League 2 South - Reserves; HPG Homes State League 2 North - Reserves; HPG Homes State League 2 North,19,13,1327,0,1,0,0,0,false
RNEgPB3b4d,2026,Western Strikers,Hahn Australia Cup SA Preliminary Rounds; HPG Homes State League 2 South; HPG Homes State League 2 (Seniors) Finals Series,22,19,2153,3,2,0,0,0,false
RNEgPBZbAd,2023,Modbury Jets,RAA NPL Reserves; Federation Cup Reserves,28,23,2197,4,8,0,0,0,false
RNEgPBZbAd,2024,Eastern United,Senior Men's Trial Matches; Australia Cup SA Preliminary Rounds; State League 2; State League 2 Reserves,13,7,648,0,3,0,0,0,false
RNEgPBZbAd,2025,Ghan United,Senior Men's Trials; HPG Homes State League 2 North - Reserves; Federation Cup Reserves; Australia Cup SA Preliminary Rounds; HPG Homes State League 2 North; HPG Homes State League 2 (Reserves) Final Series,31,22,1784,4,7,0,0,0,false
RNEgPBZbAd,2026,,,0,0,0,0,0,0,0,0,false
RNEgPG4J6d,2026,Adelaide Cobras,Under 16 Trials - No Match Officials; Nova Under 16's YPL A Mixed; U16 Carl's Jr. Youth Premier Cup; HPG Homes State League 1 Under 18's; HPG Homes State League 1 Reserves,34,27,2620,0,1,0,0,1,true
RNEgPGjEAd,2023,Playford City,Under 14's JPL B; U14 Carl's Junior Boys Cup,21,11,950,2,0,0,0,0,false
RNEgPGjEAd,2024,Salisbury Inter,Under 16 JSL B; U16 Carl's Junior Boys Cup,18,16,1430,5,0,0,0,0,false
RNEgPGjEAd,2025,Salisbury Inter,Under 17 Trials; Nova Under 16's YSL A Mixed; Nova Under 17's YPL B Mixed; U17 Carl's Jr. Youth Premier Cup; Under 16 YSL Bottom Half,22,18,1680,7,3,0,0,0,false
RNEgPGjEAd,2026,Salisbury Inter,Federation Cup U18's; HPG Homes State League 2 North - Under 18's; HPG Homes State League 2 (18s) Final Series,21,14,1320,3,4,0,0,0,false
RNEgPbJgMd,2026,Gawler Eagles,Hahn Australia Cup SA Preliminary Rounds; Senior Men's Trials; HPG Homes State League 2 North; HPG Homes State League 2 North - Reserves,12,8,577,4,1,0,0,0,false
RNEgPg64Rd,2023,Noarlunga United,Under 14's JPL B; U14 Carl's Junior Boys Cup; Under 14's JSL C,19,13,1150,0,0,0,0,0,false
RNEgPg64Rd,2024,Noarlunga United,Under 15 Trials; Under 15 JPL B; U15 Carl's Junior Boys Cup,18,17,1515,1,0,0,0,0,false
RNEgPg64Rd,2025,Noarlunga United,Nova Under 16's YPL B Mixed; U16 Carl's Jr. Youth Premier Cup,19,19,1775,0,1,0,0,0,false
RNEgPg64Rd,2026,South Adelaide,HPG Homes State League 1 Under 18's; Federation Cup U18's,21,12,1440,1,1,0,0,0,false
RNEgPk4gRd,2026,Vipers FC,Federation Cup Reserves; HPG Homes State League 2 South - Reserves; HPG Homes State League 2 South; HPG Homes State League 2 (Seniors) Finals Series; HPG Homes State League 2 (Reserves) Final Series,28,20,2291,11,1,0,0,0,false
RNEgPkxRad,2023,Campbelltown City,Under 15 Trials; Under 15's JSL A; U15 Carl's Junior Boys Cup,22,17,1500,2,0,0,0,0,false
RNEgPkxRad,2024,Campbelltown City,Under 16 Trials; Under 16 JSL A; U16 Carl's Junior Boys Cup; Under 17 JPL A; U17 Carl's Junior Boys Cup,20,18,1600,4,0,0,0,0,false
RNEgPkxRad,2025,Adelaide Blue Eagles,HPG Homes State League 1 Under 18's; Federation Cup U18's,19,17,1590,3,0,0,0,0,false
RNEgPkxRad,2026,Adelaide Blue Eagles,HPG Homes State League 1 Reserves; HPG Homes State League 1 Under 18's; Federation Cup Reserves,18,10,1327,0,1,0,0,0,false
RNEgPlb4Zd,2026,Gawler Eagles,Federation Cup U18's; Under 18's; Reserves; HPG Homes State League 2 North - Under 18's; HPG Homes State League 2 North - Reserves; Federation Cup Reserves,30,16,1607,4,1,0,0,0,false
Rdk21r9nEK,2026,Port Adelaide,HPG Homes State League 2 North - Reserves; HPG Homes State League 2 North; Hahn Australia Cup SA Preliminary Rounds; Senior Men's Trials; HPG Homes State League 2 (Reserves) Final Series,25,16,1505,12,5,1,0,0,false
Rdk2LlgxaK,2026,Port Adelaide,HPG Homes State League 2 North - Reserves; Senior Men's Trials; HPG Homes State League 2 North; HPG Homes State League 2 (Reserves) Final Series,22,19,1579,18,4,1,0,0,false
Rdk2Z2JBWK,2025,Cumberland United,HPG Homes State League 1; Australia Cup SA Preliminary Rounds,25,19,1908,2,2,0,0,0,false
Rdk2Z2JBWK,2026,Cumberland United,Hahn Australia Cup SA Preliminary Rounds; HPG Homes State League 1,26,18,2347,2,4,0,0,0,false
Rdk2ZV9MWK,2025,Fulham United,HPG Homes State League 1; Australia Cup SA Preliminary Rounds,27,26,2423,0,6,0,0,0,false
Rdk2ZV9MWK,2026,Fulham United,Hahn Australia Cup SA Preliminary Rounds; HPG Homes State League 1; Senior Men's Trials,27,27,3007,2,2,1,0,0,false
Rdk2ZXgPAK,2025,Elizabeth Grove; Gawler Eagles,Under 18's; HPG Homes State League 2 North - Under 18's; Federation Cup U18's; HPG Homes State League 2 North - Reserves; HPG Homes State League 2 (18s) Final Series,26,18,1719,7,2,0,0,0,false
Rdk2ZXgPAK,2026,Barossa United,Federation Cup Reserves; HPG Homes State League 2 North - Reserves; HPG Homes State League 2 North; HPG Homes State League 2 North - Under 18's,21,18,1639,4,2,0,0,0,false
Rdk2Zb8qjK,2025,Northern Demons,Reserves; HPG Homes State League 2 North - Reserves; HPG Homes State League 2 (Reserves) Final Series,10,7,564,0,2,0,0,0,false
Rdk2Zb8qjK,2026,Northern Demons,Federation Cup Reserves; HPG Homes State League 2 North - Reserves,5,1,144,0,1,0,0,0,false
Rdk2ZnAoRK,2025,Northern Demons,HPG Homes State League 2 North - Reserves,1,1,90,0,1,0,0,0,false
Rdk2ZnAoRK,2026,Port Adelaide,Hahn Australia Cup SA Preliminary Rounds; Senior Men's Trials,1,0,50,1,0,0,0,0,false
Rdk2ZpqoEK,2025,Elizabeth Grove,Senior Men's Trials; HPG Homes State League 2 North; Australia Cup SA Preliminary Rounds,25,24,2218,4,1,0,0,0,false
Rdk2ZpqoEK,2026,Elizabeth Grove,HPG Homes State League 2 North - Reserves; Federation Cup Reserves; HPG Homes State League 2 North,10,8,715,1,1,0,0,0,false
Rdk2Zy14BK,2025,Salisbury Inter,Senior Men's Trials; HPG Homes State League 2 North; Australia Cup SA Preliminary Rounds; HPG Homes State League 2 (Seniors) Final Series,26,26,2128,13,2,0,0,0,false
Rdk2Zy14BK,2026,Salisbury Inter,Hahn Australia Cup SA Preliminary Rounds; Senior Men's Trials; HPG Homes State League 2 North; HPG Homes State League 2 (Seniors) Finals Series,18,11,1040,0,1,0,0,0,false
Rdk2bkkZRK,2026,Adelaide Atletico VSC,Hahn Australia Cup SA Preliminary Rounds; HPG Homes State League 1,26,25,2995,2,3,0,0,0,false
Rdk2kl9aVK,2023,FK Beograd,Under 14's JSL B; U14 Carl's Junior Boys Cup,21,16,1270,1,0,0,0,0,false
Rdk2kl9aVK,2024,FK Beograd,Under 15 JSL A; U15 Carl's Junior Boys Cup,22,22,1960,0,0,0,0,0,false
Rdk2kl9aVK,2025,Gawler Eagles,Under 18's; Under 16 Trials; HPG Homes State League 2 North - Under 18's; U16 Carl's Jr. Youth Premier Cup; Federation Cup U18's; Nova Under 16's YPL C Mixed; HPG Homes State League 2 (18s) Final Series,36,24,2235,0,4,0,0,0,false
Rdk2kl9aVK,2026,Gawler Eagles,Federation Cup U18's; Under 18's; HPG Homes State League 2 North - Under 18's; HPG Homes State League 2 North - Reserves,20,18,1654,1,0,0,0,0,false
Rdk2r0jxBK,2024,Northern Demons,State League 2 Under 18's,15,11,990,1,0,0,0,0,true
Rdk2r0jxBK,2025,Northern Demons,HPG Homes State League 2 North - Under 18's,12,12,1080,7,0,0,0,0,false
Rdk2r0jxBK,2026,Northern Demons,HPG Homes State League 2 North - Under 18's; HPG Homes State League 2 North - Reserves,8,7,645,4,0,0,0,0,false
Rdk2r4VwBK,2026,Cove FC,Federation Cup U18's; HPG Homes State League 1 Under 18's; HPG Homes State League 1 Reserves; Under 17's B Mixed,26,20,2408,2,2,1,0,0,false
Rdk2rDz0AK,2026,Angle Vale,Federation Cup Reserves; Reserves; HPG Homes State League 2 North - Reserves; HPG Homes State League 2 North,21,18,1698,0,2,1,0,0,false
Rdk2rM85jK,2026,Adelaide Olympic,HPG Homes State League 1 Under 18's; Federation Cup U18's; HPG Homes State League 1 Reserves,15,7,897,5,0,0,0,0,false
Rdk2rMAaVK,2026,Adelaide Hills Hawks,Hahn Australia Cup SA Preliminary Rounds; Senior Men's Trials; HPG Homes State League 2 South,14,14,1578,1,2,0,0,0,true
Rdk2rYlyAK,2026,Adelaide University,Federation Cup Reserves; Reserves; Senior Men's Trials; HPG Homes State League 2 South - Reserves; HPG Homes State League 2 South,20,19,2147,1,3,1,0,0,false
Rdk2raD2zK,2026,Eastern United; Adelaide Hills Hawks,Federation Cup Reserves; HPG Homes State League 1 Reserves; HPG Homes State League 2 South; HPG Homes State League 2 South - Reserves,11,8,1001,1,2,0,0,0,false
Rdk2rqQrWK,2026,Cumberland United,HPG Homes State League 1 Under 18's; Nova Under 16's YPL A Mixed; Under 18's; U16 Carl's Jr. Youth Premier Cup,31,22,2085,5,8,0,0,0,false
Rdk2rr3xEK,2026,Seaford Rangers,Hahn Australia Cup SA Preliminary Rounds; Senior Men's Trials; HPG Homes State League 2 South; HPG Homes State League 2 (Seniors) Finals Series,21,21,2416,0,0,1,0,2,true
Rdk2rr4kzK,2023,Adelaide Olympic,Under 14's JPL B; U14 Carl's Junior Boys Cup,14,11,970,0,0,0,0,0,false
Rdk2rr4kzK,2024,Adelaide Olympic,Under 15 JPL A; U15 Carl's Junior Boys Cup,17,10,890,0,2,0,0,0,false
Rdk2rr4kzK,2025,Cumberland United,Under 16 Trials; Nova Under 16's YPL A Mixed; U16 Carl's Jr. Youth Premier Cup,24,15,1380,2,4,0,0,0,true
Rdk2rr4kzK,2026,Adelaide Atletico VSC,HPG Homes State League 1 Under 18's; HPG Homes State League 1 Reserves,22,13,1763,11,5,0,0,0,false
Rdk2rx392K,2023,Campbelltown City,Under 16 Trials; Under 16's JPL A; Under 17's JPL A; U16 Carl's Junior Boys Cup; Under 16's JSL A; U16 JPL A - Bottom Half,27,20,1580,0,1,0,0,0,false
Rdk2rx392K,2024,Campbelltown City,Under 17 Trials; Under 17 Trials - No Match Officials; Under 17 JPL A; U17 Carl's Junior Boys Cup,24,22,1940,1,0,0,0,0,false
Rdk2rx392K,2025,Adelaide Blue Eagles,HPG Homes State League 1 Under 18's; Federation Cup Reserves; HPG Homes State League 1 Reserves,17,13,1242,0,1,0,0,0,false
Rdk2rx392K,2026,Adelaide Blue Eagles,HPG Homes State League 1 Reserves,10,8,885,0,0,0,0,0,false
Rdk2rxD0VK,2026,Salisbury Inter,Federation Cup U18's; HPG Homes State League 2 North - Under 18's; HPG Homes State League 2 (18s) Final Series,16,10,990,0,0,0,0,0,false
Rdk2rxRg4K,2026,Mount Barker United,Federation Cup Reserves; Reserves; HPG Homes State League 2 South - Reserves,17,12,1429,1,5,0,0,0,false
Rdk2xEnWVK,2026,Ghan United,HPG Homes State League 2 South; HPG Homes State League 2 (Seniors) Finals Series,6,3,421,4,1,0,0,0,false
Rdk2zQLzzK,2026,Adelaide University,Federation Cup Reserves; Reserves; Senior Men's Trials; Hahn Australia Cup SA Preliminary Rounds; HPG Homes State League 2 South; HPG Homes State League 2 South - Reserves,21,20,2340,0,1,0,0,2,true
Rdk2zavv4K,2024,,,0,0,0,0,0,0,0,0,false
Rdk2zavv4K,2025,Elizabeth Grove,HPG Homes State League 2 North - Under 18's; HPG Homes State League 2 North - Reserves,13,11,1003,0,5,2,0,0,false
Rdk2zavv4K,2026,Elizabeth Downs Soccer Club,Reserves; Federation Cup Reserves; HPG Homes State League 2 North - Reserves,16,16,1392,0,1,1,0,0,false
Rdk6XDx4KG,2023,Adelaide Atletico,Under 16's JSL B; Under 14's JSL C; U14 Carl's Junior Boys Cup,32,28,2330,25,1,0,0,0,true
Rdk6XDx4KG,2024,Adelaide Atletico,Under 15 JSL B; U15 Carl's Junior Boys Cup; Under 17 JPL C,25,22,1965,16,1,0,0,0,false
Rdk6XDx4KG,2025,Adelaide Atletico VSC,Nova Under 16's YPL C Mixed; U16 Carl's Jr. Youth Premier Cup; HPG Homes State League 2 North - Under 18's,29,19,1785,7,3,0,0,0,false
Rdk6XDx4KG,2026,Adelaide Atletico VSC,HPG Homes State League 1 Under 18's; Federation Cup U18's,18,14,1680,0,4,1,0,0,false
Rdk6vLGzKG,2023,Western Strikers,Under 13's JPL B; U13 Carl's Junior Boys Cup,25,24,1980,12,0,0,0,0,false
Rdk6vLGzKG,2024,Football SA State Squads,Under 15 Trials; Under 16 Trials; Under 15 JPL A; U15 Carl's Junior Boys Cup,12,10,890,3,0,0,0,0,false
Rdk6vLGzKG,2025,Adelaide Croatia Raiders,Nova Under 16's YPL A Mixed,11,10,950,2,0,0,0,0,false
Rdk6vLGzKG,2026,Vipers FC,Under 15 Trials; Under 16 Trials; Under 18's; Nova Under 16's YPL A Mixed; U16 Carl's Jr. Youth Premier Cup; HPG Homes State League 2 South - Under 18's,24,17,1605,4,2,0,0,0,false
Rdk6vLP2KG,2023,Adelaide Croatia Raiders,Under 16 Trials; Under 16's JPL A; State League 1 Under 18's; U16 Carl's Junior Boys Cup,18,15,1240,0,1,0,0,0,false
Rdk6vLP2KG,2024,Adelaide Croatia Raiders,U18 Trial Matches; RAA NPL Under 18's; Federation Cup U18's; Under 17 JPL A,24,14,1200,0,3,0,0,0,false
Rdk6vLP2KG,2025,Adelaide Croatia Raiders,Reserves; Under 18's; RAA NPL Under 18's; Federation Cup U18's; Federation Cup Reserves; RAA NPL Reserves,32,23,2307,3,7,0,0,0,false
Rdk6vLP2KG,2026,Adelaide Croatia Raiders,HPG Homes State League 1 Reserves; Federation Cup Reserves,21,21,2438,1,3,1,0,0,false
RdkE9RbANG,2026,Barossa United,Federation Cup Reserves; HPG Homes State League 2 North - Reserves,19,17,1557,0,2,0,0,0,false
RdkE9xLaNG,2023,Modbury Vista,Australia Cup SA Preliminary Rounds; Federation Cup Reserves; State League 2 Reserves; State League 2,25,24,2788,0,0,0,0,2,true
RdkE9xLaNG,2024,Gawler Eagles,Reserves Trial Matches; Senior Men's Trial Matches; Australia Cup SA Preliminary Rounds; State League 2 Reserves; State League 2; Federation Cup Reserves,28,23,1755,0,0,0,0,0,true
RdkE9xLaNG,2025,Ghan United,HPG Homes State League 2 North - Reserves; HPG Homes State League 2 North; Australia Cup SA Preliminary Rounds; HPG Homes State League 2 (Reserves) Final Series,27,26,2516,0,3,0,0,5,true
RdkE9xLaNG,2026,Ghan United,Hahn Australia Cup SA Preliminary Rounds; Federation Cup Reserves; Senior Men's Trials; HPG Homes State League 2 South; HPG Homes State League 2 (Seniors) Finals Series,16,15,1826,0,1,0,0,5,true
RdkEBEjBNG,2023,Cumberland United,Senior Men's Trials; State League 1 Under 18's; Federation Cup U18's; Reserves; State League 1 Reserves,24,15,1726,3,1,0,0,0,false
RdkEBEjBNG,2024,Cumberland United,Reserves Trial Matches; State League 1 Reserves; Federation Cup Reserves,25,18,1725,5,0,0,0,0,false
RdkEBEjBNG,2025,Cumberland United,HPG Homes State League 1 Reserves; Federation Cup Reserves,23,21,1993,3,3,0,0,0,false
RdkEBEjBNG,2026,Adelaide Hills Hawks,Federation Cup Reserves; HPG Homes State League 2 South; HPG Homes State League 2 South - Reserves,19,17,2041,5,1,0,0,0,false
RdkEBkEVNG,2023,Pontian Eagles,State League 2; Australia Cup SA Preliminary Rounds,23,23,120,0,0,0,0,1,true
RdkEBkEVNG,2024,Port Adelaide,Reserves Trial Matches; Senior Men's Trial Matches; Australia Cup SA Preliminary Rounds; Federation Cup Reserves; State League 2,24,23,1940,0,1,0,0,2,true
RdkEBkEVNG,2025,Port Adelaide; Pontian Eagles,Senior Men's Trials; HPG Homes State League 2 North; Australia Cup SA Preliminary Rounds; HPG Homes State League 1,22,22,1987,0,1,0,0,1,true
RdkEBkEVNG,2026,Para Hills Knights; Port Adelaide,RAA NPL Reserves; HPG Homes State League 2 North - Reserves; HPG Homes State League 2 North; Senior Men's Trials; HPG Homes State League 2 (Reserves) Final Series,22,22,2130,0,0,0,0,5,true
RdkEGEeaNG,2023,Adelaide Cobras,Under 15's JPL A; U15 Carl's Junior Boys Cup,25,25,2220,1,1,0,0,0,false
RdkEGEeaNG,2024,Adelaide Cobras; Adelaide Olympic,Under 17 Trials; Under 16 Trials - No Match Officials; Under 16 JPL A; State League 1 Under 18's; Federation Cup U18's,35,28,2460,0,1,0,0,0,false
RdkEGEeaNG,2025,WT Birkalla,Under 18's; RAA NPL Under 18's; Federation Cup U18's; RAA NPL Reserves,26,23,2142,0,1,0,0,0,false
RdkEGEeaNG,2026,WT Birkalla; Adelaide Croatia Raiders,Under 18's; HPG Homes State League 1 Reserves; Federation Cup Reserves; HPG Homes State League 1 Under 18's,24,17,2259,1,1,0,0,0,false
RdkEGYyWNG,2023,Adelaide Croatia Raiders,Under 14's JSL A; Under 13's JSL A; U13 Carl's Junior Boys Cup; U14 Carl's Junior Boys Cup; WNPL & WSL Trials,23,10,790,0,1,0,0,0,false
RdkEGYyWNG,2024,Adelaide Croatia Raiders,Under 14 JSL A; U14 Carl's Junior Boys Cup; Under 15 JSL A; Under 15 Trials,20,7,650,0,0,0,0,0,false
RdkEGYyWNG,2025,Adelaide Atletico VSC,Nova Under 16's YPL C Mixed; U16 Carl's Jr. Youth Premier Cup; HPG Homes State League 2 North - Under 18's,23,19,1775,0,1,0,0,0,false
RdkEGYyWNG,2026,Adelaide Atletico VSC,Under 16 Trials; Nova Under 16's YPL C North Mixed; U16 Carl's Jr. Youth Premier Cup,15,15,1415,1,7,1,0,0,false
RdkEJRQjNG,2023,Fulham United,Under 14's JPL B; U14 Carl's Junior Boys Cup; Under 15's JSL B,22,19,1670,4,0,0,0,0,false
RdkEJRQjNG,2024,Fulham United,Under 15 Trials; Under 16 Trials; Under 15 JPL A; U15 Carl's Junior Boys Cup,23,19,1710,1,3,0,0,0,true
RdkEJRQjNG,2025,Fulham United,Under 16 Trials; Nova Under 16's YPL B Mixed; U16 Carl's Jr. Youth Premier Cup; U17 Carl's Jr. Youth Premier Cup,23,20,1840,6,8,1,0,0,false
RdkEJRQjNG,2026,Fulham United,HPG Homes State League 1 Under 18's,16,11,1320,4,1,1,0,0,false
RdkEJeRBNG,2023,Modbury Vista,Under 14 Trials; Under 14's JPL A; U14 Carl's Junior Boys Cup,24,23,1940,3,4,0,0,0,false
RdkEJeRBNG,2024,Modbury Vista,Under 15 Trials; Under 15 JPL A; U15 Carl's Junior Boys Cup; State League 2 Under 18's,22,19,1690,9,5,0,0,0,true
RdkEJeRBNG,2025,Modbury Vista,Under 18's; HPG Homes State League 2 North - Under 18's; HPG Homes State League 2 North - Reserves; HPG Homes State League 2 (18s) Final Series,19,17,1605,1,5,0,0,0,false
RdkEJeRBNG,2026,Modbury Vista,Federation Cup U18's; Under 18's; HPG Homes State League 2 North - Under 18's; HPG Homes State League 2 North - Reserves; HPG Homes State League 2 (18s) Final Series,21,16,1614,7,3,0,0,0,false
RdkElBRzNG,2023,Northern Demons,Federation Cup Reserves; State League 2 Reserves,17,17,1954,0,0,0,0,0,false
RdkElBRzNG,2024,Northern Demons,Reserves Trial Matches; Senior Men's Trial Matches; State League 2 Reserves; Federation Cup Reserves,27,21,1857,1,6,0,0,0,false
RdkElBRzNG,2025,Northern Demons,Reserves; HPG Homes State League 2 North - Reserves; HPG Homes State League 2 (Reserves) Final Series,7,2,265,0,0,0,0,0,false
RdkElBRzNG,2026,Northern Demons,Federation Cup Reserves; HPG Homes State League 2 North - Reserves,12,11,912,0,1,0,0,0,false
RdkElwxENG,2023,WT Birkalla,Under 14 Trials; Under 14's JSL B; U14 Carl's Junior Boys Cup,20,17,1270,1,0,0,0,0,false
RdkElwxENG,2024,WT Birkalla,Under 15 JSL A; U15 Carl's Junior Boys Cup; Under 15 JPL B,26,22,1970,4,1,0,0,0,false
RdkElwxENG,2025,WT Birkalla,Under 16 Trials; Nova Under 16's YSL A Mixed; U16 Carl's Jr. Youth Premier Cup; Under 16 YSL Top Half,18,17,1585,5,2,0,0,0,false
RdkElwxENG,2026,Adelaide Titans Football Club,Federation Cup U18's; HPG Homes State League 2 South - Under 18's,18,14,1680,0,0,0,0,0,false
RdkExxkENG,2023,Adelaide Victory,State League 1 Reserves; State League 1; Federation Cup Reserves,22,18,1499,3,2,0,0,0,false
RdkExxkENG,2024,Gawler Eagles,Senior Men's Trial Matches; Australia Cup SA Preliminary Rounds; State League 2,22,22,1727,0,4,1,0,0,false
RdkExxkENG,2025,Gawler Eagles,Senior Men's Trials; HPG Homes State League 2 North; Australia Cup SA Preliminary Rounds; HPG Homes State League 2 (Seniors) Final Series,28,26,2479,1,4,0,0,0,false
RdkExxkENG,2026,Gawler Eagles,Hahn Australia Cup SA Preliminary Rounds; Senior Men's Trials; HPG Homes State League 2 North,19,19,1751,0,4,0,0,0,false
Rdkqelaw4N,2024,Mount Barker United,Under 16 JSL B; U16 Carl's Junior Boys Cup,13,11,980,0,0,0,0,0,false
Rdkqelaw4N,2026,Mount Barker United,Federation Cup U18's; Under 18's; HPG Homes State League 2 South - Under 18's,17,7,840,0,0,1,0,0,false
Rdkqljg1aN,2024,Elizabeth Grove,Australia Cup SA Preliminary Rounds,1,1,63,0,0,0,0,0,false
Rdkqljg1aN,2025,Elizabeth Grove,Senior Men's Trials; HPG Homes State League 2 North; Australia Cup SA Preliminary Rounds; HPG Homes State League 2 North - Reserves,12,6,827,0,4,0,0,0,false
Rdkqljg1aN,2026,Elizabeth Grove,Hahn Australia Cup SA Preliminary Rounds; Federation Cup Reserves; HPG Homes State League 2 North; HPG Homes State League 2 North - Reserves,4,2,223,2,1,0,0,0,false
RdkqlvDyRN,2023,Salisbury Inter,Under 15's JSL B; U15 Carl's Junior Boys Cup,21,15,1340,4,0,0,0,0,true
RdkqlvDyRN,2024,Salisbury Inter,Under 16 JSL B; U16 Carl's Junior Boys Cup,15,13,1160,0,0,0,0,0,false
RdkqlvDyRN,2025,Salisbury Inter,Under 18's; HPG Homes State League 2 North - Under 18's; Federation Cup U18's,22,14,1290,0,3,0,0,0,false
RdkqlvDyRN,2026,Salisbury Inter,Federation Cup U18's; HPG Homes State League 2 North - Under 18's; HPG Homes State League 2 North - Reserves; HPG Homes State League 2 (18s) Final Series,26,14,1489,1,4,0,0,0,false
Rmw74QX7mE,2023,Fulham United,Under 15's JPL B; U15 Carl's Junior Boys Cup; U15 JPL B - Top Half; U18 Trial Matches,22,21,1760,3,0,0,0,0,false
Rmw74QX7mE,2024,Fulham United,U18 Trial Matches; State League 1 Under 18's; Under 16 JPL B; U16 Carl's Junior Boys Cup,38,22,1970,5,0,0,0,0,false
Rmw74QX7mE,2025,Fulham United,HPG Homes State League 1 Under 18's; Federation Cup U18's; Federation Cup Reserves,20,8,854,0,0,0,0,0,true
Rmw74QX7mE,2026,Fulham United,HPG Homes State League 1 Under 18's; Federation Cup U18's; HPG Homes State League 1 Reserves,11,6,720,4,1,0,0,0,false
Rmw7W1R7mE,2023,Fulham United; Croydon FC,Under 16's JPL B; Under 15's JSL B; Under 15's JPL B; U15 Carl's Junior Boys Cup; U15 JPL B - Top Half,23,15,1340,3,0,0,0,0,false
Rmw7W1R7mE,2024,Croydon FC,Under 16 Trials - No Match Officials; Under 16 JSL A; U16 Carl's Junior Boys Cup; Under 16 JPL B,19,16,1430,4,2,0,0,0,false
Rmw7W1R7mE,2025,Western Strikers,Under 18's; Federation Cup U18's; HPG Homes State League 2 South - Under 18's; HPG Homes State League 2 South - Reserves,23,16,1484,1,0,2,0,0,false
Rmw7W1R7mE,2026,Western Strikers,Federation Cup Reserves; HPG Homes State League 2 South - Under 18's; HPG Homes State League 2 South - Reserves; HPG Homes State League 2 (Reserves) Final Series,14,6,770,0,0,0,0,0,false
Rmw7nEVJmE,2023,MetroStars,Under 15's JPL A; Under 16's JPL A; U15 Carl's Junior Boys Cup,27,19,1670,6,2,0,0,0,false
Rmw7nEVJmE,2024,MetroStars,Under 16 JPL A; Under 17 JPL A; U16 Carl's Junior Boys Cup; U17 Carl's Junior Boys Cup; RAA NPL Under 18's,26,24,2120,10,5,0,0,0,true
Rmw7nEVJmE,2025,MetroStars,Under 18's; RAA NPL Under 18's; Federation Cup U18's,24,15,1470,2,4,0,0,0,false
Rmw7nEVJmE,2026,Modbury Jets,HPG Homes State League 1 Reserves; HPG Homes State League 1; Senior Men's Trials,23,16,1696,10,1,0,0,0,false
Rmwn57jped,2026,Elizabeth Downs Soccer Club,Reserves; Federation Cup Reserves; HPG Homes State League 2 North - Reserves,17,10,1038,6,2,0,0,0,false
RmwnZ4v15d,2026,Northern Demons,HPG Homes State League 2 North - Reserves,0,0,0,0,0,0,0,0,false
RmwnZ4vr4d,2026,Adelaide Cobras,HPG Homes State League 1 Reserves; Federation Cup Reserves; HPG Homes State League 1,21,15,1686,3,0,0,0,0,false
RmwnZ5z04d,2023,Northern Demons,State League 2 Reserves,4,0,216,0,1,1,0,0,false
RmwnZ5z04d,2024,Vipers FC,State League 1 Reserves; Federation Cup Reserves,4,0,116,1,1,0,0,0,false
RmwnZ5z04d,2026,Adelaide Titans Football Club,Federation Cup Reserves; HPG Homes State League 2 South - Reserves,18,13,1548,2,7,1,0,0,false
RmwnZ5zW4d,2026,Adelaide Hills Hawks,HPG Homes State League 2 South - Reserves; Federation Cup Reserves; HPG Homes State League 2 South - Under 18's,14,12,1383,6,2,0,0,0,false
RmwnZJL7ed,2026,Elizabeth Grove,Federation Cup U18's; HPG Homes State League 2 North - Under 18's,6,0,0,0,0,0,0,0,false
RmwnZJlv5d,2026,Adelaide Olympic,HPG Homes State League 1 Under 18's; HPG Homes State League 1 Reserves; Federation Cup Reserves,25,24,2880,0,0,0,0,10,true
RmwnZZ3VJd,2025,Adelaide Atletico VSC,Nova Under 16's YPL C Mixed; U16 Carl's Jr. Youth Premier Cup; Nova Under 17's YPL B Mixed,15,13,1220,4,1,0,0,0,false
RmwnZZ3VJd,2026,Adelaide Atletico VSC,HPG Homes State League 1 Under 18's; Federation Cup U18's,15,3,360,0,0,0,0,0,false
RmwnZbGa5d,2026,Cove FC,Federation Cup U18's; HPG Homes State League 1 Under 18's; Under 17's B Mixed,29,17,1840,3,0,0,0,0,false
RmwnZebzjd,2026,Angle Vale,Under 15 Trials; Under 16 Trials; Nova Under 16's YPL C North Mixed; HPG Homes State League 2 North - Under 18's,19,10,910,1,0,0,0,0,false
RmwnZk6PJd,2026,Adelaide Blue Eagles,HPG Homes State League 1 Reserves; Federation Cup Reserves; HPG Homes State League 1,21,20,2398,17,7,2,0,0,false
RmwnZk6lZd,2025,MetroStars,Nova Under 17's YPL A Mixed; U17 Carl's Jr. Youth Premier Cup,23,22,2045,4,1,0,0,0,false
RmwnZk6lZd,2026,Adelaide Croatia Raiders,HPG Homes State League 1 Under 18's; HPG Homes State League 1 Reserves; Federation Cup U18's,11,5,712,0,0,0,0,0,false
RmwnZkLP4d,2026,Noarlunga United,Federation Cup Reserves; HPG Homes State League 2 South - Reserves; HPG Homes State League 2 (Reserves) Final Series,16,5,1124,3,0,0,0,0,false
RmwnZqlZld,2023,Noarlunga United,Under 13's JSL C; U13 Carl's Junior Boys Cup; Under 13's JSL B,17,15,1190,8,0,0,0,0,false
RmwnZqlZld,2024,Noarlunga United,Under 14 Trials - No Match Officials; Under 14 JSL C; U14 Carl's Junior Boys Cup,17,15,1190,10,0,0,0,0,false
RmwnZqlZld,2025,Noarlunga United,Nova Under 15's YPL B Mixed; U15 Carl's Jr. Youth Premier Cup; Nova Under 16's YPL B Mixed,19,17,1600,0,0,0,0,0,false
RmwnZqlZld,2026,Noarlunga United,U16 Carl's Jr. Youth Premier Cup; Nova Under 16's YPL C South Mixed; HPG Homes State League 2 South - Under 18's; Under 16 Trials,25,20,1895,1,1,0,0,0,false
Rmwnp7zZZd,2026,Port Adelaide,Federation Cup Reserves; HPG Homes State League 2 North - Reserves; HPG Homes State League 2 (Reserves) Final Series,18,6,723,3,0,0,0,0,false
Rmwnz0POBd,2025,Adelaide Cobras,Nova Under 16's YPL B Mixed; HPG Homes State League 1 Under 18's; U16 Carl's Jr. Youth Premier Cup,19,17,1560,3,1,0,0,0,false
Rmwnz0POBd,2026,Adelaide Cobras,Under 16's YSL Mixed,2,0,0,1,0,0,0,0,false
Rmwnz8Lled,2025,Western Strikers,Federation Cup U18's; HPG Homes State League 2 South - Under 18's; HPG Homes State League 2 South - Reserves,23,19,1773,3,1,0,0,0,false
Rmwnz8Lled,2026,Western Strikers,Federation Cup Reserves; HPG Homes State League 2 South - Reserves; HPG Homes State League 2 (Reserves) Final Series,17,4,874,2,0,0,0,0,false
RmwnzZr7Ld,2025,Eastern United,HPG Homes State League 2 South - Under 18's; Federation Cup U18's,19,16,1470,0,0,0,0,2,true
RmwnzZr7Ld,2026,,,0,0,0,0,0,0,0,0,false
Rmwnzbrwjd,2025,Gawler Eagles,Reserves; HPG Homes State League 2 North - Reserves; Federation Cup Reserves; HPG Homes State League 2 North,20,20,1830,3,6,0,0,0,false
Rmwnzbrwjd,2026,Gawler Eagles,Federation Cup Reserves; HPG Homes State League 2 North - Reserves,16,12,1138,2,2,1,0,0,false
RmwyLL35KE,2023,Para Hills Knights,State League 1 Under 18's; Federation Cup U18's; U16 JPL A - Bottom Half,16,14,1650,1,0,0,0,0,false
RmwyLL35KE,2024,Adelaide Olympic,U18 Trial Matches; RAA NPL Under 18's; Federation Cup U18's; RAA NPL Reserves,30,19,1569,11,2,0,0,0,false
RmwyLL35KE,2025,Adelaide Croatia Raiders,Under 18's; RAA NPL Under 18's; Federation Cup U18's; RAA NPL Reserves,22,14,1380,5,5,0,0,0,false
RmwyLL35KE,2026,Gawler Eagles,Federation Cup Reserves; Reserves; HPG Homes State League 2 North - Reserves,17,12,1055,3,2,0,0,0,false
Rmwyk1reKE,2023,Adelaide Cobras,Australia Cup SA Preliminary Rounds; State League 1; State League 1 Reserves,14,13,467,0,2,0,0,4,true
Rmwyk1reKE,2024,Adelaide Victory; Eastern United,Senior Men's Trial Matches; State League 1; State League 2,21,21,1740,0,1,0,0,1,true
Rmwyk1reKE,2025,Eastern United,HPG Homes State League 2 South; Australia Cup SA Preliminary Rounds; HPG Homes State League 2 (Seniors) Final Series,21,21,1713,0,2,0,0,8,true
Rmwyk1reKE,2026,Eastern United,Hahn Australia Cup SA Preliminary Rounds; HPG Homes State League 1,8,8,819,0,2,0,0,0,true
Rmwyk2M5KE,2023,Cumberland United,Under 14 Trials; Under 14's JSL A; Under 14's JPL A; U14 Carl's Junior Boys Cup; Under 15's JPL A,28,21,1680,2,0,0,0,0,false
Rmwyk2M5KE,2024,Cumberland United,Under 15 Trials; Under 15 JSL A; Under 15 JPL A; U15 Carl's Junior Boys Cup,29,25,2230,1,0,0,0,0,false
Rmwyk2M5KE,2025,Cumberland United,Under 16 Trials; Nova Under 16's YPL A Mixed; U16 Carl's Jr. Youth Premier Cup,26,26,2410,1,0,0,0,0,false
Rmwyk2M5KE,2026,South Adelaide,HPG Homes State League 1 Under 18's; Federation Cup U18's; HPG Homes State League 1 Reserves,28,23,2920,1,1,0,0,0,false
Vdz1D9nyBK,2025,Ghan United,HPG Homes State League 2 North - Under 18's; Federation Cup U18's; HPG Homes State League 2 North - Reserves,19,17,1560,3,7,0,0,0,false
Vdz1D9nyBK,2026,Ghan United,HPG Homes State League 2 South - Reserves,9,4,534,0,0,0,0,0,false
Vdz1DjeG6K,2025,Gawler Eagles,HPG Homes State League 2 North - Under 18's; HPG Homes State League 2 North - Reserves; HPG Homes State League 2 North; HPG Homes State League 2 (18s) Final Series,23,12,1316,7,2,1,0,0,false
Vdz1DjeG6K,2026,Gawler Eagles,Federation Cup Reserves; Reserves; HPG Homes State League 2 North - Reserves; HPG Homes State League 2 North,21,16,1434,4,3,0,0,0,false
Vdz1J1r8xK,2026,Vipers FC,Under 15 Trials; Under 17 Trials; Under 16 Trials; Nova Under 16's YPL A Mixed; U16 Carl's Jr. Youth Premier Cup; HPG Homes State League 2 South - Under 18's; HPG Homes State League 2 South - Reserves; Under 17's A Mixed,38,27,2666,0,0,0,0,0,false
Vdz1J1rrqK,2026,Adelaide Cobras,Nova Under 16's YPL A Mixed; U16 Carl's Jr. Youth Premier Cup; HPG Homes State League 1 Under 18's,21,21,2020,4,1,1,0,0,false
Vdz1J9G2BK,2023,Northern Demons,Under 15's JPL B; U15 Carl's Junior Boys Cup; State League 2 Under 18's; Under 14's JPL C; U15 JPL B - Bottom Half,27,18,1700,8,1,0,0,0,false
Vdz1J9G2BK,2024,Adelaide Victory; Northern Demons,U18 Trial Matches; State League 1 Under 18's; Under 17 JPL B; State League 2 Under 18's; U15 Carl's Junior Boys Cup; Under 15 JPL C; State League 2; State League 2 Reserves,35,28,2509,33,1,0,0,0,false
Vdz1J9G2BK,2025,Northern Demons,Reserves; HPG Homes State League 2 North - Under 18's; HPG Homes State League 2 North - Reserves; HPG Homes State League 2 North; HPG Homes State League 2 (Reserves) Final Series,28,18,1783,15,7,1,0,0,false
Vdz1J9G2BK,2026,Northern Demons,HPG Homes State League 2 North - Under 18's; HPG Homes State League 2 North - Reserves; HPG Homes State League 2 North,26,18,1829,17,0,0,0,0,false
Vdz1JLBQZK,2023,Barossa United,Under 15's JSL B; U15 Carl's Junior Boys Cup,21,21,1880,18,0,0,0,0,false
Vdz1JLBQZK,2024,Modbury Vista,Under 16 Trials - No Match Officials; Under 16 JPL B; U16 Carl's Junior Boys Cup,18,7,710,4,1,0,0,0,false
Vdz1JLBQZK,2025,Para Hills Knights,Under 17 Trials; RAA NPL Under 18's; U17 Carl's Jr. Youth Premier Cup; Nova Under 17's YPL B Mixed,19,7,570,3,0,0,0,0,false
Vdz1JLBQZK,2026,Barossa United,HPG Homes State League 2 North - Under 18's; HPG Homes State League 2 North - Reserves,21,16,1485,1,0,0,0,0,false
Vdz1JOZopK,2023,Eastern United,State League 1 Under 18's; Federation Cup U18's; 23 Reserves Trial Matches,16,1,120,0,1,0,0,0,false
Vdz1JOZopK,2024,Eastern United,State League 2 Under 18's; Federation Cup U18's,21,9,840,1,2,0,0,0,false
Vdz1JOZopK,2025,Eastern United,HPG Homes State League 2 South - Under 18's; Federation Cup U18's; Federation Cup Reserves; HPG Homes State League 2 South - Reserves,20,19,1778,1,7,0,0,0,false
Vdz1JOZopK,2026,Eastern United,Federation Cup U18's; HPG Homes State League 1 Under 18's; HPG Homes State League 1 Reserves,22,16,1920,2,7,0,0,0,false
Vdz1JOjyXK,2026,Adelaide University,Under 16 Trials; Under 18's; Nova Under 16's YPL C South Mixed; U16 Carl's Jr. Youth Premier Cup; HPG Homes State League 2 South - Under 18's,23,21,1955,1,0,0,0,0,false
Vdz1JYBBZK,2023,Sturt Lions,Under 14's JPL A; U14 Carl's Junior Boys Cup; Under 15's JPL A,25,23,2030,0,0,0,0,0,false
Vdz1JYBBZK,2024,Cumberland United,Under 15 Trials; Under 15 JPL A; U15 Carl's Junior Boys Cup,25,25,2220,2,1,0,0,0,false
Vdz1JYBBZK,2025,Cumberland United,Nova Under 16's YPL A Mixed; U16 Carl's Jr. Youth Premier Cup,26,24,2220,8,3,0,0,0,false
Vdz1JYBBZK,2026,Cumberland United,Federation Cup U18's; HPG Homes State League 1 Under 18's; HPG Homes State League 1 Reserves,27,23,2857,3,2,0,0,0,false
Vdz1JZD0nK,2023,Elizabeth Grove,Under 15's JSL A; U15 Carl's Junior Boys Cup,23,20,1760,5,2,0,0,0,false
Vdz1JZD0nK,2025,,,0,0,0,0,0,0,0,0,false
Vdz1JZD0nK,2026,Angle Vale; Elizabeth Downs Soccer Club,Federation Cup U18's; Hahn Australia Cup SA Preliminary Rounds; Reserves; HPG Homes State League 2 North - Reserves; HPG Homes State League 2 North - Under 18's,27,18,1718,7,6,0,0,0,true
Vdz1JZQ8pK,2026,,,0,0,0,0,0,0,0,0,false
Vdz1JZjxJK,2026,Modbury Jets,Federation Cup U18's; HPG Homes State League 1 Under 18's; HPG Homes State League 1 Reserves,20,11,1320,6,0,0,0,0,false
Vdz1JxlPJK,2023,Salisbury Inter,Under 15's JSL A; U15 Carl's Junior Boys Cup; Under 15's JSL B; Under 16's JSL A,25,22,1960,20,1,0,0,0,false
Vdz1JxlPJK,2024,Para Hills Knights,U18 Trial Matches; Reserves Trial Matches; Under 16 JPL A; U16 Carl's Junior Boys Cup,27,21,1790,5,4,0,0,0,false
Vdz1JxlPJK,2025,Salisbury Inter,Under 18's; HPG Homes State League 2 North - Under 18's; Federation Cup U18's; HPG Homes State League 2 North - Reserves,30,20,1882,0,3,0,0,0,false
Vdz1JxlPJK,2026,Salisbury Inter,Federation Cup U18's; Federation Cup Reserves; HPG Homes State League 2 North - Under 18's; HPG Homes State League 2 North - Reserves; HPG Homes State League 2 (18s) Final Series,25,17,1635,6,2,0,0,0,false
Vdz1LGaO6K,2026,Adelaide Atletico VSC,HPG Homes State League 1 Reserves; Federation Cup Reserves; HPG Homes State League 1,26,25,2893,2,5,0,0,0,false
Vdz1QAEBXK,2023,Port Adelaide,Under 16's JPL B; State League 1 Under 18's; U16 Carl's Junior Boys Cup,24,19,1680,3,1,0,0,0,true
Vdz1QAEBXK,2024,Adelaide University,U18 Trial Matches; Federation Cup U18's; State League 2 Under 18's; State League 2 Reserves,24,23,2040,3,3,0,0,2,true
Vdz1QAEBXK,2025,Port Adelaide,HPG Homes State League 2 North - Under 18's; Federation Cup U18's; HPG Homes State League 2 North - Reserves; HPG Homes State League 2 (18s) Final Series,31,26,2632,23,0,0,0,0,false
Vdz1QAEBXK,2026,Port Adelaide,Federation Cup Reserves; HPG Homes State League 2 North - Reserves; HPG Homes State League 2 (Reserves) Final Series,21,19,1785,8,0,0,0,0,false
Vdz1QYVJXK,2025,Elizabeth Grove,HPG Homes State League 2 North - Under 18's,20,3,270,1,1,0,0,0,false
Vdz1QYVJXK,2026,Elizabeth Grove,Federation Cup U18's; HPG Homes State League 2 North - Under 18's,20,15,1380,2,2,0,0,0,true
Vdz1QgA16K,2025,Adelaide Cobras,HPG Homes State League 1 Under 18's; Federation Cup U18's,20,12,1110,2,0,0,0,0,false
Vdz1QgA16K,2026,Adelaide Croatia Raiders,HPG Homes State League 1 Under 18's; HPG Homes State League 1 Reserves; Federation Cup U18's,17,12,1580,3,1,0,0,0,false
Vdz1Qn306K,2025,Adelaide Olympic,Nova Under 16's YPL A Mixed; U16 Carl's Jr. Youth Premier Cup,25,11,1030,6,0,0,0,0,false
Vdz1Qn306K,2026,Modbury Vista,Federation Cup U18's; Under 18's; HPG Homes State League 2 North - Under 18's; HPG Homes State League 2 North - Reserves; HPG Homes State League 2 (18s) Final Series,24,8,735,11,2,0,0,0,false
Vdz1gw5ZxK,2026,Elizabeth Grove,Federation Cup Reserves; HPG Homes State League 2 North - Reserves; HPG Homes State League 2 North,21,18,1693,2,2,0,0,0,false
VdzOW6AEZm,2024,Noarlunga United,Senior Men's Trial Matches; Australia Cup SA Preliminary Rounds; State League 2,15,14,1112,2,2,0,0,0,false
VdzOW6AEZm,2025,Noarlunga United,Australia Cup SA Preliminary Rounds; HPG Homes State League 2 South,18,18,1394,3,4,0,0,0,false
VdzOW6AEZm,2026,Noarlunga United,HPG Homes State League 2 South - Reserves; HPG Homes State League 2 South; Hahn Australia Cup SA Preliminary Rounds,11,4,648,3,2,0,0,0,false
VdzP55oBNG,2025,Adelaide Atletico VSC,Senior Men's Trials; Reserves; HPG Homes State League 2 North - Reserves; Federation Cup Reserves; HPG Homes State League 2 (Reserves) Final Series,29,28,2675,1,4,0,0,0,false
VdzP55oBNG,2026,Angle Vale,Hahn Australia Cup SA Preliminary Rounds; HPG Homes State League 2 North; HPG Homes State League 2 North - Reserves,5,4,231,1,0,0,0,0,false
VdzPRykBNG,2023,Adelaide Croatia Raiders,Under 12's JPL Blue; U12 Carl's Junior Boys Cup; Under 12 JPL A,21,15,1090,7,0,0,0,2,true
VdzPRykBNG,2024,Adelaide Croatia Raiders,Under 13 Trials - No Match Officials; Under 13 JPL A; U13 Carl's Junior Boys Cup; Under 13 JSL B,23,17,1340,3,2,0,0,0,false
VdzPRykBNG,2025,Adelaide Croatia Raiders,Nova Under 14's YPL A Mixed; U14 Carl's Jr. Youth Premier Cup,27,24,2010,3,0,0,0,0,false
VdzPRykBNG,2026,Adelaide Croatia Raiders,Nova Under 15's YPL A Mixed; Nova Under 16's YPL A Mixed; U15 Carl's Jr. Youth Premier Cup; HPG Homes State League 1 Under 18's,35,25,2370,6,2,0,0,0,false
VdzPx1pZNG,2023,Adelaide University,Under 13's JPL C; U13 Carl's Junior Boys Cup; U13 JPL C - Top Half,19,11,990,0,0,0,0,0,false
VdzPx1pZNG,2024,Adelaide University,Under 15 Trials; Under 14 JPL C; U14 Carl's Junior Boys Cup,18,8,630,0,0,0,0,0,false
VdzPx1pZNG,2025,Adelaide University,Under 15 Trials; Nova Under 15's YPL C Mixed; Nova Under 16's YPL C Mixed; U15 Carl's Jr. Youth Premier Cup,28,22,2060,0,0,0,0,0,false
VdzPx1pZNG,2026,Adelaide University,Under 16 Trials; Nova Under 16's YPL C South Mixed; U16 Carl's Jr. Youth Premier Cup; HPG Homes State League 2 South - Under 18's; Nova Under 16's YPL C Mixed Finals Series,19,11,1045,4,1,0,0,0,false
VdzR3BnxdG,2023,Cove FC,Under 16's JPL B; U16 Carl's Junior Boys Cup; Under 16's JSL A; State League 2 Under 18's; Under 17's JPL B; U18 Trial Matches,25,19,1700,5,1,0,0,0,false
VdzR3BnxdG,2024,Cove FC,U18 Trial Matches; Reserves Trial Matches; Federation Cup U18's; State League 2 Under 18's; State League 2 Reserves; Under 17 JPL A,37,24,2058,5,1,0,0,0,false
VdzR3BnxdG,2025,Cove FC,Reserves; HPG Homes State League 1 Reserves; Federation Cup Reserves; Australia Cup SA Preliminary Rounds,25,24,2120,1,2,0,0,0,false
VdzR3BnxdG,2026,Cove FC,Federation Cup Reserves; HPG Homes State League 1 Reserves; Senior Men's Trials; HPG Homes State League 1,27,24,2808,1,2,0,0,0,false
VdzR7yoZdG,2023,Para Hills Knights,State League 1 Under 18's; State League 1 Reserves; Federation Cup U18's; Federation Cup Reserves; State League 1,23,23,2760,0,2,0,0,3,true
VdzR7yoZdG,2024,Para Hills Knights,U18 Trial Matches; Reserves Trial Matches; RAA NPL Under 18's; Federation Cup Reserves; Federation Cup U18's; RAA NPL Reserves,31,30,2430,0,2,0,0,2,true
VdzR7yoZdG,2025,Para Hills Knights,Reserves; RAA NPL Reserves; Federation Cup U18's; Federation Cup Reserves; RAA NPL Under 18's,18,17,1590,0,2,0,0,4,true
VdzR7yoZdG,2026,Elizabeth Downs Soccer Club,Hahn Australia Cup SA Preliminary Rounds; Reserves; Senior Men's Trials; Federation Cup Reserves; HPG Homes State League 2 North - Reserves; HPG Homes State League 2 North; HPG Homes State League 2 (Seniors) Finals Series,22,19,1750,1,3,0,0,1,true
VdzR918PdG,2023,Cove FC,State League 2 Reserves; Senior Men's Trials,6,4,418,0,1,0,0,0,false
VdzR918PdG,2025,South Adelaide,HPG Homes State League 1 Reserves; Federation Cup Reserves; HPG Homes State League 1,22,22,1939,2,8,0,0,0,false
VdzR918PdG,2026,South Adelaide,Hahn Australia Cup SA Preliminary Rounds; HPG Homes State League 1,22,22,2394,0,7,0,0,0,false
VdzR9GoBdG,2023,Croydon FC,RAA NPL; Australia Cup SA Preliminary Rounds; RAA NPL Reserves,23,8,-263,4,0,0,0,0,false
VdzR9GoBdG,2024,Adelaide Cobras,Reserves Trial Matches; Senior Men's Trial Matches; Australia Cup SA Preliminary Rounds; State League 1; Senior Men's Trials,23,21,1530,3,4,0,0,0,false
VdzR9GoBdG,2025,Adelaide Cobras,Senior Men's Trials; HPG Homes State League 1; Australia Cup SA Preliminary Rounds,22,15,1346,3,1,0,0,0,false
VdzR9GoBdG,2026,Adelaide Cobras,HPG Homes State League 1 Reserves; HPG Homes State League 1; Hahn Australia Cup SA Preliminary Rounds,15,9,819,0,0,0,0,0,false
VdzRARrBdG,2023,Sturt Lions,RAA NPL; Australia Cup SA Preliminary Rounds; RAA NPL Reserves,19,17,451,0,0,0,0,3,true
VdzRARrBdG,2024,Mount Barker United,Senior Men's Trial Matches; Australia Cup SA Preliminary Rounds; State League 2,7,7,482,0,0,0,0,0,true
VdzRARrBdG,2026,Adelaide University,Senior Men's Trials; Hahn Australia Cup SA Preliminary Rounds; HPG Homes State League 2 South,9,9,1004,0,0,0,0,2,true
VdzRW9Y6dG,2023,Northern Demons,Federation Cup U18's; Federation Cup Reserves; State League 2 Under 18's; State League 2 Reserves,31,25,3243,23,0,0,0,0,false
VdzRW9Y6dG,2024,Adelaide Olympic; Modbury Vista,U18 Trial Matches; RAA NPL Under 18's; Federation Cup U18's; State League 2 Under 18's; State League 2 Reserves; State League 2,31,15,1338,26,1,0,0,0,false
VdzRW9Y6dG,2026,Northern Demons,Hahn Australia Cup SA Preliminary Rounds; Federation Cup Reserves; HPG Homes State League 2 North - Reserves; HPG Homes State League 2 North,6,3,452,2,0,0,0,0,false
VdzRWo1ndG,2023,Cove FC,State League 2 Reserves,2,2,125,1,0,0,0,0,false
VdzRWo1ndG,2024,Seaford Rangers; Noarlunga United,Reserves Trial Matches; Federation Cup Reserves; State League 2 Reserves; State League 2,17,12,881,5,0,0,0,0,false
VdzRWo1ndG,2025,Noarlunga United,Senior Men's Trials; HPG Homes State League 2 South; Australia Cup SA Preliminary Rounds,24,22,1871,5,3,0,0,0,false
VdzRWo1ndG,2026,Plympton FC,Hahn Australia Cup SA Preliminary Rounds; Senior Men's Trials; HPG Homes State League 2 South; HPG Homes State League 2 South - Reserves,12,10,999,3,2,0,0,0,false
VdzRWoXZdG,2023,Para Hills Knights,Australia Cup SA Preliminary Rounds,1,0,25,0,0,0,0,0,false
VdzRWoXZdG,2026,Modbury Vista,HPG Homes State League 2 North - Reserves; HPG Homes State League 2 (Seniors) Finals Series,4,1,181,0,0,0,0,0,false
VdzRYawndG,2023,MetroStars,Under 14 Trials; Under 14's JSL A; U14 Carl's Junior Boys Cup; Under 15's JSL A,22,18,1370,16,0,0,0,0,false
VdzRYawndG,2024,Adelaide City,Under 16 Trials; Under 16 JPL B; Under 16 JSL A; U16 Carl's Junior Boys Cup,28,19,1690,9,0,0,0,0,false
VdzRYawndG,2025,Adelaide City,Under 17 Trials - No Match Officials; Under 17 Trials; Nova Under 17's YPL A Mixed; U17 Carl's Jr. Youth Premier Cup,19,16,1440,1,0,0,0,0,false
VdzRYawndG,2026,Adelaide Atletico VSC,HPG Homes State League 1 Under 18's; Federation Cup U18's; HPG Homes State League 1 Reserves,24,17,2077,3,1,0,0,0,false
VdzRyjAXdG,2023,Noarlunga United,State League 2 Under 18's; Federation Cup U18's; State League 2 Reserves; Australia Cup SA Preliminary Rounds; State League 2; 23 Reserves Trial Matches,36,21,1805,7,5,0,0,0,false
VdzRyjAXdG,2024,Noarlunga United,State League 2 Reserves; Federation Cup Reserves,19,6,670,1,1,0,0,0,false
VdzRyjAXdG,2025,Seaford Rangers,Reserves; HPG Homes State League 2 South - Reserves; Federation Cup Reserves,23,20,1805,2,2,0,0,0,false
VdzRyjAXdG,2026,Seaford Rangers,Federation Cup Reserves; HPG Homes State League 2 South - Reserves,16,16,1759,4,4,0,0,0,false
VdzRykMBdG,2023,South Adelaide,Under 14's JPL A; U14 Carl's Junior Boys Cup,22,19,1690,2,0,0,0,0,false
VdzRykMBdG,2024,Noarlunga United,Under 15 Trials; Under 15 JPL B; U15 Carl's Junior Boys Cup; U16 Carl's Junior Boys Cup; Under 16 JPL B,22,18,1605,18,0,0,0,0,false
VdzRykMBdG,2025,Noarlunga United,Nova Under 16's YPL B Mixed; HPG Homes State League 2 South - Under 18's; U16 Carl's Jr. Youth Premier Cup; HPG Homes State League 2 South - Reserves,17,14,1268,17,0,0,0,0,false
VdzRykMBdG,2026,Noarlunga United,HPG Homes State League 2 South - Under 18's; Federation Cup U18's; HPG Homes State League 2 South - Reserves; HPG Homes State League 2 (Reserves) Final Series,18,12,1519,13,0,0,0,0,false
Wdg43Z0ZmR,2025,Angle Vale,Australia Cup SA Preliminary Rounds,1,0,60,0,0,0,0,0,false
Wdg43Z0ZmR,2026,Angle Vale,Federation Cup Reserves; Hahn Australia Cup SA Preliminary Rounds; Senior Men's Trials; HPG Homes State League 2 North; HPG Homes State League 2 North - Reserves,16,11,1059,1,3,0,0,0,false
Wdg46QxlmR,2023,Adelaide Comets,Under 15 Trials; Under 15's JSL A; U15 Carl's Junior Boys Cup; Under 16's JSL A,20,16,1350,20,0,0,0,0,false
Wdg46QxlmR,2024,Fulham United,Under 16 JPL B; U16 Carl's Junior Boys Cup; State League 1 Under 18's,21,18,1610,6,1,0,0,0,false
Wdg46QxlmR,2025,Fulham United,Under 18's; HPG Homes State League 1 Under 18's; Federation Cup U18's,18,8,750,1,0,1,0,0,false
Wdg46QxlmR,2026,Fulham United,HPG Homes State League 1 Under 18's; Federation Cup U18's; HPG Homes State League 1 Reserves,20,14,1714,1,2,0,0,0,false
Wdg4qL0ZmR,2023,Barossa United,Under 15's JSL B; U15 Carl's Junior Boys Cup; Under 14's JSL B,23,21,1890,2,0,0,0,0,false
Wdg4qL0ZmR,2026,Barossa United,HPG Homes State League 2 North - Under 18's; HPG Homes State League 2 North - Reserves,16,16,1440,6,4,0,0,0,false
Wdg6P2BDoK,2026,Ghan United,HPG Homes State League 2 South - Reserves,1,0,68,0,0,0,0,0,false
Wdgp0gg9mR,2023,Vipers FC,Australia Cup SA Preliminary Rounds; State League 1,19,18,404,0,7,1,0,0,false
Wdgp0gg9mR,2024,Vipers FC,Australia Cup SA Preliminary Rounds; State League 1,20,18,1618,0,2,0,0,0,false
Wdgp0gg9mR,2025,Eastern United,HPG Homes State League 2 South; Australia Cup SA Preliminary Rounds; HPG Homes State League 2 (Seniors) Final Series,20,20,1796,8,1,0,0,0,false
Wdgp0gg9mR,2026,Northern Demons,Hahn Australia Cup SA Preliminary Rounds; HPG Homes State League 2 North,19,19,1726,2,4,0,0,0,false
Wdgp0ojDmR,2023,Cumberland United,State League 1 Reserves; Federation Cup Reserves,5,4,480,1,1,0,0,0,false
Wdgp0ojDmR,2024,Cumberland United,State League 1 Reserves; Federation Cup Reserves,16,12,1159,0,2,0,0,0,false
Wdgp0ojDmR,2025,Cumberland United,HPG Homes State League 1; Australia Cup SA Preliminary Rounds; HPG Homes State League 1 Reserves,22,18,1663,0,1,1,0,0,false
Wdgp0ojDmR,2026,Cumberland United,HPG Homes State League 1 Reserves,2,2,240,0,1,0,0,0,false
Wdgp1pMomR,2023,Adelaide Croatia Raiders,Under 13's JSL A; U13 Carl's Junior Boys Cup,19,19,1510,0,0,0,0,0,true
Wdgp1pMomR,2024,Adelaide Croatia Raiders,Under 14 JSL A; U14 Carl's Junior Boys Cup; Under 15 JSL A,22,22,1900,0,1,0,0,9,true
Wdgp1pMomR,2025,Adelaide Croatia Raiders,Nova Under 15's YSL A Mixed; U15 Carl's Jr. Youth State Cup,6,4,380,0,0,0,0,0,true
Wdgp1pMomR,2026,Modbury Jets,Under 16 Trials - No Match Officials; Under 16's YSL Mixed; HPG Homes State League 1 Under 18's; U16 Carl's Jr. Youth Premier Cup; Under 16 YSL Mixed Top Half,21,19,1805,0,0,0,0,2,true
WdgpPwlomR,2023,Adelaide University; Vipers FC,Australia Cup SA Preliminary Rounds; State League 2; State League 1 Reserves,22,15,1039,2,3,0,0,0,false
WdgpPwlomR,2024,Sturt Lions,State League 1 Reserves; Federation Cup Reserves; State League 1,29,26,2291,7,3,0,0,0,false
WdgpPwlomR,2025,Adelaide University,Senior Men's Trials; HPG Homes State League 2 South; Australia Cup SA Preliminary Rounds; HPG Homes State League 2 (Seniors) Final Series,27,26,2280,8,4,0,0,0,false
WdgpPwlomR,2026,Adelaide Atletico VSC,Hahn Australia Cup SA Preliminary Rounds; HPG Homes State League 1; HPG Homes State League 1 Reserves,24,14,1570,0,5,0,0,0,false
WdgpXwrqmR,2023,Cove FC,Under 16's JPL B; U16 Carl's Junior Boys Cup; Under 17's JPL B; Under 16's JSL A; U18 Trial Matches,24,18,1610,6,1,0,0,0,false
WdgpXwrqmR,2024,Cove FC,Under 17 Trials; State League 2 Under 18's; Under 17 JPL A; U17 Carl's Junior Boys Cup,18,17,1520,3,4,1,0,0,false
WdgpXwrqmR,2025,Noarlunga United,Under 18's; HPG Homes State League 2 South - Under 18's; Federation Cup U18's,22,16,1485,4,1,0,0,0,false
WdgpXwrqmR,2026,Plympton FC,Federation Cup Reserves; Reserves; HPG Homes State League 2 South - Reserves; HPG Homes State League 2 South,20,8,1255,2,4,0,0,0,false
Wdgpn7yxmR,2023,Northern Demons,Federation Cup Reserves; State League 2 Reserves,24,23,2486,0,3,0,0,0,false
Wdgpn7yxmR,2024,Northern Demons,State League 2 Reserves; Federation Cup Reserves,23,21,1824,0,2,0,0,0,true
Wdgpn7yxmR,2025,Northern Demons,Reserves; HPG Homes State League 2 North - Reserves; HPG Homes State League 2 (Reserves) Final Series,25,24,2026,1,3,0,0,0,false
Wdgpn7yxmR,2026,Northern Demons,Federation Cup Reserves; HPG Homes State League 2 North - Reserves,20,19,1751,0,2,0,0,0,false
WdgpnlkpmR,2023,Modbury Vista,State League 2 Reserves; Federation Cup Reserves; State League 2; 23 Reserves Trial Matches,24,23,2735,0,1,0,0,0,false
WdgpnlkpmR,2024,Modbury Vista,Reserves Trial Matches; Federation Cup Reserves; State League 2 Reserves,21,19,1477,0,2,0,0,0,false
WdgpnlkpmR,2025,Elizabeth Grove,Reserves; Senior Men's Trials; HPG Homes State League 2 North - Reserves; HPG Homes State League 2 North; Federation Cup Reserves; Australia Cup SA Preliminary Rounds,30,18,1753,0,2,0,0,0,false
WdgpnlkpmR,2026,Elizabeth Grove,HPG Homes State League 2 North - Reserves; HPG Homes State League 2 North,14,7,822,2,2,0,0,0,false
Wdgq0pYYDN,2026,Adelaide Olympic,HPG Homes State League 1,8,8,794,0,1,0,0,0,false
Wdgq2Z0apN,2026,Ghan United,HPG Homes State League 2 South - Reserves,9,6,558,1,1,0,0,0,false
WdgqA9OAZN,2023,Port Adelaide,Under 16's JPL B; U16 Carl's Junior Boys Cup; State League 1 Under 18's,18,15,1320,11,5,0,0,0,false
WdgqA9OAZN,2024,Adelaide University,Reserves Trial Matches; U18 Trial Matches; Federation Cup U18's; State League 2 Under 18's; State League 2 Reserves,27,21,1874,10,2,0,0,0,false
WdgqA9OAZN,2025,Pontian Eagles,Under 18's; Reserves; HPG Homes State League 1 Reserves; HPG Homes State League 1 Under 18's,11,8,749,0,0,0,0,0,false
WdgqA9OAZN,2026,Ghan United,HPG Homes State League 2 South - Reserves,15,12,1260,1,2,0,0,0,false
WdgqJza7gN,2026,Ghan United,Federation Cup Reserves; Senior Men's Trials; HPG Homes State League 2 South,3,2,257,1,0,0,0,0,false
WdgqL9RbEN,2025,Cumberland United,HPG Homes State League 1 Under 18's; Federation Cup U18's,23,8,750,5,0,0,0,0,false
WdgqL9RbEN,2026,Cumberland United,Federation Cup U18's; HPG Homes State League 1 Under 18's; HPG Homes State League 1 Reserves,19,9,1175,4,0,0,0,0,false
WdgqLVP69N,2025,Salisbury United,Nova Under 15's YSL B Mixed; U15 Carl's Jr. Youth State Cup; Nova Under 15's YPL C Mixed,21,20,1900,4,0,0,0,0,false
WdgqLVP69N,2026,Salisbury United,Nova Under 16's YPL B Mixed; U16 Carl's Jr. Youth Premier Cup,26,23,2185,1,0,0,0,0,false
WdgqLVPjEN,2025,Cumberland United,Nova Under 14's YSL A Mixed; U14 Carl's Jr. Youth State Cup; Under 14 Trials,24,22,1850,15,1,0,0,0,true
WdgqLVPjEN,2026,Cumberland United; Adelaide Titans Football Club,Under 15 Trials; U15 Carl's Jr. Youth State Cup; Under 15's YSL A Mixed; Nova Under 16's YPL C South Mixed; HPG Homes State League 2 South - Under 18's,18,12,1105,13,0,0,0,0,false
WdgqLWpvXN,2025,Cove FC,Under 17 Trials - No Match Officials; HPG Homes State League 1 Under 18's; Nova Under 17's YPL B Mixed; U17 Carl's Jr. Youth Premier Cup,15,13,1205,1,0,0,0,0,false
WdgqLWpvXN,2026,Cove FC,Federation Cup U18's; HPG Homes State League 1 Under 18's; Under 17's B Mixed,24,3,335,1,3,0,0,0,false
WdgqLy62lN,2025,Elizabeth Grove,Reserves; HPG Homes State League 2 North - Reserves; Federation Cup Reserves; Australia Cup SA Preliminary Rounds; HPG Homes State League 2 North,18,16,1535,2,6,1,0,0,false
WdgqLy62lN,2026,Elizabeth Grove,HPG Homes State League 2 North - Reserves; HPG Homes State League 2 North,15,7,812,2,1,0,0,0,false
WdgqLyLG9N,2023,South Adelaide,RAA NPL Under 18's; Federation Cup U18's; Under 16's JPL B; RAA NPL Reserves; U18 Trial Matches,36,22,2626,13,6,0,0,0,false
WdgqLyLG9N,2024,South Adelaide; Cove FC,RAA NPL Under 18's; Federation Cup U18's; RAA NPL Reserves; State League 2 Under 18's,18,4,360,6,3,1,0,0,false
WdgqLyLG9N,2025,Cove FC; Seaford Rangers,HPG Homes State League 1 Under 18's; Federation Cup U18's; HPG Homes State League 2 South - Under 18's; HPG Homes State League 2 (18s) Final Series,15,8,750,3,4,0,0,0,false
WdgqLyLG9N,2026,Seaford Rangers,Federation Cup Reserves; Senior Men's Trials; HPG Homes State League 2 South - Reserves; HPG Homes State League 2 South,16,16,1553,15,2,0,0,0,false
WdgqWkxQxN,2026,Adelaide Cobras,Hahn Australia Cup SA Preliminary Rounds; HPG Homes State League 1; HPG Homes State League 1 Reserves,11,7,824,0,1,0,0,0,false
WdgqWkxbEN,2026,Adelaide Blue Eagles,Hahn Australia Cup SA Preliminary Rounds; HPG Homes State League 1,23,22,2128,2,3,1,0,0,false
WdgqaYgG9N,2026,Pontian Eagles,HPG Homes State League 2 North - Under 18's,9,6,540,0,3,1,0,0,false
Wdgqr0eJlN,2026,Adelaide Blue Eagles,HPG Homes State League 1 Reserves; Federation Cup Reserves,22,17,1947,0,5,0,0,0,false
Wdgqr2EjDN,2026,Adelaide Atletico VSC,Under 16 Trials; Nova Under 16's YPL C North Mixed; U16 Carl's Jr. Youth Premier Cup; HPG Homes State League 1 Under 18's,15,11,1040,1,2,1,0,0,false
Wdgqr2abqN,2026,Eastern United,Hahn Australia Cup SA Preliminary Rounds; HPG Homes State League 1; HPG Homes State League 1 Reserves,15,7,887,3,2,0,0,0,false
Wdgqr6PepN,2026,Mount Barker United,Reserves; Senior Men's Trials; HPG Homes State League 2 South; HPG Homes State League 2 South - Reserves; Federation Cup Reserves,23,12,1465,3,3,0,0,0,false
Wdgqr9RolN,2026,Cove FC,Under 16 Trials; Nova Under 16's YPL C South Mixed; U16 Carl's Jr. Youth Premier Cup; HPG Homes State League 1 Under 18's; Nova Under 16's YPL C Mixed Finals Series,19,16,1620,0,2,0,0,8,true
WdgqrM93DN,2026,Ghan United,Federation Cup U18's; HPG Homes State League 2 South - Under 18's,19,9,1080,0,0,0,0,0,false
WdgqrML09N,2026,Adelaide Blue Eagles,Hahn Australia Cup SA Preliminary Rounds; HPG Homes State League 1 Reserves; Federation Cup Reserves; HPG Homes State League 1,34,22,2561,1,2,0,0,0,false
WdgqrV0BDN,2026,Cumberland United,HPG Homes State League 1 Reserves; HPG Homes State League 1,22,20,2165,3,3,0,0,0,false
Wdgqrl47EN,2026,Adelaide Cobras,HPG Homes State League 1 Under 18's; Federation Cup U18's; HPG Homes State League 1 Reserves,25,23,2826,0,0,0,0,0,false
Wdgqrl4MlN,2023,Adelaide Cobras,State League 1 Reserves; Australia Cup SA Preliminary Rounds,22,20,2146,0,1,0,0,0,false
Wdgqrl4MlN,2024,Adelaide Cobras,Reserves Trial Matches; State League 1 Reserves,21,16,1337,0,0,0,0,0,false
Wdgqrl4MlN,2025,Adelaide Cobras,Reserves; HPG Homes State League 1 Reserves; Federation Cup Reserves; HPG Homes State League 1,21,17,1737,3,4,0,0,0,false
Wdgqrl4MlN,2026,Western Strikers,Federation Cup Reserves; HPG Homes State League 2 South - Reserves; HPG Homes State League 2 South; HPG Homes State League 2 (Reserves) Final Series,19,18,2055,2,1,0,0,0,false
Wdgqrlk7pN,2026,Adelaide Titans Football Club,Federation Cup U18's; HPG Homes State League 2 South - Under 18's; HPG Homes State League 2 South - Reserves,18,17,2040,2,1,0,0,1,true
WdgqrvOLDN,2026,Cove FC,Federation Cup Reserves; HPG Homes State League 1 Reserves; Senior Men's Trials; HPG Homes State League 1,26,23,2775,0,1,0,0,0,false
ZKR52QpZyN,2023,,,0,0,0,0,0,0,0,0,false
ZKR52QpZyN,2024,Mount Barker United,Reserves Trial Matches; Federation Cup Reserves; State League 2 Reserves,21,18,1717,4,4,0,0,0,false
ZKR52QpZyN,2025,Mount Barker United,Reserves; HPG Homes State League 2 South - Reserves; Federation Cup Reserves,20,19,1793,0,3,0,0,0,false
ZKR52QpZyN,2026,Mount Barker United,Federation Cup Reserves; Reserves; HPG Homes State League 2 South - Reserves; HPG Homes State League 2 South,19,18,1979,1,8,0,0,0,false
ZKR52v96aN,2023,Eastern United,Under 12's JSL Red; U12 Carl's Junior Boys Cup; Under 12 JSL B,20,19,1330,11,0,0,0,0,false
ZKR52v96aN,2024,Eastern United,Under 15 JPL C; U15 Carl's Junior Boys Cup,9,9,790,1,0,0,0,0,false
ZKR52v96aN,2025,Eastern United,Under 15 Trials - No Match Officials; Under 15 Trials; Nova Under 15's YPL C Mixed; U15 Carl's Jr. Youth Premier Cup; HPG Homes State League 2 South - Under 18's; Nova Under 16's YPL C Mixed,34,26,2425,1,0,0,0,0,false
ZKR52v96aN,2026,Eastern United,Nova Under 16's YPL B Mixed; HPG Homes State League 1 Under 18's; U16 Carl's Jr. Youth Premier Cup,34,32,3265,2,4,0,0,0,false
ZKR5B7p0oN,2024,Salisbury United,Under 17 Trials; Under 17 JPL B; U17 Carl's Junior Boys Cup,18,18,1610,0,3,0,0,0,false
ZKR5B7p0oN,2026,Modbury Jets,Federation Cup Reserves,1,0,61,0,1,0,0,0,false
ZKRJ13D7Kk,2023,Adelaide Comets,Under 14's JPL A; U14 Carl's Junior Boys Cup; Under 14's JSL A,19,7,600,0,0,0,0,0,false
ZKRJ13D7Kk,2024,Cumberland United,Under 15 Trials; Under 15 JPL A; U15 Carl's Junior Boys Cup,25,18,1610,1,1,0,0,0,false
ZKRJ13D7Kk,2025,WT Birkalla; Adelaide Cobras,Under 16 Trials; Nova Under 16's YPL B Mixed; U16 Carl's Jr. Youth Premier Cup,22,20,1840,2,1,0,0,0,false
ZKRJ13D7Kk,2026,Adelaide Cobras,HPG Homes State League 1 Under 18's; HPG Homes State League 1 Reserves,17,17,2040,2,0,0,0,0,false
ZKRJY8ZyKk,2024,Adelaide Titans Football Club,Australia Cup SA Preliminary Rounds,0,0,0,0,0,0,0,0,false
ZKRJY8ZyKk,2025,Adelaide Titans Football Club,HPG Homes State League 2 South - Reserves; HPG Homes State League 2 South,7,7,630,0,0,1,0,2,true
ZKRJY8ZyKk,2026,Adelaide Titans Football Club,Federation Cup Reserves; HPG Homes State League 2 South - Reserves; HPG Homes State League 2 South,6,6,720,0,0,0,0,0,true
ZKRP2Gbomk,2023,Northern Demons,Federation Cup Reserves; State League 2 Reserves,24,18,1826,2,2,0,0,0,false
ZKRP2Gbomk,2024,Northern Demons,Reserves Trial Matches; State League 2 Reserves; Federation Cup Reserves,20,2,395,1,1,0,0,0,false
ZKRP2Gbomk,2025,Northern Demons,HPG Homes State League 2 North - Reserves; HPG Homes State League 2 (Reserves) Final Series,20,3,585,0,0,0,0,0,false
ZKRP2Gbomk,2026,Northern Demons,Federation Cup Reserves; HPG Homes State League 2 North - Reserves,19,11,938,3,1,0,0,0,false
ZKRP2n8Pmk,2023,Ghan United; Para Hills Knights,Australia Cup SA Preliminary Rounds; State League 1 Reserves; State League 1,10,9,1044,0,3,1,0,0,false
ZKRP2n8Pmk,2024,Modbury Jets,RAA NPL Reserves; Federation Cup Reserves,2,2,136,0,0,0,0,0,false
ZKRP2n8Pmk,2026,Ghan United,Hahn Australia Cup SA Preliminary Rounds; Senior Men's Trials; HPG Homes State League 2 South,7,5,592,0,3,0,0,0,false
ZKRP2ryrmk,2023,Adelaide Comets,RAA NPL Reserves; Federation Cup Reserves,26,22,2729,1,2,1,0,0,false
ZKRP2ryrmk,2024,Cumberland United,State League 1 Reserves,4,4,360,1,0,0,0,0,false
ZKRP2ryrmk,2025,Cumberland United,HPG Homes State League 1; Australia Cup SA Preliminary Rounds; HPG Homes State League 1 Reserves,23,17,1560,0,0,0,0,0,false
ZKRP2ryrmk,2026,Adelaide Olympic,Hahn Australia Cup SA Preliminary Rounds; HPG Homes State League 1; HPG Homes State League 1 Reserves,15,6,1006,0,0,0,0,0,false
ZKRPXwjrmk,2023,WT Birkalla,Australia Cup SA Preliminary Rounds; State League 1,29,26,884,0,6,1,0,0,false
ZKRPXwjrmk,2024,Salisbury United,Senior Men's Trial Matches; Australia Cup SA Preliminary Rounds; State League 1,29,28,2127,0,6,0,0,0,false
ZKRPXwjrmk,2025,Salisbury United,Senior Men's Trials; HPG Homes State League 1; Australia Cup SA Preliminary Rounds,28,26,2408,0,7,0,0,0,false
ZKRPXwjrmk,2026,Salisbury United,Hahn Australia Cup SA Preliminary Rounds; HPG Homes State League 1,22,19,2077,0,3,1,0,0,false
ZKRPo8Yomk,2023,Salisbury United,Under 14's JPL C; U14 Carl's Junior Boys Cup,23,19,1690,0,2,0,0,0,false
ZKRPo8Yomk,2024,Salisbury United,Under 15 JPL C; U15 Carl's Junior Boys Cup; Under 15 JSL B,21,20,1780,2,1,0,0,0,false
ZKRPo8Yomk,2025,Salisbury United,Under 18's; Under 16 Trials; Nova Under 16's YPL C Mixed; U16 Carl's Jr. Youth Premier Cup; HPG Homes State League 1 Under 18's,27,27,2495,2,5,0,0,0,false
ZKRPo8Yomk,2026,Salisbury United,HPG Homes State League 1 Under 18's; Under 17 Trials - No Match Officials; Federation Cup U18's; Under 17's B Mixed,20,13,1535,0,4,0,0,0,false
ZKRPo8p7mk,2023,Para Hills Knights,Under 17's JPL B; Under 16's JSL A; U17 Carl's Junior Boys Cup; State League 1 Under 18's,22,13,1160,0,0,0,0,0,false
ZKRPo8p7mk,2024,Salisbury United,U18 Trial Matches; State League 1 Under 18's; Federation Cup U18's; Under 17 JPL B,25,18,1290,4,1,0,0,0,false
ZKRPo8p7mk,2026,Salisbury United,HPG Homes State League 1 Reserves; Federation Cup Reserves,21,15,1520,0,1,0,0,0,false
ZKRPryMAmk,2023,Western Strikers,Australia Cup SA Preliminary Rounds; State League 2; State League 2 Reserves,22,12,314,4,0,0,0,0,false
ZKRPryMAmk,2024,Sturt Lions,Senior Men's Trial Matches; Australia Cup SA Preliminary Rounds; State League 1; State League 1 Reserves,22,6,657,1,1,0,0,0,false
ZKRPryMAmk,2025,West Adelaide,HPG Homes State League 1 Reserves; HPG Homes State League 1; Australia Cup SA Preliminary Rounds,20,15,1292,2,2,0,0,0,false
ZKRPryMAmk,2026,Adelaide Olympic,HPG Homes State League 1; Hahn Australia Cup SA Preliminary Rounds,25,20,2090,4,6,0,0,0,false
ZKRPxj6Dmk,2023,Adelaide Cobras,State League 1 Reserves; State League 1; Australia Cup SA Preliminary Rounds,13,11,651,0,6,0,0,0,false
ZKRPxj6Dmk,2025,Adelaide University,Senior Men's Trials; Australia Cup SA Preliminary Rounds; HPG Homes State League 2 South; HPG Homes State League 2 (Seniors) Final Series,25,24,2223,0,3,0,0,0,false
ZKRPxj6Dmk,2026,Adelaide University,Senior Men's Trials; Hahn Australia Cup SA Preliminary Rounds; HPG Homes State League 2 South,13,7,1023,0,1,0,0,0,false
ZKRy4RVMoN,2026,Elizabeth Grove,HPG Homes State League 2 North - Reserves; HPG Homes State League 2 North,11,11,954,1,3,0,0,0,false
ZKRy6BPLoN,2026,Cumberland United,HPG Homes State League 1 Under 18's,6,4,480,1,0,0,0,0,false
ZKRy6VPwyN,2023,Adelaide Blue Eagles,Under 15's JPL B; U15 Carl's Junior Boys Cup; U15 JPL B - Bottom Half; Under 17's JPL A,20,12,1070,1,2,0,0,0,false
ZKRy6VPwyN,2024,Adelaide Blue Eagles,Under 16 Trials; Under 16 JPL B; U16 Carl's Junior Boys Cup,24,11,980,0,2,0,0,0,false
ZKRy6VPwyN,2025,Adelaide Blue Eagles,Nova Under 17's YPL B Mixed; U17 Carl's Jr. Youth Premier Cup,17,9,840,2,2,0,0,0,false
ZKRy6VPwyN,2026,Adelaide Blue Eagles,HPG Homes State League 1 Under 18's; Federation Cup U18's,18,3,360,0,1,0,0,0,false
ZKRy8erAGN,2026,Adelaide Cobras,Hahn Australia Cup SA Preliminary Rounds; HPG Homes State League 1,11,11,1153,1,1,0,0,0,false
ZKRyDVDxPN,2026,Elizabeth Grove,Federation Cup Reserves; HPG Homes State League 2 North - Reserves; HPG Homes State League 2 North,5,3,343,0,0,0,0,0,false
ZKRyJVppjN,2023,Croydon FC,Under 16's JSL A; U16 Carl's Junior Boys Cup,19,15,1340,3,2,0,0,0,false
ZKRyJVppjN,2024,Croydon FC,Under 17 JPL A; U17 Carl's Junior Boys Cup,22,17,1500,9,1,0,0,0,false
ZKRyJVppjN,2025,Modbury Jets,RAA NPL Under 18's; Federation Cup U18's; RAA NPL Reserves,19,16,1470,2,1,1,0,0,false
ZKRyJVppjN,2026,Modbury Jets,HPG Homes State League 1 Reserves; Federation Cup Reserves,23,11,1532,1,2,0,0,0,false
ZKRyOqxAGN,2026,Modbury Jets,HPG Homes State League 1 Under 18's; Federation Cup U18's; HPG Homes State League 1 Reserves,20,15,1983,1,4,0,0,0,false
ZKRyZ6A1yN,2023,Campbelltown City,RAA NPL Reserves; Federation Cup Reserves; Australia Cup SA Preliminary Rounds; RAA NPL; Senior Men's Trials,20,14,1602,1,3,0,0,0,false
ZKRyZ6A1yN,2024,Campbelltown City,Senior Men's Trial Matches; Reserves Trial Matches; RAA NPL Reserves; RAA NPL; Australia Cup SA Preliminary Rounds,32,26,2259,1,5,0,0,0,false
ZKRyZ6A1yN,2025,Cumberland United,HPG Homes State League 1; Australia Cup SA Preliminary Rounds; HPG Homes State League 1 Reserves,22,7,754,1,0,0,0,0,false
ZKRyZ6A1yN,2026,Cumberland United,HPG Homes State League 1 Reserves,1,1,120,0,0,0,0,0,false
ZKRyb8JQrN,2025,Eastern United,HPG Homes State League 2 South; Australia Cup SA Preliminary Rounds; HPG Homes State League 2 (Seniors) Final Series,21,21,1907,1,1,0,0,0,false
ZKRyb8JQrN,2026,Eastern United,Hahn Australia Cup SA Preliminary Rounds; HPG Homes State League 1,20,18,1486,3,2,0,0,0,false
ZKRybZPzrN,2025,Adelaide Comets,Reserves; Senior Men's Trials; RAA NPL Reserves; RAA NPL; Australia Cup SA Preliminary Rounds; Federation Cup Reserves,32,32,3240,0,2,0,0,10,true
ZKRybZPzrN,2026,Adelaide Comets; Western Strikers,Reserves; Hahn Australia Cup SA Preliminary Rounds; RAA NPL Reserves; RAA NPL; HPG Homes State League 2 South; HPG Homes State League 2 (Seniors) Finals Series,20,20,2190,0,1,0,0,1,true
ZKRybvnqjN,2025,Seaford Rangers,Under 18's; Reserves; HPG Homes State League 2 South - Under 18's; HPG Homes State League 2 South - Reserves; Federation Cup U18's; Federation Cup Reserves,26,22,2048,20,3,1,0,0,false
ZKRybvnqjN,2026,Seaford Rangers,Federation Cup U18's; Under 18's; HPG Homes State League 2 South - Under 18's; HPG Homes State League 2 South - Reserves,17,11,1391,8,1,0,0,0,false
ZKRylkYXaN,2026,Seaford Rangers,HPG Homes State League 2 South - Under 18's,11,6,720,0,0,0,0,0,false
ZKRyn46QPN,2026,Salisbury United,Nova Under 16's YPL B Mixed; U16 Carl's Jr. Youth Premier Cup; HPG Homes State League 1 Under 18's; HPG Homes State League 1 Reserves,31,20,1984,11,3,0,0,0,false
ZKRyn4AePN,2026,Elizabeth Downs Soccer Club,Hahn Australia Cup SA Preliminary Rounds; Senior Men's Trials; HPG Homes State League 2 North; HPG Homes State League 2 (Seniors) Finals Series,20,16,1466,2,3,0,0,0,false
ZKRyn4AyGN,2026,Pontian Eagles,HPG Homes State League 2 North - Reserves,4,0,92,1,1,0,0,0,false
ZKRyn4q8jN,2026,Adelaide Olympic,HPG Homes State League 1 Under 18's; Federation Cup U18's,22,19,2280,3,0,1,0,0,false
ZKRyn5M7rN,2023,,,0,0,0,0,0,0,0,0,false
ZKRyn5M7rN,2024,,,0,0,0,0,0,0,0,0,false
ZKRyn5M7rN,2025,,,0,0,0,0,0,0,0,0,false
ZKRyn5M7rN,2026,Para Hills Knights; Angle Vale,RAA NPL Reserves; Federation Cup Reserves; HPG Homes State League 2 North - Reserves; HPG Homes State League 2 North,15,11,994,3,1,0,0,0,false
ZKRyn5OzDN,2026,Noarlunga United,U16 Carl's Jr. Youth Premier Cup; Nova Under 16's YPL C South Mixed; HPG Homes State League 2 South - Under 18's,17,11,1045,2,0,0,0,0,false
ZKRynA9PrN,2026,Adelaide Olympic,HPG Homes State League 1 Under 18's; Federation Cup U18's; HPG Homes State League 1 Reserves,23,20,2426,5,4,0,0,0,false
ZKRynGALjN,2023,Adelaide University,U13 Carl's Junior Boys Cup; Under 13's JPL C; U13 JPL C - Top Half,16,14,1260,0,1,0,0,0,false
ZKRynGALjN,2024,Adelaide University,Under 15 Trials; Under 14 JPL C; Under 15 JPL C; U14 Carl's Junior Boys Cup,20,19,1510,0,1,0,0,0,true
ZKRynGALjN,2025,Adelaide University,Under 15 Trials; Nova Under 15's YPL C Mixed; Nova Under 16's YPL C Mixed; U15 Carl's Jr. Youth Premier Cup,33,33,3090,0,1,0,0,1,true
ZKRynGALjN,2026,Adelaide University,Under 16 Trials; Under 18's; Nova Under 16's YPL C South Mixed; U16 Carl's Jr. Youth Premier Cup; HPG Homes State League 2 South - Reserves; Nova Under 16's YPL C Mixed Finals Series,24,24,2235,0,1,0,0,3,true
ZKRyng7xoN,2023,South Adelaide,Under 13's JSL A; U13 Carl's Junior Boys Cup; Under 13's JPL A; Under 14's JDL Mixed,20,12,960,1,0,0,0,0,false
ZKRyng7xoN,2024,South Adelaide,Under 14 Trials; Under 14 JSL B; U14 Carl's Junior Boys Cup; Under 15 JSL B,22,21,1680,5,0,0,0,0,false
ZKRyng7xoN,2025,Northern Demons,Nova Under 15's YSL C Mixed; U15 Carl's Jr. Youth State Cup; HPG Homes State League 2 North - Under 18's,22,18,1710,1,0,0,0,0,true
ZKRyng7xoN,2026,Northern Demons,Federation Cup U18's; HPG Homes State League 2 North - Under 18's; HPG Homes State League 2 North - Reserves,18,15,1398,0,1,0,0,0,false
ZKRynn9qGN,2026,South Adelaide,HPG Homes State League 1 Reserves; Federation Cup Reserves,15,12,1205,0,2,0,0,0,false
ZKRynnMbjN,2026,Western Strikers,Federation Cup Reserves; HPG Homes State League 2 South - Under 18's; HPG Homes State League 2 South - Reserves; HPG Homes State League 2 (Reserves) Final Series,21,15,1604,8,3,1,0,0,false
ZKRynnMxrN,2026,Seaford Rangers,Hahn Australia Cup SA Preliminary Rounds; Senior Men's Trials; HPG Homes State League 2 South; HPG Homes State League 2 (Seniors) Finals Series,22,10,1572,0,2,0,0,0,false
ZKRynveqjN,2026,Cumberland United,HPG Homes State League 1 Reserves; HPG Homes State League 1; Hahn Australia Cup SA Preliminary Rounds,35,22,2689,15,1,0,0,0,false
ZKRyny5JGN,2023,Adelaide Victory,Under 13's JPL C; U13 Carl's Junior Boys Cup; U13 JPL C - Bottom Half,17,15,1330,0,0,0,0,0,false
ZKRyny5JGN,2024,Adelaide Croatia Raiders,Under 13 Trials - No Match Officials; Under 13 JPL A; U13 Carl's Junior Boys Cup; Under 15 Girls Trials; Under 13 JSL B,28,21,1660,1,3,0,0,0,true
ZKRyny5JGN,2025,Adelaide Croatia Raiders,Nova Under 14's YPL A Mixed; U14 Carl's Jr. Youth Premier Cup,25,23,1910,1,1,0,0,0,false
ZKRyny5JGN,2026,Adelaide Croatia Raiders,Under 14 Trials; Under 15 Trials; Nova Under 15's YPL A Mixed; Nova Under 16's YPL A Mixed; U15 Carl's Jr. Youth Premier Cup; HPG Homes State League 1 Under 18's,38,26,2485,4,4,0,0,0,false
ZKRypj3OBN,2026,Northern Demons,HPG Homes State League 2 North - Reserves; Federation Cup Reserves; HPG Homes State League 2 North,15,13,1172,0,4,0,0,0,false
ZKRyx0QzrN,2026,Western Strikers,HPG Homes State League 2 South; HPG Homes State League 2 (Seniors) Finals Series,10,10,1066,11,1,0,0,0,false
ZKRyxGDbAN,2026,Mount Barker United,HPG Homes State League 2 South - Reserves; HPG Homes State League 2 South,5,5,600,0,0,0,0,0,true
ZKRyz5MOjN,2026,Gawler Eagles,HPG Homes State League 2 North,5,5,329,1,0,0,0,0,false
ZKRyzZZXaN,2026,Modbury Jets,HPG Homes State League 1; Hahn Australia Cup SA Preliminary Rounds; Senior Men's Trials,25,20,2100,5,3,0,0,0,false
ZNQ9zXzONx,2023,Noarlunga United,Under 14's JPL B; U14 Carl's Junior Boys Cup; Under 14's JSL C,26,13,1060,13,0,0,0,0,false
ZNQ9zXzONx,2024,Noarlunga United,Under 15 Trials; Under 15 JPL B; U15 Carl's Junior Boys Cup,18,12,1070,3,1,0,0,0,false
ZNQ9zXzONx,2025,Cove FC,Nova Under 16's YPL C Mixed; U17 Carl's Jr. Youth Premier Cup,20,17,1615,7,2,0,0,0,false
ZNQ9zXzONx,2026,Cove FC,Federation Cup U18's; HPG Homes State League 1 Under 18's; Under 17's B Mixed,27,20,2350,4,5,0,0,0,false
ZNQO5LeMgd,2025,Salisbury Inter,Reserves; HPG Homes State League 2 North - Reserves; Federation Cup Reserves,16,13,1233,2,3,1,0,0,false
ZNQO5LeMgd,2026,Salisbury Inter,Federation Cup Reserves; HPG Homes State League 2 North - Reserves; HPG Homes State League 2 North,16,16,1461,0,0,0,0,0,false
ZNQO5LxGGd,2025,Fulham United,Reserves; Senior Men's Trials; HPG Homes State League 1 Reserves; HPG Homes State League 1; Australia Cup SA Preliminary Rounds,24,12,1172,8,1,0,0,0,false
ZNQO5LxGGd,2026,Adelaide Atletico VSC,Hahn Australia Cup SA Preliminary Rounds; HPG Homes State League 1,26,20,2081,9,4,0,0,0,false
ZNQO5Z2exd,2025,Salisbury United,Nova Under 16's YPL C Mixed; U16 Carl's Jr. Youth Premier Cup; HPG Homes State League 1 Under 18's,24,17,1570,1,2,0,0,0,false
ZNQO5Z2exd,2026,Salisbury United,HPG Homes State League 1 Under 18's; HPG Homes State League 1 Reserves; Federation Cup U18's; Federation Cup Reserves; Under 17's B Mixed,23,18,2250,0,6,1,0,0,false
ZNQO5nl2jd,2025,Adelaide University,Under 16 Trials; Nova Under 16's YPL C Mixed; U16 Carl's Jr. Youth Premier Cup,21,21,1965,1,1,0,0,0,false
ZNQO5nl2jd,2026,Plympton FC,Reserves; HPG Homes State League 2 South - Under 18's; Under 17's A Mixed; U17 Carl's Jr. Youth Premier Cup,17,15,1420,0,2,0,0,0,false
ZNQO5zkXWd,2023,Modbury Jets,Under 15's JPL B; U15 Carl's Junior Boys Cup,12,8,700,0,0,0,0,0,false
ZNQO5zkXWd,2024,Adelaide Comets,Under 17 JPL C; U17 Carl's Junior Boys Cup,19,17,1530,3,3,0,0,0,false
ZNQO5zkXWd,2025,Para Hills Knights,Under 18's; RAA NPL Under 18's; Federation Cup U18's; RAA NPL Reserves; Nova Under 17's YPL B Mixed,31,20,1891,3,4,0,0,0,false
ZNQO5zkXWd,2026,Barossa United,Federation Cup U18's; Federation Cup Reserves; HPG Homes State League 2 North - Reserves; HPG Homes State League 2 North; HPG Homes State League 2 North - Under 18's,21,18,1725,1,4,0,0,0,false
ZNQOE95MJd,2026,Port Adelaide,Federation Cup U18's; Under 18's; HPG Homes State League 2 North - Under 18's,15,15,1410,5,0,0,0,0,false
ZNQOERJGgd,2026,Adelaide Croatia Raiders,HPG Homes State League 1,17,17,1802,1,0,0,0,0,false
ZNQOERJvOd,2026,,,0,0,0,0,0,0,0,0,false
ZNQOERoRGd,2026,Port Adelaide,Federation Cup Reserves; Senior Men's Trials; HPG Homes State League 2 North - Reserves; HPG Homes State League 2 (Reserves) Final Series,23,22,2064,9,6,0,0,0,false
ZNQOGZjZWd,2025,Salisbury Inter,Nova Under 17's YPL B Mixed; HPG Homes State League 2 North - Under 18's; U17 Carl's Jr. Youth Premier Cup; HPG Homes State League 2 North - Reserves,21,15,1444,6,0,0,0,0,false
ZNQOGZjZWd,2026,Elizabeth Downs Soccer Club,Under 18's; Reserves; Federation Cup U18's; Federation Cup Reserves; HPG Homes State League 2 North - Under 18's; HPG Homes State League 2 North - Reserves,21,17,1633,1,2,0,0,0,false
ZNQOLRGYAd,2024,Plympton FC,Under 15 JSL A; U15 Carl's Junior Boys Cup,22,21,1880,1,0,0,0,0,false
ZNQOLRGYAd,2025,Plympton FC,Nova Under 16's YSL A Mixed; U16 Carl's Jr. Youth Premier Cup; Under 16 YSL Bottom Half,17,17,1600,2,0,0,0,0,false
ZNQOLRGYAd,2026,Plympton FC,Federation Cup U18's; Reserves; HPG Homes State League 2 South - Under 18's; Under 17's A Mixed,20,10,1070,4,0,0,0,0,false
ZNQOQ8gPAd,2026,Cumberland United,Federation Cup U18's; HPG Homes State League 1 Under 18's,13,13,1560,2,0,0,0,0,false
ZNQOQAVzOd,2026,Adelaide Olympic,HPG Homes State League 1 Under 18's; Federation Cup U18's,26,12,1440,8,1,0,0,0,false
ZNQOQBJpMd,2026,Adelaide Croatia Raiders,Nova Under 16's YPL A Mixed; U16 Carl's Jr. Youth Premier Cup; HPG Homes State League 1 Under 18's,34,25,2475,6,5,0,0,0,false
ZNQOQGZ6Ad,2026,Cove FC,Federation Cup U18's; HPG Homes State League 1 Under 18's; Under 17's B Mixed,24,15,1800,0,0,0,0,0,false
ZNQOQMEPOd,2026,Pontian Eagles,Nova Under 15's YPL C  North Mixed; U16 Carl's Jr. Youth Premier Cup; Nova Under 16's YPL C North Mixed; HPG Homes State League 2 North - Under 18's,35,34,3200,1,0,0,0,1,true
ZNQOQO9Grd,2023,Football SA State Squads,Under 14's JPL A; U14 Carl's Junior Boys Cup; Under 15's JPL A,13,11,950,1,0,0,0,0,false
ZNQOQO9Grd,2024,MetroStars,Under 14 Trials; Under 14 JPL A; U14 Carl's Junior Boys Cup; Under 14 JSL A; Under 14 Trials - No Match Officials,24,17,1515,0,0,0,0,0,false
ZNQOQO9Grd,2025,MetroStars,Nova Under 15's YPL A Mixed; U15 Carl's Jr. Youth Premier Cup,22,11,1030,0,1,0,0,0,false
ZNQOQO9Grd,2026,Vipers FC,Under 16 Trials - No Match Officials; Under 16 Trials; Under 15 Trials; Nova Under 16's YPL A Mixed; U16 Carl's Jr. Youth Premier Cup; HPG Homes State League 2 South - Under 18's,35,5,470,3,2,0,0,0,false
ZNQOQQ35Wd,2023,Adelaide City,Under 17's JPL A; Federation Cup U18's; RAA NPL Under 18's,22,13,1200,1,4,1,0,0,false
ZNQOQQ35Wd,2024,Adelaide Victory,State League 1 Under 18's; Federation Cup U18's; State League 1 Reserves; Federation Cup Reserves; State League 1,26,20,1939,0,4,0,0,0,false
ZNQOQQ35Wd,2025,Adelaide Atletico VSC,Reserves; HPG Homes State League 2 North - Reserves; Federation Cup Reserves; HPG Homes State League 2 (Reserves) Final Series,27,24,2356,2,5,0,0,0,false
ZNQOQQ35Wd,2026,Adelaide Atletico VSC,HPG Homes State League 1 Reserves; Federation Cup Reserves; HPG Homes State League 1,20,14,1742,0,2,1,0,0,false
ZNQOQXG2xd,2026,Angle Vale,Senior Men's Trials; HPG Homes State League 2 North; HPG Homes State League 2 North - Reserves,12,1,361,1,2,0,0,0,false
ZNQOQZogMd,2026,Cumberland United,HPG Homes State League 1 Reserves,25,13,1415,6,0,0,0,0,false
ZNQOQab1Wd,2023,Seaford Rangers,State League 2 Under 18's; State League 2 Reserves; Federation Cup U18's; Under 17's JPL B; State League 2; 23 Reserves Trial Matches; 23 Senior Men's Trial Matches,45,35,4052,8,4,0,0,0,false
ZNQOQab1Wd,2024,Seaford Rangers,Reserves Trial Matches; Senior Men's Trial Matches; Federation Cup U18's; State League 2 Reserves; State League 2; State League 2 Under 18's,37,31,2527,5,0,0,0,0,false
ZNQOQab1Wd,2025,Seaford Rangers,Federation Cup Reserves; HPG Homes State League 2 South - Reserves; HPG Homes State League 2 South; Australia Cup SA Preliminary Rounds; HPG Homes State League 2 (Seniors) Final Series,24,14,1535,2,1,0,0,0,false
ZNQOQab1Wd,2026,Seaford Rangers,Hahn Australia Cup SA Preliminary Rounds; Federation Cup Reserves; Senior Men's Trials; HPG Homes State League 2 South; HPG Homes State League 2 South - Reserves; HPG Homes State League 2 (Seniors) Finals Series,19,5,1138,3,2,0,0,0,false
ZNQOQobWMd,2026,Elizabeth Downs Soccer Club,Under 18's; Federation Cup U18's; HPG Homes State League 2 North - Under 18's,17,5,510,0,4,0,0,1,true
ZNQOQobqWd,2026,Para Hills Knights; Adelaide Cobras,RAA NPL; Hahn Australia Cup SA Preliminary Rounds; HPG Homes State League 1,23,17,1704,1,2,0,0,0,false
ZNQOQoeqjd,2026,Elizabeth Downs Soccer Club,Reserves; HPG Homes State League 2 North - Reserves,9,9,707,1,0,1,0,0,false
ZNQOQvQ2Wd,2026,Elizabeth Grove,Federation Cup Reserves; HPG Homes State League 2 North - Reserves,13,10,956,1,0,0,0,0,false
ZNQOQvq03d,2026,Pontian Eagles,Federation Cup Reserves; HPG Homes State League 2 North - Reserves; HPG Homes State League 2 North; HPG Homes State League 2 (Reserves) Final Series,8,4,505,0,0,0,0,3,true
ZNQOQwR8gd,2026,Western Strikers,Federation Cup U18's; HPG Homes State League 2 South - Under 18's; HPG Homes State League 2 South - Reserves; HPG Homes State League 2 (18s) Final Series,22,15,1986,3,5,0,0,0,false
ZNQOQwp7Wd,2026,Adelaide Blue Eagles,HPG Homes State League 1 Under 18's; Federation Cup U18's; Federation Cup Reserves; HPG Homes State League 1 Reserves,23,11,1390,6,3,0,0,0,false
ZNQOoM5gMd,2026,Elizabeth Grove,HPG Homes State League 2 North - Reserves,4,4,363,4,4,1,0,0,false
ZNQOpD00Ad,2025,Ghan United,Nova Under 13's YSL D Mixed,5,1,75,0,0,0,0,0,false
ZNQOpD00Ad,2026,Ghan United,Under 15's YSL C Mixed; U15 Carl's Jr. Youth State Cup,16,2,190,0,0,0,0,0,false
ZNQOpgG1Md,2025,Western Strikers,HPG Homes State League 2 South - Reserves; HPG Homes State League 2 South; HPG Homes State League 2 (Seniors) Final Series,4,1,171,0,0,0,0,1,true
ZNQOpgG1Md,2026,Adelaide Titans Football Club,Hahn Australia Cup SA Preliminary Rounds; Federation Cup Reserves; HPG Homes State League 2 South; HPG Homes State League 2 South - Reserves,9,9,1080,0,1,0,0,1,true
ZNQOwoq73d,2026,Vipers FC,Federation Cup Reserves; HPG Homes State League 2 South; HPG Homes State League 2 (Seniors) Finals Series,18,15,1771,2,1,0,0,0,false
ZNQaW4vgMN,2024,Modbury Jets,Under 14 Trials; Reserves WNPL & WSL Trials; Under 14 JPL B; Under 14 JSL A; U14 Carl's Junior Boys Cup; Under 15 JSL A,32,22,1970,15,1,0,0,0,false
ZNQaW4vgMN,2025,Modbury Jets,Under 16 Trials - No Match Officials; Nova Under 15's YPL A Mixed; Nova Under 16's YPL A Mixed; U15 Carl's Jr. Youth Premier Cup; Nova Under 17's YPL A Mixed,30,21,1980,12,0,0,0,0,false
ZNQaW4vgMN,2026,Modbury Jets,Under 16 Trials - No Match Officials; Nova Under 16's YPL B Mixed; U16 Carl's Jr. Youth Premier Cup; HPG Homes State League 1 Under 18's,33,27,2535,19,2,0,0,0,false
ZNQaYDygrN,2024,Adelaide Titans Football Club,Australia Cup SA Preliminary Rounds,1,1,73,0,0,0,0,0,false
ZNQaYDygrN,2025,Adelaide Titans Football Club,HPG Homes State League 2 South; Australia Cup SA Preliminary Rounds,22,14,1301,3,1,0,0,0,false
ZNQaYDygrN,2026,Adelaide Titans Football Club,Hahn Australia Cup SA Preliminary Rounds; Senior Men's Trials; HPG Homes State League 2 South,18,15,1073,4,2,0,0,0,false
ZNQaYVkJJN,2024,Pitbulls Football Club,Australia Cup SA Preliminary Rounds,1,0,53,0,0,0,0,0,false
ZNQaYVkJJN,2025,Adelaide Titans Football Club,Reserves; Federation Cup Reserves; HPG Homes State League 2 South; Australia Cup SA Preliminary Rounds,19,16,1487,1,5,0,0,0,false
ZNQaYVkJJN,2026,Adelaide Titans Football Club,Hahn Australia Cup SA Preliminary Rounds; Senior Men's Trials; HPG Homes State League 2 South; HPG Homes State League 2 South - Reserves,6,6,594,0,3,0,0,0,false
ZNQx2JQgmx,2023,Sturt Lions,Under 16 Trials; Under 16's JPL A; Under 16's JSL A; U16 Carl's Junior Boys Cup; U16 JPL A - Bottom Half; Under 16's JSL B; U18 Trial Matches,26,25,2040,1,1,0,0,0,false
ZNQx2JQgmx,2024,Sturt Lions,U18 Trial Matches; State League 1 Under 18's; Federation Cup U18's; Under 17 JPL B,34,26,2190,1,4,0,0,0,false
ZNQx2JQgmx,2025,Sturt Lions,Under 18's; HPG Homes State League 1 Under 18's; Federation Cup U18's; Federation Cup Reserves; HPG Homes State League 1 Reserves,27,26,2610,1,2,0,0,0,false
ZNQx2JQgmx,2026,South Adelaide,Hahn Australia Cup SA Preliminary Rounds; HPG Homes State League 1 Reserves; HPG Homes State League 1,23,18,2145,1,3,0,0,0,false
ZNQx7DGMmx,2024,Playford City,Reserves Trial Matches; Senior Men's Trial Matches; Australia Cup SA Preliminary Rounds; State League 1 Reserves; State League 1; Federation Cup Reserves,27,26,2357,0,2,0,0,6,true
ZNQx7DGMmx,2026,Salisbury United,Hahn Australia Cup SA Preliminary Rounds; HPG Homes State League 1,13,13,1560,0,0,0,0,2,true
ZNQxBQ7xmx,2023,Playford City,Under 14's JPL B; Under 15's JPL B; Under 13's JPL B; U14 Carl's Junior Boys Cup,21,11,950,0,1,0,0,0,false
ZNQxBQ7xmx,2026,Elizabeth Downs Soccer Club,HPG Homes State League 2 North - Under 18's; U16 Carl's Jr. Youth Premier Cup; Nova Under 16's YPL C North Mixed; Federation Cup U18's,22,14,1330,4,1,0,0,0,false
ZNQxBQyxmx,2023,Adelaide City; Cumberland United,Under 15's JSL A; Under 16's JSL A; U15 Carl's Junior Boys Cup; Under 15's JPL A,25,18,1610,10,0,0,0,0,false
ZNQxBQyxmx,2024,Cumberland United,Under 16 Trials; Under 16 JPL A; Under 16 JSL A; U16 Carl's Junior Boys Cup; Under 17 JPL A,31,15,1330,14,0,0,0,0,false
ZNQxBQyxmx,2025,Cumberland United,Under 17 Trials; Under 17 Trials - No Match Officials; Nova Under 17's YPL A Mixed; U17 Carl's Jr. Youth Premier Cup,22,22,2010,11,0,0,0,0,false
ZNQxBQyxmx,2026,Plympton FC,Federation Cup U18's; Reserves; HPG Homes State League 2 South - Under 18's; HPG Homes State League 2 South - Reserves; HPG Homes State League 2 South,29,20,2686,3,1,0,0,0,false
ZNQxV96rmx,2023,West Adelaide,RAA NPL Under 18's; Federation Cup U18's,22,19,2280,0,2,0,0,0,false
ZNQxV96rmx,2024,West Adelaide,Reserves Trial Matches; State League 1 Under 18's; Federation Cup U18's; State League 1; State League 1 Reserves,21,17,1605,4,3,1,0,0,false
ZNQxV96rmx,2025,West Adelaide,Reserves; HPG Homes State League 1 Reserves; Federation Cup Reserves,19,17,1666,2,5,0,0,0,false
ZNQxV96rmx,2026,Pontian Eagles,Hahn Australia Cup SA Preliminary Rounds; HPG Homes State League 2 North; HPG Homes State League 2 (Seniors) Finals Series,18,18,1717,1,4,0,0,0,false
ZNQxWZJrmx,2023,South Adelaide,Under 16's JPL B; U16 Carl's Junior Boys Cup; RAA NPL Under 18's; U18 Trial Matches,21,19,1600,8,1,0,0,0,false
ZNQxWZJrmx,2024,South Adelaide,RAA NPL Under 18's; Federation Cup U18's; Under 17 JPL B,22,22,2010,4,2,0,0,0,false
ZNQxWZJrmx,2025,South Adelaide,Under 18's; HPG Homes State League 1 Under 18's; Federation Cup U18's; Federation Cup Reserves; HPG Homes State League 1 Reserves; HPG Homes State League 1,30,24,2194,5,2,0,0,0,false
ZNQxWZJrmx,2026,South Adelaide,HPG Homes State League 1; HPG Homes State League 1 Reserves; Federation Cup Reserves,21,16,1770,0,3,0,0,0,false
ZNQxX0nrmx,2023,Campbelltown City,Under 14 Trials; Under 14's JSL A; U14 Carl's Junior Boys Cup,19,18,1350,3,1,0,0,0,false
ZNQxX0nrmx,2024,Campbelltown City,Under 15 Trials; Under 15 JPL A; U15 Carl's Junior Boys Cup,26,19,1680,0,2,0,0,0,false
ZNQxX0nrmx,2025,Campbelltown City,Under 16 Trials; Nova Under 16's YPL A Mixed; U16 Carl's Jr. Youth Premier Cup,31,6,525,1,3,0,0,0,false
ZNQxX0nrmx,2026,Eastern United,Federation Cup U18's; HPG Homes State League 1 Under 18's,18,14,1680,0,4,1,0,0,false
ZNQxXvn3mx,2023,South Adelaide,RAA NPL; Australia Cup SA Preliminary Rounds,13,10,460,3,0,0,0,0,false
ZNQxXvn3mx,2026,Whyalla Lions FC; Northern Demons,Hahn Australia Cup SA Preliminary Rounds; HPG Homes State League 2 North,8,7,734,6,1,0,0,0,false
ZNQxoj7Amx,2023,South Adelaide,RAA NPL Under 18's; RAA NPL Reserves; Federation Cup U18's; 23 Reserves Trial Matches,24,17,2131,5,1,0,0,0,false
ZNQxoj7Amx,2025,South Adelaide,HPG Homes State League 1 Reserves; Federation Cup Reserves,18,14,1293,2,2,0,0,0,false
ZNQxoj7Amx,2026,,,0,0,0,0,0,0,0,0,false
ZNQxvMLxmx,2024,Adelaide Cobras,Senior Men's Trial Matches; Australia Cup SA Preliminary Rounds; State League 1; State League 1 Reserves; Senior Men's Trials,20,11,1009,2,4,0,0,0,false
ZNQxvMLxmx,2025,Adelaide University,Senior Men's Trials; HPG Homes State League 2 South; Australia Cup SA Preliminary Rounds; HPG Homes State League 2 (Seniors) Final Series,28,28,2621,0,7,0,0,0,false
ZNQxvMLxmx,2026,Adelaide University,Senior Men's Trials; Hahn Australia Cup SA Preliminary Rounds; HPG Homes State League 2 South,20,20,2370,6,3,0,0,0,false
am146QBvkd,2026,Fulham United,HPG Homes State League 1 Reserves; HPG Homes State League 1; Senior Men's Trials,8,4,656,0,0,0,0,0,false
am14G0pajd,2026,Adelaide Titans Football Club,HPG Homes State League 2 South - Reserves,11,9,943,2,5,0,0,0,false
am14G4bgrd,2024,Modbury Vista,Under 17 JPL B; U17 Carl's Junior Boys Cup; Under 16 JPL B,16,10,900,4,1,1,0,0,false
am14G4bgrd,2025,Modbury Vista,Under 18's; HPG Homes State League 2 North - Under 18's; Federation Cup U18's; HPG Homes State League 2 North - Reserves; HPG Homes State League 2 (18s) Final Series,24,18,1740,9,1,0,0,0,false
am14G4bgrd,2026,Modbury Vista,Federation Cup Reserves; Reserves; HPG Homes State League 2 North - Reserves; HPG Homes State League 2 North - Under 18's; HPG Homes State League 2 (Reserves) Final Series; HPG Homes State League 2 (18s) Final Series,20,13,1084,6,1,0,0,0,false
am14G5gDZd,2026,Port Adelaide,Federation Cup Reserves; HPG Homes State League 2 North - Reserves,6,3,346,0,0,1,0,0,false
am14G73xkd,2026,Modbury Vista,Federation Cup U18's; Federation Cup Reserves; Under 18's; Reserves; HPG Homes State League 2 North - Under 18's; HPG Homes State League 2 North - Reserves; HPG Homes State League 2 North; HPG Homes State League 2 (Reserves) Final Series; HPG Homes State League 2 (18s) Final Series,23,18,1816,0,1,1,0,8,true
am14GV68nd,2026,Cumberland United,HPG Homes State League 1 Reserves,22,17,1886,6,0,0,0,0,false
am14GegYrd,2026,Vipers FC,Federation Cup Reserves; HPG Homes State League 2 South - Reserves; HPG Homes State League 2 (Reserves) Final Series,21,11,1626,4,4,1,0,0,false
am14GegvWd,2026,Vipers FC,Hahn Australia Cup SA Preliminary Rounds; Senior Men's Trials; HPG Homes State League 2 South; HPG Homes State League 2 (Seniors) Finals Series,22,18,1741,0,0,0,0,0,false
am14GgVAkd,2023,Cumberland United,Under 14 Trials; Under 14's JSL A; Under 14's JPL A; U14 Carl's Junior Boys Cup; Under 15's JSL A; Under 15's JPL A,24,14,1030,14,0,0,0,0,false
am14GgVAkd,2024,Cumberland United,Under 15 Trials; Under 15 JPL A; Under 15 JSL A; U15 Carl's Junior Boys Cup; Under 16 JPL A,27,13,1150,4,2,1,0,0,false
am14GgVAkd,2025,Cumberland United,Under 16 Trials; Nova Under 16's YPL A Mixed; U16 Carl's Jr. Youth Premier Cup,26,21,1950,7,1,0,0,0,false
am14GgVAkd,2026,Cove FC,Federation Cup U18's; HPG Homes State League 1 Under 18's; Under 17's B Mixed; HPG Homes State League 1 Reserves,26,18,2160,6,1,0,0,0,false
am14Gl8ond,2026,Cumberland United,Nova Under 16's YPL A Mixed; Under 18's; U16 Carl's Jr. Youth Premier Cup; HPG Homes State League 1 Under 18's,39,31,3065,10,7,0,0,0,false
am14Gn7Okd,2023,Vipers FC,State League 1 Reserves; Federation Cup Reserves,16,0,773,0,0,0,0,0,false
am14Gn7Okd,2025,Salisbury United,HPG Homes State League 1 Reserves; Federation Cup Reserves,21,8,790,5,1,0,0,0,false
am14Gn7Okd,2026,Elizabeth Downs Soccer Club,Reserves; Senior Men's Trials; Federation Cup Reserves; HPG Homes State League 2 North - Reserves,21,15,1426,5,2,0,0,0,false
am14Gn7bnd,2023,Modbury Vista,Under 15's JPL B; U15 Carl's Junior Boys Cup; Under 16's JSL B; U15 JPL B - Bottom Half,18,16,1430,2,0,0,0,0,false
am14Gn7bnd,2024,Modbury Vista,Under 16 Trials - No Match Officials; Under 16 JPL B; U16 Carl's Junior Boys Cup,23,21,1970,0,0,0,0,0,false
am14Gn7bnd,2025,Para Hills Knights,Under 17 Trials; RAA NPL Under 18's; U17 Carl's Jr. Youth Premier Cup; Nova Under 17's YPL B Mixed; Federation Cup U18's,24,17,1500,3,1,0,0,0,false
am14Gn7bnd,2026,Eastern United,Federation Cup U18's; HPG Homes State League 1 Under 18's; HPG Homes State League 1 Reserves,21,18,2160,1,2,0,0,0,false
am14GoR2kd,2026,Salisbury United,Nova Under 16's YPL B Mixed; U16 Carl's Jr. Youth Premier Cup; HPG Homes State League 1 Under 18's,31,25,2400,0,1,0,0,0,false
am14J1kgzd,2026,Vipers FC,Hahn Australia Cup SA Preliminary Rounds; HPG Homes State League 2 South,17,17,1856,0,4,0,0,0,false
am14JD466d,2026,Western Strikers,Federation Cup U18's; HPG Homes State League 2 South - Under 18's; HPG Homes State League 2 South - Reserves,12,4,525,1,1,0,0,0,false
am14JG38Xd,2026,Cumberland United,Hahn Australia Cup SA Preliminary Rounds; HPG Homes State League 1,26,26,3120,3,6,1,0,0,false
am14JG6oAd,2023,Modbury Jets,RAA NPL; Australia Cup SA Preliminary Rounds,27,22,1133,9,0,0,0,0,false
am14JG6oAd,2024,Adelaide Croatia Raiders,Senior Men's Trial Matches; RAA NPL; Australia Cup SA Preliminary Rounds,24,21,1804,6,1,0,0,0,false
am14JG6oAd,2025,Adelaide Croatia Raiders,RAA NPL; Australia Cup SA Preliminary Rounds; RAA NPL Reserves,25,13,1165,10,0,0,0,0,false
am14JG6oAd,2026,Adelaide Olympic,HPG Homes State League 1 Reserves; HPG Homes State League 1,20,4,951,2,2,0,0,0,false
am14bL5wkd,2025,Northern Demons,Nova Under 15's YSL C Mixed; U15 Carl's Jr. Youth State Cup,16,14,1330,5,0,0,0,1,true
am14bL5wkd,2026,Northern Demons,Under 15's YSL C Mixed; Federation Cup U18's; U15 Carl's Jr. Youth State Cup,22,21,2020,44,2,0,0,0,true
am14gBYeXd,2025,Modbury Jets,Nova Under 15's YSL B Mixed; U15 Carl's Jr. Youth State Cup; Nova Under 17's YPL A Mixed,29,21,1995,4,2,0,0,0,false
am14gBYeXd,2026,Modbury Jets,Under 16 Trials - No Match Officials; Federation Cup U18's; Nova Under 16's YPL B Mixed; U16 Carl's Jr. Youth Premier Cup; HPG Homes State League 1 Under 18's; HPG Homes State League 1 Reserves; Senior Men's Trials,34,23,2288,2,4,0,0,0,false
am14p2y7Ad,2025,Playford City,Reserves; RAA NPL Reserves; Federation Cup Reserves; RAA NPL,24,23,2043,3,2,0,0,0,false
am14p2y7Ad,2026,Fulham United,HPG Homes State League 1 Reserves; HPG Homes State League 1; Senior Men's Trials,10,8,765,1,0,0,0,0,false
am14p49Vjd,2023,FK Beograd,RAA NPL Reserves; Federation Cup Reserves; RAA NPL,24,17,1563,2,1,0,0,0,false
am14p49Vjd,2024,FK Beograd; Para Hills Knights,Reserves Trial Matches; Senior Men's Trial Matches; RAA NPL Reserves,12,6,187,0,0,0,0,0,false
am14p49Vjd,2025,Para Hills Knights,Reserves; RAA NPL Reserves; Federation Cup Reserves,20,14,1189,3,1,0,0,0,false
am14p49Vjd,2026,Port Adelaide,Hahn Australia Cup SA Preliminary Rounds; Senior Men's Trials; HPG Homes State League 2 North; HPG Homes State League 2 North - Reserves,21,9,955,3,0,0,0,0,false
am14p4qDZd,2025,Gawler Eagles,Reserves; HPG Homes State League 2 North - Reserves; Federation Cup Reserves; HPG Homes State League 2 North,18,9,822,1,3,1,0,0,false
am14pGoeXd,2023,Vipers FC,Under 14's JSL B; Under 16's JPL B; Under 15's JPL B; U14 Carl's Junior Boys Cup; Under 14's JPL A; U15 JPL B - Bottom Half,38,19,1540,32,0,0,0,0,true
am14pGoeXd,2024,Vipers FC,Under 15 Trials; Under 16 Trials - No Match Officials; Under 15 JSL A; U15 Carl's Junior Boys Cup; Under 16 JSL B,22,18,1610,16,1,0,0,0,false
am14pGoeXd,2025,Vipers FC,Under 16 Trials; Nova Under 16's YPL A Mixed; U16 Carl's Jr. Youth Premier Cup,28,8,730,1,1,0,0,0,false
am14pGoeXd,2026,Vipers FC,Under 18's; HPG Homes State League 2 South - Under 18's; Under 17's A Mixed; HPG Homes State League 2 (18s) Final Series,23,20,2370,1,4,0,0,0,false
am14pGov6d,2025,Vipers FC,HPG Homes State League 1; Australia Cup SA Preliminary Rounds; HPG Homes State League 1 Reserves,15,12,1041,1,4,1,0,0,false
am14pGov6d,2026,Vipers FC,Hahn Australia Cup SA Preliminary Rounds; Senior Men's Trials; HPG Homes State League 2 South; HPG Homes State League 2 South - Reserves,17,8,1218,0,0,0,0,0,false
am14pJDg6d,2025,Vipers FC; Fulham United,HPG Homes State League 1; Australia Cup SA Preliminary Rounds; HPG Homes State League 1 Reserves,25,13,1207,6,4,0,0,0,false
am14pJDg6d,2026,Modbury Jets,Hahn Australia Cup SA Preliminary Rounds; HPG Homes State League 1; Senior Men's Trials,26,19,2091,11,1,0,0,0,false
am14pPD6kd,2025,Gawler Eagles,Senior Men's Trials; HPG Homes State League 2 North; Australia Cup SA Preliminary Rounds; HPG Homes State League 2 (Seniors) Final Series,21,21,1844,7,8,1,0,0,false
am14pPD6kd,2026,Gawler Eagles,Hahn Australia Cup SA Preliminary Rounds; Senior Men's Trials; HPG Homes State League 2 North,20,17,1365,1,8,0,0,0,false
am14zV86qd,2026,Angle Vale,HPG Homes State League 2 North - Under 18's,14,14,1260,0,0,0,0,0,false
am14zjgyrd,2026,,,0,0,0,0,0,0,0,0,false
am1Q34AAmw,2023,Adelaide Cobras,State League 1 Reserves; State League 1,16,15,1514,2,5,1,0,0,false
am1Q34AAmw,2024,Adelaide Cobras,Reserves Trial Matches; State League 1 Reserves; Federation Cup Reserves; Australia Cup SA Preliminary Rounds,19,17,1186,0,4,0,0,0,false
am1Q34AAmw,2025,Adelaide Cobras,Reserves; HPG Homes State League 1 Reserves; HPG Homes State League 1,10,8,755,0,2,0,0,0,false
am1Q34AAmw,2026,Adelaide Titans Football Club,Hahn Australia Cup SA Preliminary Rounds; Senior Men's Trials; HPG Homes State League 2 South,16,14,1575,1,4,0,0,0,false
am1Q6EWqmw,2023,MetroStars,Under 14 Trials; Under 14's JSL A; U14 Carl's Junior Boys Cup; Under 15's JSL A,21,16,1190,1,1,0,0,0,false
am1Q6EWqmw,2024,Adelaide Victory,U18 Trial Matches; State League 1 Under 18's; Under 17 JPL B; U17 Carl's Junior Boys Cup,23,18,1610,0,1,0,0,0,true
am1Q6EWqmw,2025,Adelaide Atletico VSC,Under 18's; HPG Homes State League 2 North - Under 18's; Federation Cup U18's; HPG Homes State League 2 North - Reserves; Nova Under 17's YPL B Mixed; HPG Homes State League 2 (Reserves) Final Series; Nova Under 16's YPL C Mixed,38,31,2939,3,3,0,0,0,true
am1Q6EWqmw,2026,Adelaide Atletico VSC,HPG Homes State League 1 Under 18's; Federation Cup U18's; HPG Homes State League 1 Reserves,20,16,1975,0,8,0,0,0,false
am1Q6r3jmw,2023,Mount Barker United,Federation Cup Reserves; State League 2; Senior Men's Trials; 23 Senior Men's Trial Matches,25,23,200,1,7,0,0,0,false
am1Q6r3jmw,2024,Mount Barker United,Senior Men's Trial Matches; Australia Cup SA Preliminary Rounds; State League 2 Reserves; State League 2,14,13,1134,0,2,0,0,0,false
am1Q6r3jmw,2025,Mount Barker United,Senior Men's Trials; HPG Homes State League 2 South; Australia Cup SA Preliminary Rounds,26,24,2200,0,4,0,0,0,false
am1Q6r3jmw,2026,Mount Barker United,Hahn Australia Cup SA Preliminary Rounds; Senior Men's Trials; HPG Homes State League 2 South; HPG Homes State League 2 South - Reserves,21,21,2342,0,2,0,0,0,false
am1QLVGjmw,2023,Pontian Eagles; Adelaide University,State League 2; 23 Senior Men's Trial Matches,15,14,388,0,8,0,0,0,false
am1QLVGjmw,2024,Adelaide University; Eastern United,Senior Men's Trial Matches; State League 2; Federation Cup Reserves,24,22,1628,4,7,0,0,0,false
am1QLVGjmw,2025,Eastern United,HPG Homes State League 2 South; HPG Homes State League 2 (Seniors) Final Series,18,18,1375,8,2,0,0,0,false
am1QLVGjmw,2026,Northern Demons,Hahn Australia Cup SA Preliminary Rounds; HPG Homes State League 2 North,19,19,1734,5,4,0,0,0,false
am1QX9lqmw,2023,Salisbury United,State League 2,24,22,952,6,3,1,0,0,false
am1QX9lqmw,2024,Salisbury United,Senior Men's Trial Matches; Australia Cup SA Preliminary Rounds; State League 1,27,26,1957,2,1,0,0,0,false
am1QX9lqmw,2025,Salisbury United,Senior Men's Trials; HPG Homes State League 1; Australia Cup SA Preliminary Rounds,28,23,2125,3,4,0,0,0,false
am1QX9lqmw,2026,Salisbury United,Hahn Australia Cup SA Preliminary Rounds; HPG Homes State League 1,24,16,1606,2,1,0,0,0,false
am1QZlrkmw,2023,Adelaide Comets,Under 13 Trials; Under 13's JPL A; U13 Carl's Junior Boys Cup; Under 12's JPL Yellow; Under 12 JPL A,31,24,1760,9,1,0,0,0,false
am1QZlrkmw,2024,Vipers FC,Under 13 JPL A; U13 Carl's Junior Boys Cup; Under 14 JPL A,26,24,1890,2,4,1,0,0,false
am1QZlrkmw,2025,Vipers FC,Under 14 Trials; Under 15 Trials; U14 Carl's Jr. Youth Premier Cup; Nova Under 14's YPL A Mixed; Nova Under 15's YPL A Mixed,33,27,2175,2,3,0,0,0,false
am1QZlrkmw,2026,Vipers FC,Under 16 Trials - No Match Officials; Under 15 Trials - No Match Officials; Under 15 Trials; Nova Under 15's YPL A Mixed; U15 Carl's Jr. Youth Premier Cup; Nova Under 16's YPL A Mixed; HPG Homes State League 2 South - Under 18's; HPG Homes State League 2 South - Reserves; Under 17's A Mixed,33,18,1740,2,3,0,0,0,false
am1QZyRkmw,2023,Adelaide Croatia Raiders,Under 15's JPL A; Under 15's JSL A; U15 Carl's Junior Boys Cup; Under 17's JPL A; U16 JPL A - Bottom Half,27,23,2050,0,1,1,0,0,false
am1QZyRkmw,2024,Adelaide Croatia Raiders,RAA NPL Under 18's; Under 16 JPL A; U16 Carl's Junior Boys Cup,27,22,1940,1,2,0,0,0,false
am1QZyRkmw,2025,Adelaide Croatia Raiders,Under 18's; RAA NPL Under 18's; Federation Cup U18's,25,12,1230,3,2,0,0,0,false
am1QZyRkmw,2026,Adelaide Croatia Raiders,HPG Homes State League 1 Under 18's; Federation Cup U18's; Federation Cup Reserves; HPG Homes State League 1 Reserves,20,15,1753,1,3,0,0,0,false
am1Qa6Lnmw,2023,Playford City,State League 1 Reserves; Federation Cup Reserves; State League 1,28,22,1955,9,6,1,0,0,false
am1Qa6Lnmw,2024,Playford City,Australia Cup SA Preliminary Rounds; Reserves Trial Matches; State League 1 Reserves; State League 1,27,14,1375,2,2,0,0,0,false
am1Qa6Lnmw,2025,Salisbury Inter,Senior Men's Trials; HPG Homes State League 2 North; Australia Cup SA Preliminary Rounds,17,5,696,0,0,0,0,0,false
am1Qa6Lnmw,2026,Salisbury Inter,Hahn Australia Cup SA Preliminary Rounds; Senior Men's Trials; HPG Homes State League 2 North - Reserves; HPG Homes State League 2 North; HPG Homes State League 2 (Seniors) Finals Series,21,10,1091,5,2,0,0,0,false
am1Qe2aAmw,2023,South Adelaide,Under 17's JPL B; Under 16's JPL B; U17 Carl's Junior Boys Cup,17,13,1150,0,0,0,0,0,false
am1Qe2aAmw,2024,South Adelaide,Under 17 Trials; Under 17 JPL B; U17 Carl's Junior Boys Cup,21,21,1870,3,0,0,0,0,false
am1Qe2aAmw,2025,Seaford Rangers,Under 18's; HPG Homes State League 2 South - Under 18's; Federation Cup U18's; HPG Homes State League 2 South - Reserves; HPG Homes State League 2 (18s) Final Series,25,12,1158,2,0,0,0,0,false
am1Qe2aAmw,2026,Plympton FC,Federation Cup Reserves; Reserves; HPG Homes State League 2 South - Reserves; HPG Homes State League 2 South,22,20,2226,0,0,0,0,0,false
am1Qwk2zmw,2023,Sturt Lions,RAA NPL Reserves; Federation Cup Reserves,22,12,1883,2,3,0,0,0,false
am1Qwk2zmw,2024,Adelaide Hills Hawks,Senior Men's Trial Matches; Australia Cup SA Preliminary Rounds; State League 2,25,25,1998,4,7,0,0,0,false
am1Qwk2zmw,2025,Eastern United,Senior Men's Trials; HPG Homes State League 2 South; Australia Cup SA Preliminary Rounds; HPG Homes State League 2 South - Reserves; HPG Homes State League 2 (Seniors) Final Series,26,20,1633,4,7,0,0,0,false
am1Qwk2zmw,2026,Noarlunga United,Hahn Australia Cup SA Preliminary Rounds; HPG Homes State League 2 South; Senior Men's Trials,20,20,2279,1,8,0,0,0,false
am1bQn7ZNw,2023,Adelaide Blue Eagles,Under 15's JPL B; U15 Carl's Junior Boys Cup; U15 JPL B - Bottom Half; U16 JPL A - Bottom Half; Under 17's JPL A; U18 Trial Matches,18,18,1610,3,0,0,0,0,false
am1bQn7ZNw,2024,Adelaide Blue Eagles,U18 Trial Matches; State League 1 Under 18's; Federation Cup U18's; Under 16 JPL B,28,19,1620,1,0,0,0,0,false
am1bQn7ZNw,2025,Adelaide Blue Eagles,HPG Homes State League 1 Under 18's; Federation Cup U18's; HPG Homes State League 1 Reserves,20,11,1024,0,0,0,0,0,false
am1bQn7ZNw,2026,Adelaide Blue Eagles,HPG Homes State League 1 Reserves; Federation Cup Reserves,14,3,800,0,0,0,0,0,false
am1n7ZVPzN,2024,Adelaide University,Federation Cup Reserves; State League 2 Reserves,18,11,1174,15,3,1,0,0,false
am1n7ZVPzN,2026,Ghan United,Hahn Australia Cup SA Preliminary Rounds; Senior Men's Trials; HPG Homes State League 2 South; HPG Homes State League 2 (Seniors) Finals Series,21,8,1372,5,3,0,0,0,false
am1nLV0WAN,2024,Para Hills Knights,Under 15 Trials - No Match Officials; Under 14 JPL C; Under 14 JSL B; Under 15 JSL A; U14 Carl's Junior Boys Cup; U15 Carl's Junior Boys Cup,30,11,890,2,1,0,0,0,false
am1nLV0WAN,2025,Para Hills Knights,Under 15 Trials; Nova Under 15's YPL B Mixed; U15 Carl's Jr. Youth Premier Cup; Nova Under 16's YPL B Mixed,34,22,2045,0,0,0,0,0,false
am1nLV0WAN,2026,Gawler Eagles,Under 16 Trials; Federation Cup U18's; Under 18's; Reserves; HPG Homes State League 2 North - Under 18's; HPG Homes State League 2 North - Reserves,23,18,1668,0,0,0,0,0,false
am1nX4oljN,2023,Cumberland United,State League 1 Reserves,15,10,1086,0,3,0,0,0,false
am1nX4oljN,2024,MetroStars,Reserves Trial Matches; RAA NPL Reserves; Federation Cup Reserves,18,8,666,0,0,0,0,0,false
am1nX4oljN,2025,Gawler Eagles,Reserves; HPG Homes State League 2 North - Reserves; Federation Cup Reserves,22,20,1796,0,1,0,0,0,false
am1nX4oljN,2026,Angle Vale,HPG Homes State League 2 North; HPG Homes State League 2 North - Reserves,16,9,1011,0,0,0,0,0,false
am1nwow0jN,2024,,,0,0,0,0,0,0,0,0,false
am1nwow0jN,2025,Mount Barker United,Senior Men's Trials; Reserves; HPG Homes State League 2 South; Australia Cup SA Preliminary Rounds; Federation Cup Reserves; HPG Homes State League 2 South - Reserves; HPG Homes State League 2 (Reserves) Final Series,27,23,2192,0,0,0,0,5,true
am1nwow0jN,2026,Mount Barker United,Hahn Australia Cup SA Preliminary Rounds; Federation Cup Reserves; Senior Men's Trials; Reserves; HPG Homes State League 2 South; HPG Homes State League 2 South - Reserves,27,24,2776,0,1,0,0,3,true
bd9156oWZd,2023,South Adelaide,Under 13's JSL A; U13 Carl's Junior Boys Cup; Under 13's JPL A,17,10,790,0,0,0,0,0,false
bd9156oWZd,2024,WT Birkalla,Under 14 JSL A; U14 Carl's Junior Boys Cup,17,11,1040,4,1,0,0,0,true
bd9156oWZd,2025,WT Birkalla,Nova Under 15's YSL A Mixed; Under 16 YSL Top Half,7,3,285,0,0,0,0,0,false
bd9156oWZd,2026,Cove FC,Nova Under 16's YPL C South Mixed; U16 Carl's Jr. Youth Premier Cup; HPG Homes State League 1 Under 18's; Nova Under 16's YPL C Mixed Finals Series,18,12,1140,3,0,0,0,0,false
bd9158795d,2023,Noarlunga United,Under 14's JPL B; U14 Carl's Junior Boys Cup; Under 13's JSL B,20,20,1770,4,0,0,0,0,false
bd9158795d,2025,Cumberland United,Under 15 Trials; Nova Under 15's YPL A Mixed; Nova Under 16's YPL A Mixed; U15 Carl's Jr. Youth Premier Cup,33,23,2235,7,3,0,0,0,false
bd9158795d,2026,Cumberland United,Nova Under 16's YPL A Mixed; Under 18's; HPG Homes State League 1 Under 18's; U16 Carl's Jr. Youth Premier Cup,33,22,2160,12,5,0,0,0,false
bd915XL4ed,2026,,,0,0,0,0,0,0,0,0,false
bd91MgLpld,2023,Noarlunga United,State League 2 Under 18's; State League 2 Reserves; State League 2; 23 Reserves Trial Matches,26,25,2970,0,5,0,0,4,true
bd91MgLpld,2024,Noarlunga United,Reserves Trial Matches; State League 2 Reserves; Federation Cup Reserves,4,3,180,0,0,0,0,0,true
bd91MgLpld,2025,Cumberland United,HPG Homes State League 1 Reserves; Federation Cup Reserves,6,6,570,0,0,0,0,1,true
bd91MgLpld,2026,Seaford Rangers,Hahn Australia Cup SA Preliminary Rounds; Federation Cup Reserves; Senior Men's Trials; HPG Homes State League 2 South - Reserves; HPG Homes State League 2 South; HPG Homes State League 2 (Seniors) Finals Series,15,14,1685,0,2,0,0,0,true
bd91Pz3kDd,2025,Seaford Rangers,Federation Cup Reserves; HPG Homes State League 2 South - Reserves,14,10,803,1,5,0,0,0,false
bd91Pz3kDd,2026,Seaford Rangers,Federation Cup Reserves; HPG Homes State League 2 South - Reserves,14,14,1452,1,5,0,0,0,false
bd9V179Dm4,2023,Sturt Lions,Under 15's JPL A; U15 Carl's Junior Boys Cup,20,18,1610,0,6,0,0,0,false
bd9V179Dm4,2024,South Adelaide,Under 16 JPL A; U16 Carl's Junior Boys Cup; RAA NPL Under 18's; Under 17 JPL B,26,22,1960,0,5,0,0,0,false
bd9V179Dm4,2025,South Adelaide,Under 18's; HPG Homes State League 1 Under 18's; Federation Cup U18's,25,18,1620,0,4,1,0,0,false
bd9V179Dm4,2026,South Adelaide,HPG Homes State League 1 Under 18's; HPG Homes State League 1 Reserves; Federation Cup U18's,34,24,3308,3,6,0,0,0,false
bd9VWblJm4,2023,Modbury Jets,Under 15's JSL A; U15 Carl's Junior Boys Cup,24,24,2130,0,1,0,0,0,false
bd9VWblJm4,2024,Modbury Jets,Under 16 Trials; Under 16 Trials - No Match Officials; Under 16 JSL A; U16 Carl's Junior Boys Cup; U17 Carl's Junior Boys Cup; Under 17 JPL B,20,17,1520,0,2,0,0,0,false
bd9VWblJm4,2025,Modbury Jets,Nova Under 17's YPL A Mixed; U17 Carl's Jr. Youth Premier Cup,20,19,1760,0,6,0,0,0,false
bd9VWblJm4,2026,Salisbury United,HPG Homes State League 1 Under 18's; HPG Homes State League 1 Reserves; Federation Cup U18's; Federation Cup Reserves,22,18,1951,0,8,0,0,0,false
bd9VpV4Zm4,2023,Western Strikers,State League 2 Under 18's; Under 15's JPL B; U15 Carl's Junior Boys Cup; U15 JPL B - Top Half,19,12,1080,2,0,0,0,0,false
bd9VpV4Zm4,2024,Western Strikers,Reserves Trial Matches; State League 1 Under 18's; Under 16 JPL B; U16 Carl's Junior Boys Cup,30,24,2130,4,2,0,0,1,true
bd9VpV4Zm4,2025,Western Strikers,Under 18's; Federation Cup U18's; HPG Homes State League 2 South - Under 18's,21,18,1650,4,1,0,0,0,false
bd9VpV4Zm4,2026,Western Strikers,Federation Cup U18's; HPG Homes State League 2 South - Under 18's; HPG Homes State League 2 South - Reserves; HPG Homes State League 2 (18s) Final Series,22,18,2268,6,1,0,0,0,false
bd9W54DJN4,2023,Fulham United,Federation Cup Reserves; State League 1 Under 18's; State League 1 Reserves; U15 JPL B - Top Half; U18 Trial Matches; 23 Reserves Trial Matches,23,13,1339,2,2,0,0,0,false
bd9W54DJN4,2024,Fulham United,U18 Trial Matches; Reserves Trial Matches; State League 1 Under 18's; State League 1 Reserves; Federation Cup U18's; Under 16 JPL B,28,25,1849,8,4,0,0,0,false
bd9W54DJN4,2025,Fulham United,Under 18's; Reserves; HPG Homes State League 1 Reserves; Federation Cup Reserves; HPG Homes State League 1 Under 18's,33,27,2200,4,2,0,0,0,false
bd9W54DJN4,2026,Fulham United,HPG Homes State League 1 Under 18's; HPG Homes State League 1 Reserves; Federation Cup U18's; Federation Cup Reserves,30,17,1951,3,4,0,0,0,false
bd9W7kwDN4,2023,Cumberland United,Under 15 Trials; Under 15's JSL A; Under 15's JPL A; Under 16's JPL A; U15 Carl's Junior Boys Cup,30,17,1350,4,1,0,0,0,false
bd9W7kwDN4,2024,Cumberland United,Under 16 Trials; Under 16 JPL A; Under 17 JPL A; Under 16 JSL A; U16 Carl's Junior Boys Cup,28,14,1250,7,3,0,0,0,false
bd9W7kwDN4,2025,Cumberland United,Under 17 Trials; Nova Under 17's YPL A Mixed; HPG Homes State League 1 Under 18's; Federation Cup U18's; U17 Carl's Jr. Youth Premier Cup,23,20,1855,9,2,1,0,0,false
bd9W7kwDN4,2026,Plympton FC,Federation Cup Reserves; Reserves; HPG Homes State League 2 South - Under 18's; HPG Homes State League 2 South - Reserves; HPG Homes State League 2 South,23,16,2127,7,2,0,0,0,false
bd9WAg6RN4,2023,Adelaide Hills Hawks; Noarlunga United,Federation Cup Reserves; State League 2 Reserves; State League 2 Under 18's,40,21,3230,1,0,0,0,0,false
bd9WAg6RN4,2024,Noarlunga United,State League 2 Under 18's; Federation Cup U18's; State League 2 Reserves,30,27,2694,19,0,0,0,0,false
bd9WAg6RN4,2025,Noarlunga United,Reserves; HPG Homes State League 2 South; Australia Cup SA Preliminary Rounds; HPG Homes State League 2 South - Reserves; Federation Cup Reserves,15,7,814,1,3,0,0,0,false
bd9WAg6RN4,2026,Noarlunga United,Federation Cup Reserves; HPG Homes State League 2 South - Reserves; HPG Homes State League 2 (Reserves) Final Series,14,12,1285,4,2,0,0,0,false
bd9WAgMRN4,2023,Adelaide Hills Hawks,Federation Cup Reserves; State League 2 Reserves; State League 2; 23 Reserves Trial Matches; 23 Senior Men's Trial Matches,24,15,996,10,5,1,0,0,false
bd9WAgMRN4,2024,Adelaide Hills Hawks,Senior Men's Trial Matches; Reserves Trial Matches; State League 2 Reserves; State League 2,28,24,1674,11,5,0,0,0,false
bd9WAgMRN4,2025,Adelaide Hills Hawks,Reserves; Senior Men's Trials; HPG Homes State League 2 South - Reserves; Federation Cup Reserves,3,3,447,1,2,0,0,0,false
bd9WAgMRN4,2026,Adelaide Hills Hawks,Federation Cup Reserves; HPG Homes State League 2 South - Reserves; HPG Homes State League 2 South; Senior Men's Trials,17,14,1395,5,5,0,0,0,false
bd9WAjj5N4,2023,Pontian Eagles; Mount Barker United,State League 2 Reserves; Federation Cup Reserves; Australia Cup SA Preliminary Rounds; State League 2; Senior Men's Trials; 23 Senior Men's Trial Matches,23,22,1246,0,2,0,0,3,true
bd9WAjj5N4,2024,Salisbury United,State League 1 Reserves; State League 1,15,14,1253,0,1,0,0,2,true
bd9WAjj5N4,2025,Adelaide University,Reserves; Senior Men's Trials; HPG Homes State League 2 South - Reserves; Australia Cup SA Preliminary Rounds; HPG Homes State League 2 South; HPG Homes State League 2 (Seniors) Final Series,28,24,2339,0,2,0,0,7,true
bd9WAjj5N4,2026,Western Strikers; Northern Demons,Hahn Australia Cup SA Preliminary Rounds; HPG Homes State League 2 South; HPG Homes State League 2 South - Reserves; HPG Homes State League 2 North - Reserves; HPG Homes State League 2 North,15,14,1453,0,1,0,0,1,true
bd9WL46DN4,2023,Adelaide City,Under 16's JSL A; Under 16's JPL A; U16 Carl's Junior Boys Cup,19,19,1700,0,0,0,0,1,true
bd9WL46DN4,2024,Adelaide City,Under 17 Trials; Under 17 JPL A; U17 Carl's Junior Boys Cup; RAA NPL Under 18's,20,18,1600,0,0,0,0,2,true
bd9WL46DN4,2025,Adelaide Hills Hawks,Under 18's; Reserves; Federation Cup U18's; Federation Cup Reserves; HPG Homes State League 2 South - Under 18's; HPG Homes State League 2 South - Reserves; HPG Homes State League 2 (18s) Final Series,27,17,1680,0,0,0,0,4,true
bd9WL46DN4,2026,Adelaide Hills Hawks,Hahn Australia Cup SA Preliminary Rounds; Federation Cup Reserves; HPG Homes State League 2 South - Reserves; HPG Homes State League 2 South,20,13,1599,0,1,0,0,3,true
bd9WLzY5N4,2023,West Adelaide,RAA NPL Under 18's; Federation Cup U18's; RAA NPL Reserves,24,14,1883,1,2,0,0,0,false
bd9WLzY5N4,2024,West Adelaide,State League 1 Reserves; Federation Cup Reserves; State League 1,25,14,1555,8,3,0,0,0,false
bd9WLzY5N4,2025,Mount Barker United,Senior Men's Trials; HPG Homes State League 2 South; Australia Cup SA Preliminary Rounds; HPG Homes State League 2 South - Reserves,27,23,2194,5,0,0,0,0,false
bd9WLzY5N4,2026,Mount Barker United,Hahn Australia Cup SA Preliminary Rounds; Senior Men's Trials; HPG Homes State League 2 South; HPG Homes State League 2 South - Reserves,19,16,1679,2,1,0,0,0,false
bd9WM9elN4,2023,Port Adelaide,Under 13 Trials; Under 13's JPL A; U13 Carl's Junior Boys Cup,23,22,1670,10,2,0,0,0,false
bd9WM9elN4,2024,Vipers FC,Under 14 JPL A; Under 15 JSL A; U14 Carl's Junior Boys Cup,23,15,1170,0,2,0,0,0,false
bd9WM9elN4,2025,Vipers FC,Under 15 Trials; Nova Under 15's YPL A Mixed; U15 Carl's Jr. Youth Premier Cup,21,13,1220,9,0,0,0,0,false
bd9WM9elN4,2026,Vipers FC,Under 16 Trials - No Match Officials; Under 16 Trials; Under 15 Trials; Nova Under 16's YPL A Mixed; U16 Carl's Jr. Youth Premier Cup; HPG Homes State League 2 South - Under 18's; HPG Homes State League 2 South - Reserves; HPG Homes State League 2 (Reserves) Final Series,35,29,2873,13,9,0,0,0,false
bd9WMqQeN4,2023,Modbury Jets,RAA NPL Reserves; Federation Cup Reserves,24,5,1336,1,2,0,0,0,false
bd9WMqQeN4,2024,FK Beograd,Reserves Trial Matches; Senior Men's Trial Matches; RAA NPL Reserves; RAA NPL; Federation Cup Reserves,29,27,2150,1,6,0,0,0,false
bd9WMqQeN4,2026,Barossa United,Hahn Australia Cup SA Preliminary Rounds; HPG Homes State League 2 North,19,19,1723,0,0,0,0,0,false
bd9WPYoYN4,2023,Cove FC,Under 13's JPL C; U13 Carl's Junior Boys Cup; U13 JPL C - Bottom Half,17,12,1080,0,0,0,0,0,false
bd9WPYoYN4,2024,Cove FC; WT Birkalla,Under 14 Trials - No Match Officials; Under 14 JPL C; Under 14 JSL C; U14 Carl's Junior Boys Cup; Under 15 JSL A,23,17,1450,8,0,0,0,0,false
bd9WPYoYN4,2025,WT Birkalla,Nova Under 15's YSL A Mixed; U15 Carl's Jr. Youth State Cup,19,17,1615,1,0,0,0,0,false
bd9WPYoYN4,2026,Adelaide University,Under 16 Trials; Nova Under 16's YPL C South Mixed; U16 Carl's Jr. Youth Premier Cup; HPG Homes State League 2 South - Under 18's; Nova Under 16's YPL C Mixed Finals Series,23,16,1505,3,0,0,0,0,false
bd9WZqQDN4,2023,Adelaide Croatia Raiders,Under 16's JPL A; U16 Carl's Junior Boys Cup; U16 JPL A - Bottom Half,14,9,810,0,2,1,0,0,false
bd9WZqQDN4,2024,Adelaide Croatia Raiders,U18 Trial Matches; RAA NPL Under 18's; Federation Cup U18's,22,9,720,1,2,0,0,0,false
bd9WZqQDN4,2025,Adelaide Croatia Raiders,Under 18's; RAA NPL Under 18's; Federation Cup U18's,26,25,2370,4,1,0,0,0,false
bd9WZqQDN4,2026,Cove FC,Federation Cup Reserves; HPG Homes State League 1 Reserves; HPG Homes State League 1; Senior Men's Trials,27,25,2746,3,4,0,0,0,false
bd9Wa5X8N4,2023,Para Hills Knights,Australia Cup SA Preliminary Rounds; State League 1; State League 1 Reserves; Senior Men's Trials,24,23,829,3,6,1,0,0,false
bd9Wa5X8N4,2024,Modbury Jets,Senior Men's Trial Matches; RAA NPL; Australia Cup SA Preliminary Rounds; RAA NPL Reserves,30,21,1722,0,3,1,0,0,false
bd9Wa5X8N4,2026,Gawler Eagles,Senior Men's Trials; HPG Homes State League 2 North; Hahn Australia Cup SA Preliminary Rounds,21,20,1869,0,1,0,0,0,false
bd9Waw4lN4,2023,Northern Demons,State League 2 Reserves,8,4,633,0,0,0,0,0,false
bd9Waw4lN4,2024,Northern Demons,Reserves Trial Matches,1,1,0,0,0,0,0,0,false
bd9Waw4lN4,2025,Northern Demons,HPG Homes State League 2 North - Reserves,0,0,0,0,0,0,0,0,false
bd9Waw4lN4,2026,Northern Demons,Federation Cup Reserves; HPG Homes State League 2 North - Reserves,12,7,554,0,0,0,0,0,false
bd9Wbn6YN4,2023,West Adelaide,RAA NPL; RAA NPL Reserves,2,2,240,0,0,0,0,0,true
bd9Wbn6YN4,2026,Adelaide Olympic,Hahn Australia Cup SA Preliminary Rounds; HPG Homes State League 1,27,27,3153,0,3,0,0,9,true
bd9pD3AXDK,2026,Plympton FC,Hahn Australia Cup SA Preliminary Rounds; Senior Men's Trials; HPG Homes State League 2 South; HPG Homes State League 2 South - Reserves,16,7,977,0,2,0,0,0,false
bd9pDR5eJK,2025,Gawler Eagles,Reserves; HPG Homes State League 2 North - Reserves; Federation Cup Reserves,22,21,1753,1,4,0,0,0,false
bd9pDR5eJK,2026,Gawler Eagles,Federation Cup Reserves; HPG Homes State League 2 North - Reserves,19,19,1770,1,6,0,0,0,false
bd9pDe3a2K,2023,Para Hills Knights,State League 1 Under 18's; Federation Cup U18's,19,12,1440,8,2,0,0,0,false
bd9pDe3a2K,2024,FK Beograd,U18 Trial Matches; Reserves Trial Matches; RAA NPL Under 18's; Federation Cup U18's; Federation Cup Reserves; RAA NPL Reserves,33,26,2157,6,3,0,0,0,false
bd9pDe3a2K,2025,Salisbury United,HPG Homes State League 1 Under 18's; HPG Homes State League 1 Reserves; Federation Cup Reserves,26,19,1808,3,1,0,0,0,false
bd9pDe3a2K,2026,Modbury Jets,HPG Homes State League 1 Reserves,18,8,1149,5,0,0,0,0,false
bd9pDeX5RK,2025,South Adelaide,HPG Homes State League 1,19,19,1710,0,2,0,0,3,true
bd9pDeX5RK,2026,Cove FC,Hahn Australia Cup SA Preliminary Rounds; HPG Homes State League 1,4,4,390,0,0,0,0,2,true
bd9pDv1B2K,2025,Adelaide Comets,Under 16 Trials; Nova Under 16's YPL A Mixed; U16 Carl's Jr. Youth Premier Cup,30,28,2555,0,3,0,0,0,false
bd9pDv1B2K,2026,Cumberland United,Under 17 Trials; U17 Carl's Jr. Youth Premier Cup; Under 17's A Mixed; HPG Homes State League 1 Under 18's,18,13,1200,7,3,1,0,0,false
bd9pDxpXwK,2025,Modbury Vista,Nova Under 16's YPL C Mixed; U16 Carl's Jr. Youth Premier Cup; Under 16 YSL Bottom Half,19,9,855,8,1,0,0,0,false
bd9pDxpXwK,2026,Salisbury Inter,Federation Cup U18's; HPG Homes State League 2 North - Under 18's,4,0,0,2,0,1,0,0,false
bd9pJ66b5K,2026,Barossa United,Federation Cup Reserves; HPG Homes State League 2 North; HPG Homes State League 2 North - Reserves,16,12,1266,0,3,0,0,0,false
bd9pJB3a5K,2026,Barossa United,Federation Cup Reserves; Hahn Australia Cup SA Preliminary Rounds; HPG Homes State League 2 North - Reserves; HPG Homes State League 2 North,18,17,1560,0,1,0,0,0,true
bd9pJB4x5K,2026,Elizabeth Grove,Under 16 Trials; U16 Carl's Jr. Youth Premier Cup; Nova Under 16's YPL C North Mixed; HPG Homes State League 2 North - Under 18's; Nova Under 16's YPL C Mixed Finals Series,16,14,1290,5,0,0,0,0,false
bd9pJG44lK,2026,Adelaide Olympic,Hahn Australia Cup SA Preliminary Rounds; HPG Homes State League 1,21,11,1630,0,2,0,0,0,false
bd9pJGPjeK,2023,Croydon FC,Under 16's JPL A; Under 17's JPL A; U16 Carl's Junior Boys Cup; RAA NPL Under 18's; U16 JPL A - Bottom Half; RAA NPL Reserves; Under 16's JSL A; 23 Reserves Trial Matches,30,22,2134,4,9,0,0,0,false
bd9pJGPjeK,2024,Croydon FC,Reserves Trial Matches; RAA NPL Reserves; RAA NPL Under 18's; Federation Cup Reserves; RAA NPL,31,26,2216,3,3,0,0,0,false
bd9pJGPjeK,2025,West Adelaide,HPG Homes State League 1 Reserves; Australia Cup SA Preliminary Rounds,9,8,622,0,1,1,0,0,false
bd9pJGPjeK,2026,Adelaide Croatia Raiders,Hahn Australia Cup SA Preliminary Rounds; HPG Homes State League 1; HPG Homes State League 1 Reserves,18,16,1696,3,8,0,0,0,false
bd9pJGo3eK,2026,Modbury Jets,Hahn Australia Cup SA Preliminary Rounds; HPG Homes State League 1; Senior Men's Trials,28,25,2515,9,4,0,0,0,false
bd9pJJxbJK,2026,Adelaide Blue Eagles,Hahn Australia Cup SA Preliminary Rounds; HPG Homes State League 1,26,26,2452,2,4,0,0,0,false
bd9pJO7nRK,2023,Adelaide Olympic,Under 14's JPL B; U14 Carl's Junior Boys Cup,20,18,1580,3,2,0,0,0,false
bd9pJO7nRK,2024,Adelaide Olympic; MetroStars,Under 15 JPL A,18,15,1350,0,1,0,0,0,false
bd9pJO7nRK,2025,MetroStars,Nova Under 17's YPL A Mixed; Federation Cup U18's; RAA NPL Under 18's,16,8,760,0,0,0,0,0,false
bd9pJO7nRK,2026,Angle Vale,Reserves; HPG Homes State League 2 North - Reserves; HPG Homes State League 2 North,10,3,408,0,0,0,0,0,false
bd9pJOPpeK,2026,Fulham United; Eastern United,Hahn Australia Cup SA Preliminary Rounds; HPG Homes State League 1; HPG Homes State League 1 Reserves; Federation Cup Reserves; Senior Men's Trials,17,12,1367,1,2,0,0,0,false
bd9pJVDvZK,2026,Port Adelaide,Federation Cup Reserves; HPG Homes State League 2 North - Reserves; HPG Homes State League 2 North; Senior Men's Trials; HPG Homes State League 2 (Reserves) Final Series,19,16,1509,1,2,0,0,0,false
bd9pO0Do8K,2026,Adelaide Titans Football Club,Federation Cup U18's; HPG Homes State League 2 South - Under 18's,6,6,720,2,0,0,0,0,false
bd9pO1wARK,2023,Para Hills Knights,Under 14 Trials; Under 14's JPL A; U14 Carl's Junior Boys Cup; Under 14's JSL A,31,29,2430,1,0,0,0,0,true
bd9pO1wARK,2024,Para Hills Knights,Under 15 JPL B; Under 15 JSL A; U15 Carl's Junior Boys Cup; Under 17 JPL B,21,20,1780,0,0,0,0,0,false
bd9pO1wARK,2025,Para Hills Knights,Under 16 Trials; Under 17 Trials; Nova Under 16's YPL B Mixed; U16 Carl's Jr. Youth Premier Cup,20,18,1640,1,0,0,0,0,false
bd9pO1wARK,2026,Elizabeth Downs Soccer Club,Under 18's; Federation Cup U18's; HPG Homes State League 2 North - Under 18's; HPG Homes State League 2 North - Reserves,19,11,1058,1,0,0,0,2,true
bd9pO3VPZK,2026,Adelaide Titans Football Club,Federation Cup U18's; Federation Cup Reserves; HPG Homes State League 2 South - Under 18's; HPG Homes State League 2 South - Reserves; HPG Homes State League 2 South,12,7,811,0,0,0,0,0,false
bd9pO7rl8K,2026,Fulham United,HPG Homes State League 1 Under 18's; Federation Cup U18's,18,8,960,3,6,0,0,0,false
bd9pO7roeK,2026,Pontian Eagles,Federation Cup Reserves; HPG Homes State League 2 North - Reserves,7,1,146,1,0,0,0,0,false
bd9pOB442K,2026,Noarlunga United,Federation Cup U18's; HPG Homes State League 2 South - Under 18's,20,9,1080,0,0,0,0,0,false
bd9pOB4AYK,2023,Adelaide University,Australia Cup SA Preliminary Rounds; State League 2,19,17,171,4,7,0,0,0,false
bd9pOB4AYK,2024,Western Strikers,Senior Men's Trial Matches; Australia Cup SA Preliminary Rounds; State League 1; State League 1 Reserves,16,9,625,0,1,0,0,0,false
bd9pOB4AYK,2025,Western Strikers,HPG Homes State League 2 South; Australia Cup SA Preliminary Rounds; HPG Homes State League 2 South - Reserves; HPG Homes State League 2 (Seniors) Final Series,14,14,1323,0,4,0,0,0,false
bd9pOB4AYK,2026,Western Strikers,Federation Cup Reserves,1,1,120,0,0,0,0,0,false
bd9pOB6k8K,2026,Mount Barker United,Hahn Australia Cup SA Preliminary Rounds; Senior Men's Trials; HPG Homes State League 2 South,20,17,1846,1,3,0,0,0,false
bd9pOBDrwK,2026,Eastern United,Federation Cup U18's; HPG Homes State League 1 Under 18's,12,2,240,0,2,0,0,0,false
bd9pOb0R5K,2026,Adelaide Cobras,HPG Homes State League 1 Under 18's; HPG Homes State League 1 Reserves; Federation Cup U18's; Federation Cup Reserves,20,15,1800,0,0,0,0,1,true
bd9pObPzYK,2023,Para Hills Knights,State League 1 Under 18's; Federation Cup U18's,20,16,1920,1,5,0,0,0,false
bd9pObPzYK,2024,FK Beograd,U18 Trial Matches; Reserves Trial Matches; RAA NPL Under 18's; Federation Cup U18's,23,16,1230,1,5,0,0,0,false
bd9pObPzYK,2025,Salisbury United,HPG Homes State League 1 Reserves,11,2,340,0,0,0,0,0,false
bd9pObPzYK,2026,Modbury Jets; Elizabeth Downs Soccer Club,Federation Cup Reserves; HPG Homes State League 1 Reserves; HPG Homes State League 2 North - Reserves; HPG Homes State League 2 North; HPG Homes State League 2 (Seniors) Finals Series,22,15,1390,0,1,0,0,0,false
bd9pOn2OeK,2026,Salisbury United,Hahn Australia Cup SA Preliminary Rounds; HPG Homes State League 1 Reserves; HPG Homes State League 1,24,19,2202,1,3,0,0,0,false
bd9pOnaDZK,2026,Adelaide Olympic,HPG Homes State League 1 Reserves; Federation Cup Reserves,9,5,622,0,6,0,0,0,false
bd9pOnaOJK,2023,MetroStars,Under 17 Trials; Under 17's JPL C; U16 Carl's Junior Boys Cup; U17 Carl's Junior Boys Cup; Under 16's JPL A; Under 17's JPL A; U16 JPL A - Top Half; U18 Trial Matches,25,21,1780,1,0,0,0,0,false
bd9pOnaOJK,2024,MetroStars,U18 Trial Matches; RAA NPL Under 18's; Federation Cup U18's,21,8,780,0,0,0,0,0,false
bd9pOnaOJK,2025,Adelaide Olympic,HPG Homes State League 1 Under 18's; Federation Cup U18's; HPG Homes State League 1 Reserves,27,15,1335,0,0,0,0,0,false
bd9pOnaOJK,2026,,,0,0,0,0,0,0,0,0,false
bd9pOngMlK,2026,Noarlunga United,HPG Homes State League 2 South - Under 18's; Federation Cup U18's,12,9,1080,0,1,0,0,0,false
bd9pOqLXZK,2026,Adelaide Olympic,HPG Homes State League 1 Under 18's; Federation Cup U18's,23,18,2160,4,2,0,0,0,false
bd9penEQYK,2026,Adelaide Comets; Eastern United,RAA NPL Under 18's; Federation Cup U18's; Under 17's A Mixed; HPG Homes State League 1 Under 18's; HPG Homes State League 1 Reserves,22,10,1250,11,0,0,0,0,false
bd9peqgMeK,2026,Angle Vale,Federation Cup Reserves; Reserves; HPG Homes State League 2 North - Reserves,16,12,1144,1,0,0,0,0,false
emAWY0ZBKB,2023,Adelaide Cobras,Under 15's JPL A; State League 1 Under 18's; Federation Cup U18's,18,10,960,3,0,0,0,0,false
emAWY0ZBKB,2024,Adelaide Cobras,Under 17 Trials; Under 16 JPL A; U16 Carl's Junior Boys Cup,15,13,1150,1,1,2,0,0,false
emAWY0ZBKB,2025,Adelaide Titans Football Club; Western Strikers,HPG Homes State League 2 South - Under 18's; Federation Cup U18's,19,13,1200,8,0,0,0,0,false
emAWY0ZBKB,2026,Cumberland United,Federation Cup U18's; HPG Homes State League 1 Under 18's,20,13,1560,7,2,0,0,0,false
emAWnW8xKB,2023,Playford City,Under 15's JPL B; U15 JPL B - Bottom Half,16,11,990,5,0,0,0,0,false
emAWnW8xKB,2024,Playford City,Under 16 Trials - No Match Officials; Under 16 JPL B; U16 Carl's Junior Boys Cup,24,24,2150,13,0,0,0,0,false
emAWnW8xKB,2026,Elizabeth Grove,Federation Cup U18's; HPG Homes State League 2 North - Under 18's; HPG Homes State League 2 North - Reserves,20,13,1377,6,2,0,0,0,false
emAWnx8MKB,2023,Barossa United,Under 15's JSL B; U15 Carl's Junior Boys Cup,19,16,1430,11,0,0,0,0,false
emAWnx8MKB,2024,Fulham United,U16 Carl's Junior Boys Cup; Under 16 JPL B,15,10,900,3,0,0,0,0,false
emAWnx8MKB,2025,Fulham United,HPG Homes State League 1 Under 18's; Nova Under 17's YPL A Mixed; Federation Cup U18's,18,10,960,0,0,0,0,0,false
emAWnx8MKB,2026,Barossa United,Federation Cup Reserves; HPG Homes State League 2 North - Reserves; HPG Homes State League 2 North; HPG Homes State League 2 North - Under 18's,28,19,1731,7,1,0,0,0,false
emAbkXDJgN,2024,FK Beograd,RAA NPL Reserves; Federation Cup Reserves,6,2,289,1,0,0,0,0,false
emAbkXDJgN,2026,Ghan United,HPG Homes State League 2 South - Reserves,13,12,1499,0,3,0,0,0,false
emAbw8L4BN,2024,,,0,0,0,0,0,0,0,0,false
emAbw8L4BN,2025,Adelaide Titans Football Club,HPG Homes State League 2 South; Australia Cup SA Preliminary Rounds,22,22,2045,7,6,0,0,0,false
emAbw8L4BN,2026,Adelaide Titans Football Club,Hahn Australia Cup SA Preliminary Rounds; Senior Men's Trials; HPG Homes State League 2 South,18,18,2100,11,7,0,0,0,false
emAbwVzy9N,2026,Plympton FC,Senior Men's Trials; HPG Homes State League 2 South - Reserves,2,2,240,0,0,0,0,0,false
emAbwZwzxN,2023,Elizabeth Grove,Under 13's JSL C; U13 Carl's Junior Boys Cup; Under 14's JSL B,20,18,1510,0,0,0,0,0,true
emAbwZwzxN,2024,Elizabeth Grove,Under 13 JSL B; U13 Carl's Junior Boys Cup,21,20,1585,2,0,0,0,0,false
emAbwZwzxN,2025,Elizabeth Grove,Nova Under 14's YPL C Mixed; U14 Carl's Jr. Youth Premier Cup; Nova Under 15's YPL C Mixed,25,23,1940,0,0,0,0,0,true
emAbwZwzxN,2026,Elizabeth Grove,Under 15 Trials; Nova Under 15's YPL C  North Mixed; U15 Carl's Jr. Youth Premier Cup; Nova Under 16's YPL C North Mixed; HPG Homes State League 2 North - Under 18's; Nova Under 15's YPL C Mixed Finals Series,19,16,1520,11,0,0,0,1,true
emAbwax5RN,2023,West Adelaide,Under 16's JPL A; U16 Carl's Junior Boys Cup; U16 JPL A - Bottom Half; Under 17's JPL B,21,18,1600,13,1,0,0,0,false
emAbwax5RN,2024,West Adelaide,State League 1 Under 18's; Federation Cup U18's; Under 17 JPL B,16,5,510,3,0,0,0,0,false
emAbwax5RN,2025,West Adelaide; Modbury Jets,HPG Homes State League 1 Under 18's; Federation Cup U18's; RAA NPL Under 18's; RAA NPL Reserves,21,16,1575,5,0,0,0,0,false
emAbwax5RN,2026,Modbury Jets,Federation Cup Reserves; HPG Homes State League 1 Reserves,10,8,855,2,2,0,0,0,false
emAe2QqqmB,2023,Adelaide Blue Eagles,Australia Cup SA Preliminary Rounds; State League 1; State League 1 Reserves; 23 Senior Men's Trial Matches,20,15,415,0,1,1,0,0,false
emAe2QqqmB,2024,Adelaide Blue Eagles,Senior Men's Trial Matches; Australia Cup SA Preliminary Rounds; State League 1,23,17,1659,0,5,1,0,0,false
emAe2QqqmB,2025,Adelaide Blue Eagles,HPG Homes State League 1; Australia Cup SA Preliminary Rounds; HPG Homes State League 1 Reserves,25,16,1492,0,2,0,0,0,false
emAe2QqqmB,2026,Modbury Jets,Hahn Australia Cup SA Preliminary Rounds; HPG Homes State League 1; Senior Men's Trials,27,26,2981,1,4,0,0,0,false
emAe6QlQmB,2023,Cumberland United,Under 15 Trials; Under 15's JSL A; Under 15's JPL A; U15 Carl's Junior Boys Cup,27,26,2220,0,0,0,0,9,true
emAe6QlQmB,2024,Cumberland United,Under 16 JSL A; U16 Carl's Junior Boys Cup,15,15,1330,0,0,0,0,7,true
emAe6QlQmB,2025,Cumberland United,Under 17 Trials - No Match Officials; Nova Under 17's YPL A Mixed; U17 Carl's Jr. Youth Premier Cup,19,17,1585,0,0,0,0,8,true
emAe6QlQmB,2026,Plympton FC,Federation Cup U18's; Federation Cup Reserves; Reserves; HPG Homes State League 2 South - Under 18's; HPG Homes State League 2 South - Reserves; HPG Homes State League 2 South,23,18,2262,0,3,0,0,3,true
emAeMWzBmB,2023,Adelaide Cobras,Under 15's JPL A; U15 Carl's Junior Boys Cup,25,20,1770,2,3,0,0,0,false
emAeMWzBmB,2024,MetroStars,Under 16 JPL A; Under 17 JPL A; RAA NPL Under 18's; U17 Carl's Junior Boys Cup,26,22,1980,2,1,0,0,0,false
emAeMWzBmB,2025,Cumberland United,HPG Homes State League 1 Under 18's; Federation Cup U18's; Federation Cup Reserves,26,24,2317,4,1,1,0,0,false
emAeMWzBmB,2026,Cumberland United; Adelaide Croatia Raiders,Federation Cup U18's; HPG Homes State League 1 Under 18's; HPG Homes State League 1 Reserves,25,19,2364,2,3,0,0,0,false
emAeQB9xmB,2023,Vipers FC,Under 15's JPL B; Under 14's JPL A; Under 14's JSL B; U14 Carl's Junior Boys Cup; U18 Trial Matches,34,29,2500,17,1,0,0,0,false
emAeQB9xmB,2024,Vipers FC,Under 15 Trials; Under 16 Trials - No Match Officials; Under 15 JPL A; Under 16 JSL B; Under 15 JSL A; U15 Carl's Junior Boys Cup,31,25,2310,8,2,0,0,0,false
emAeQB9xmB,2025,Vipers FC,Under 16 Trials; Nova Under 16's YPL A Mixed; U16 Carl's Jr. Youth Premier Cup; HPG Homes State League 1 Under 18's,29,25,2310,12,0,0,0,0,false
emAeQB9xmB,2026,Vipers FC,Federation Cup U18's; Under 18's; HPG Homes State League 2 South - Under 18's; HPG Homes State League 2 South - Reserves; HPG Homes State League 2 (18s) Final Series; HPG Homes State League 2 (Reserves) Final Series,38,27,3643,26,1,0,0,0,false
emAeQBeBmB,2023,Croydon FC,RAA NPL Under 18's,1,0,0,0,0,0,0,0,false
emAeQBeBmB,2024,Elizabeth Grove,Australia Cup SA Preliminary Rounds,2,1,180,0,0,0,0,0,false
emAeQBeBmB,2025,Elizabeth Grove,HPG Homes State League 2 North,14,8,814,2,2,0,0,0,false
emAeQBeBmB,2026,Elizabeth Grove,Federation Cup Reserves; HPG Homes State League 2 North,18,17,1460,0,6,0,0,0,false
emAeQBvgmB,2023,Adelaide Cobras,Australia Cup SA Preliminary Rounds; State League 1,18,10,314,6,1,0,0,0,false
emAeQBvgmB,2024,Adelaide Cobras,Senior Men's Trial Matches; Australia Cup SA Preliminary Rounds; State League 1; Senior Men's Trials,24,22,1758,1,7,0,0,0,false
emAeQBvgmB,2025,Adelaide Olympic,HPG Homes State League 1; Australia Cup SA Preliminary Rounds,19,17,1580,0,3,0,0,0,false
emAeQBvgmB,2026,Adelaide Olympic,Hahn Australia Cup SA Preliminary Rounds; HPG Homes State League 1,25,23,2397,0,4,0,0,0,false
emAeg4JMmB,2023,South Adelaide,Under 14's JPL A; Under 14's JSL A,15,13,1040,0,0,0,0,0,false
emAeg4JMmB,2024,South Adelaide,Under 15 JSL B,13,11,990,4,1,0,0,0,false
emAeg4JMmB,2025,Seaford Rangers,Nova Under 16's YPL C Mixed,19,17,1615,12,0,0,0,0,false
emAeg4JMmB,2026,Seaford Rangers,Federation Cup U18's; Under 18's,2,0,0,0,0,0,0,0,false
emAekVOBmB,2023,Modbury Jets,RAA NPL Under 18's; Federation Cup U18's; RAA NPL Reserves,24,22,2671,1,1,0,0,0,false
emAekVOBmB,2024,Modbury Jets,Reserves Trial Matches; RAA NPL Reserves; Federation Cup Reserves; RAA NPL,26,20,1924,1,1,0,0,0,false
emAekVOBmB,2025,Modbury Jets,RAA NPL Reserves; Federation Cup Reserves,23,22,2014,4,3,0,0,0,false
emAekVOBmB,2026,Adelaide Atletico VSC,Hahn Australia Cup SA Preliminary Rounds; HPG Homes State League 1,25,18,1987,1,1,0,0,0,false
emAekbjxmB,2023,Vipers FC,State League 1 Reserves; Federation Cup Reserves; 23 Reserves Trial Matches; 23 Senior Men's Trial Matches,15,13,1560,0,3,0,0,0,true
emAekbjxmB,2026,Fulham United,HPG Homes State League 1 Reserves; Federation Cup Reserves; HPG Homes State League 1; Senior Men's Trials,10,10,1170,0,0,0,0,2,true
emAekrRQmB,2023,FK Beograd,RAA NPL Under 18's; Federation Cup U18's; RAA NPL Reserves; U18 Trial Matches,30,23,2959,2,5,0,0,0,false
emAekrRQmB,2024,FK Beograd,U18 Trial Matches; Reserves Trial Matches; RAA NPL Under 18's; Federation Cup U18's; RAA NPL Reserves; Federation Cup Reserves,38,30,2415,3,5,0,0,0,false
emAekrRQmB,2025,FK Beograd,Reserves; RAA NPL Reserves; Federation Cup Reserves,9,7,703,1,1,1,0,0,false
emAekrRQmB,2026,Barossa United,Hahn Australia Cup SA Preliminary Rounds; HPG Homes State League 2 North,16,16,1470,1,3,2,0,0,false
emAernAQmB,2023,Adelaide Hills Hawks,Australia Cup SA Preliminary Rounds; State League 2; 23 Senior Men's Trial Matches,24,24,166,1,4,0,0,0,false
emAernAQmB,2024,Adelaide Hills Hawks,Senior Men's Trial Matches; Australia Cup SA Preliminary Rounds; State League 2,24,24,2052,0,5,0,0,0,false
emAernAQmB,2025,Sturt Lions; Adelaide Hills Hawks,Reserves; Senior Men's Trials; HPG Homes State League 2 South; Australia Cup SA Preliminary Rounds,26,23,2616,0,3,0,0,0,false
emAernAQmB,2026,Noarlunga United,Hahn Australia Cup SA Preliminary Rounds; HPG Homes State League 2 South; Senior Men's Trials,22,22,2502,0,1,0,0,0,false
emAezbngmB,2023,Para Hills Knights,Under 15 Trials; Under 15's JPL A; U15 Carl's Junior Boys Cup,21,17,1430,3,0,0,0,0,false
emAezbngmB,2024,Adelaide Olympic,Under 16 JPL A; U16 Carl's Junior Boys Cup,23,22,1950,3,2,0,0,0,false
emAezbngmB,2025,Adelaide Olympic,Reserves; Under 18's; HPG Homes State League 1 Under 18's; HPG Homes State League 1 Reserves; Federation Cup U18's; HPG Homes State League 1,39,27,2954,12,4,0,0,0,false
emAezbngmB,2026,Adelaide Olympic,HPG Homes State League 1 Reserves; HPG Homes State League 1 Under 18's; HPG Homes State League 1; Federation Cup Reserves,22,18,2271,2,1,0,0,0,false
emAn5Gy7MN,2026,Northern Demons,Under 15's YSL C Mixed; U15 Carl's Jr. Youth State Cup; HPG Homes State League 2 North - Under 18's,21,19,1805,1,0,0,0,2,true
emAnBGqYbN,2026,Ghan United,HPG Homes State League 2 South - Under 18's; Under 16's YSL Mixed; Under 16 YSL Mixed Top Half; HPG Homes State League 2 South - Reserves,31,28,3090,5,4,0,0,0,false
emAnLAyZgN,2023,Modbury Vista,Under 15 Trials; Under 15's JPL B; Under 16's JPL B; U15 Carl's Junior Boys Cup; U15 JPL B - Bottom Half,25,22,1880,1,2,0,0,0,false
emAnLAyZgN,2024,Modbury Vista,Under 16 Trials - No Match Officials; Under 16 JPL B; U16 Carl's Junior Boys Cup,23,23,2150,1,1,0,0,0,false
emAnLAyZgN,2025,Modbury Vista,Reserves; HPG Homes State League 2 North - Under 18's; Federation Cup U18's; HPG Homes State League 2 North - Reserves; HPG Homes State League 2 (18s) Final Series,23,21,2010,1,0,0,0,0,false
emAnLAyZgN,2026,Modbury Vista,Federation Cup U18's; Under 18's; HPG Homes State League 2 North - Under 18's; HPG Homes State League 2 North - Reserves; HPG Homes State League 2 (Reserves) Final Series; HPG Homes State League 2 (18s) Final Series,34,26,2525,2,3,0,0,0,false
emAnLVengN,2023,Adelaide Victory,Australia Cup SA Preliminary Rounds; State League 1; State League 1 Reserves; 23 Senior Men's Trial Matches; 23 Reserves Trial Matches,16,13,551,1,6,0,0,0,false
emAnLVengN,2024,Adelaide Victory,State League 1 Reserves; Federation Cup Reserves; State League 1,21,18,1645,0,2,1,0,0,false
emAnLVengN,2025,Adelaide Atletico VSC,HPG Homes State League 2 North; Australia Cup SA Preliminary Rounds; HPG Homes State League 2 (Seniors) Final Series,26,26,2520,0,8,0,0,0,false
emAnLVengN,2026,Adelaide Atletico VSC,HPG Homes State League 1; Hahn Australia Cup SA Preliminary Rounds,24,24,2833,1,4,1,0,0,false
emAnP5prQN,2026,Adelaide Titans Football Club,Federation Cup U18's; HPG Homes State League 2 South - Under 18's; HPG Homes State League 2 South - Reserves,20,14,1722,0,0,0,0,0,false
emAnP6pG8N,2026,Ghan United,Federation Cup U18's; HPG Homes State League 2 South - Under 18's,3,1,120,0,0,0,0,0,false
emAnP6po8N,2026,Port Adelaide,Hahn Australia Cup SA Preliminary Rounds; Senior Men's Trials; HPG Homes State League 2 North; HPG Homes State League 2 North - Reserves,22,17,1480,2,2,0,0,0,false
emAnPAM1MN,2026,Adelaide Olympic,HPG Homes State League 1 Under 18's; HPG Homes State League 1 Reserves; Federation Cup Reserves,21,12,1823,2,1,1,0,0,false
emAnPBWE8N,2026,Mount Barker United,Under 15 Trials; Under 16 Trials; Nova Under 15's YPL C South Mixed; Nova Under 16's YPL C South Mixed; U15 Carl's Jr. Youth Premier Cup; HPG Homes State League 2 South - Under 18's; Nova Under 15's YPL C Mixed Finals Series,28,17,1575,2,0,0,0,0,false
emAnPBWG9N,2026,Adelaide Cobras; Fulham United,HPG Homes State League 1 Reserves; Federation Cup Reserves,21,16,1811,1,1,0,0,0,false
emAnPQ09QN,2026,Cumberland United,Federation Cup U18's; HPG Homes State League 1 Under 18's; HPG Homes State League 1 Reserves,26,18,2531,0,2,0,0,0,false
emAnPQ0egN,2026,Salisbury United,HPG Homes State League 1 Under 18's; Under 17 Trials - No Match Officials; Under 17's B Mixed; Federation Cup U18's,10,4,480,1,2,0,0,0,false
emAnPQ4gQN,2026,Western Strikers,Hahn Australia Cup SA Preliminary Rounds; HPG Homes State League 2 South,8,8,863,1,3,0,0,0,false
emAnPV2nbN,2026,Adelaide Cobras,HPG Homes State League 1 Under 18's; Federation Cup U18's; HPG Homes State League 1 Reserves,16,8,1068,4,3,0,0,0,false
emAnPbln9N,2024,Campbelltown City,Under 15 JSL A; U15 Carl's Junior Boys Cup; Under 15 JPL A,25,18,1590,1,0,1,0,0,false
emAnPbln9N,2025,Campbelltown City,Under 17 Trials; Under 17 Trials - No Match Officials; Nova Under 17's YPL A Mixed; Nova Under 16's YSL A Mixed; U17 Carl's Jr. Youth Premier Cup,23,23,2380,0,1,0,0,0,false
emAnPbln9N,2026,Eastern United,HPG Homes State League 1 Under 18's; HPG Homes State League 1 Reserves,24,22,2731,0,1,0,0,0,false
emAnPblr9N,2023,,,0,0,0,0,0,0,0,0,false
emAnPblr9N,2024,,,0,0,0,0,0,0,0,0,false
emAnPblr9N,2025,,,0,0,0,0,0,0,0,0,false
emAnPblr9N,2026,Elizabeth Downs Soccer Club,Under 18's; Federation Cup U18's; HPG Homes State League 2 North - Under 18's; HPG Homes State League 2 North - Reserves,22,21,1973,2,2,0,0,0,false
emAnPrglQN,2026,Barossa United,Federation Cup U18's; HPG Homes State League 2 North - Reserves; HPG Homes State League 2 North - Under 18's,17,16,1504,3,5,1,0,0,false
emAnPz6QRN,2026,Port Adelaide; Salisbury United,Federation Cup U18's; HPG Homes State League 2 North - Under 18's; HPG Homes State League 1 Under 18's; HPG Homes State League 1 Reserves; Under 17's B Mixed,19,10,1191,2,6,0,0,0,false
emAnZAGWgN,2025,Ghan United,Federation Cup Reserves; HPG Homes State League 2 North - Reserves,1,0,44,1,0,0,0,0,false
emAnZAGWgN,2026,Ghan United,HPG Homes State League 2 South - Reserves,13,13,1430,0,4,0,0,0,false
emAnp1P98N,2023,Cumberland United,Under 14 Trials; Under 14's JPL A; Under 15's JSL A; U14 Carl's Junior Boys Cup; Under 14's JSL A,19,19,1520,0,0,0,0,3,true
emAnp1P98N,2024,Cumberland United,Under 15 Trials; Under 15 JSL A; U15 Carl's Junior Boys Cup,25,21,1870,0,0,0,0,6,true
emAnp1P98N,2025,Cumberland United,Under 16 Trials; Under 16 Trials - No Match Officials; Nova Under 16's YSL A Mixed; U16 Carl's Jr. Youth Premier Cup; Nova Under 17's YPL A Mixed; HPG Homes State League 1 Under 18's; Federation Cup U18's; Under 16 YSL Top Half,42,34,3190,1,1,0,0,15,true
emAnp1P98N,2026,Cumberland United,Federation Cup U18's; HPG Homes State League 1 Under 18's; HPG Homes State League 1 Reserves; Under 17 Trials; Under 17's A Mixed,29,27,3190,0,0,0,0,4,true
emAnp1PgqN,2023,South Adelaide,Under 15 Trials; Under 15's JPL A; U15 Carl's Junior Boys Cup; Under 15's JSL B,29,24,2140,0,3,0,0,0,false
emAnp1PgqN,2024,South Adelaide,Under 16 JPL A; U16 Carl's Junior Boys Cup; Under 17 JPL B,22,16,1430,1,4,0,0,0,false
emAnp1PgqN,2025,Seaford Rangers,Under 18's; HPG Homes State League 2 South - Under 18's; Federation Cup U18's; HPG Homes State League 2 South - Reserves; HPG Homes State League 2 (18s) Final Series,25,13,1208,0,7,0,0,0,false
emAnp1PgqN,2026,South Adelaide,HPG Homes State League 1 Under 18's; Federation Cup U18's; HPG Homes State League 1 Reserves,24,22,2703,0,6,0,0,0,false
emAnpB34bN,2025,Adelaide Cobras,HPG Homes State League 1 Under 18's; Federation Cup U18's; HPG Homes State League 1 Reserves,28,24,2217,1,2,0,0,0,false
emAnpB34bN,2026,Cumberland United; Adelaide Cobras,HPG Homes State League 1 Under 18's; HPG Homes State League 1 Reserves,17,7,1147,1,1,0,0,0,false
emAnv08WBN,2026,Adelaide Titans Football Club,U16 Carl's Jr. Youth Premier Cup; Nova Under 16's YPL C South Mixed; HPG Homes State League 2 South - Under 18's,19,16,1545,1,3,0,0,0,false
emAnvBnaxN,2026,,,0,0,0,0,0,0,0,0,false
emAnvOgYqN,2026,Adelaide University,Federation Cup Reserves; Reserves; HPG Homes State League 2 South - Reserves,7,5,506,0,0,0,0,0,false
emAnvOzO9N,2026,Adelaide Croatia Raiders,HPG Homes State League 1; Hahn Australia Cup SA Preliminary Rounds,25,20,1882,13,4,0,0,0,false
emAnvPQOgN,2026,Ghan United,Federation Cup U18's; HPG Homes State League 2 South - Under 18's,5,0,0,0,0,0,0,0,false
emAnvZAG8N,2023,Cove FC,State League 2 Under 18's; Federation Cup U18's; State League 2 Reserves,29,21,2817,0,1,0,0,0,false
emAnvZAG8N,2024,Cove FC,Reserves Trial Matches; U18 Trial Matches; Federation Cup Reserves; State League 2 Reserves; State League 2 Under 18's,39,20,2013,1,1,0,0,0,false
emAnvZAG8N,2025,Cove FC,Reserves; HPG Homes State League 1 Reserves; Federation Cup Reserves; HPG Homes State League 1; Australia Cup SA Preliminary Rounds,24,23,1995,0,2,0,0,0,false
emAnvZAG8N,2026,Cove FC,Federation Cup Reserves; HPG Homes State League 1; HPG Homes State League 1 Reserves; Senior Men's Trials,25,18,2247,1,3,0,0,0,false
emAnvvG21N,2026,Pontian Eagles,Hahn Australia Cup SA Preliminary Rounds; Federation Cup Reserves; HPG Homes State League 2 North - Reserves; HPG Homes State League 2 North; HPG Homes State League 2 (Reserves) Final Series,20,18,1468,1,1,0,0,0,false
emAnvxrAQN,2026,Adelaide Cobras,Hahn Australia Cup SA Preliminary Rounds; HPG Homes State League 1; HPG Homes State League 1 Reserves,27,17,2394,5,0,0,0,0,false
gdM615we1m,2025,Salisbury Inter,Reserves; HPG Homes State League 2 North - Reserves; Federation Cup Reserves; Australia Cup SA Preliminary Rounds; HPG Homes State League 2 North; HPG Homes State League 2 (Seniors) Final Series,25,17,1456,10,0,0,0,0,false
gdM615we1m,2026,Salisbury Inter,Federation Cup Reserves; HPG Homes State League 2 North - Reserves; HPG Homes State League 2 North; Hahn Australia Cup SA Preliminary Rounds,8,8,601,4,1,0,0,0,false
gdM61BLWOm,2025,Eastern United,HPG Homes State League 2 South; Australia Cup SA Preliminary Rounds; HPG Homes State League 2 South - Reserves; HPG Homes State League 2 (Seniors) Final Series,26,14,1256,6,1,0,0,0,false
gdM61BLWOm,2026,Eastern United,Federation Cup Reserves; HPG Homes State League 1 Reserves; HPG Homes State League 1; Hahn Australia Cup SA Preliminary Rounds,23,15,2037,9,1,0,0,0,false
gdM61PAwbm,2025,Gawler Eagles,HPG Homes State League 2 North - Reserves; Federation Cup Reserves; HPG Homes State League 2 North,23,21,1808,7,1,0,0,0,false
gdM61PAwbm,2026,Gawler Eagles,Hahn Australia Cup SA Preliminary Rounds; Senior Men's Trials; HPG Homes State League 2 North,22,10,1241,2,1,0,0,0,false
gdM61Rbk2m,2025,West Adelaide,U16 Carl's Jr. Youth Premier Cup; Nova Under 16's YPL B Mixed; U17 Carl's Jr. Youth Premier Cup; HPG Homes State League 1 Under 18's,16,9,840,6,3,1,0,0,false
gdM61Rbk2m,2026,Adelaide Cobras,HPG Homes State League 1 Under 18's; Federation Cup U18's,16,12,1440,2,3,0,0,0,false
gdM61VXGQm,2023,Gawler Eagles,Federation Cup U18's; State League 2 Under 18's; State League 2 Reserves; U18 Trial Matches,24,22,2640,0,4,0,0,0,false
gdM61VXGQm,2025,Elizabeth Grove,Reserves; HPG Homes State League 2 North - Reserves; HPG Homes State League 2 North; Federation Cup Reserves; Australia Cup SA Preliminary Rounds,26,19,1830,5,4,0,0,0,false
gdM61VXGQm,2026,Elizabeth Grove,HPG Homes State League 2 North - Reserves,11,9,761,0,4,0,0,0,false
gdM6BwVlpm,2026,Modbury Jets,Hahn Australia Cup SA Preliminary Rounds; HPG Homes State League 1; Senior Men's Trials,25,23,2789,2,5,0,0,0,false
gdM6P51r2m,2026,Adelaide Titans Football Club,Federation Cup Reserves,1,1,24,0,0,0,0,0,false
gdM6PG8kBm,2024,Salisbury United,Under 14 JPL C; U14 Carl's Junior Boys Cup,16,15,1180,1,0,0,0,0,false
gdM6PG8kBm,2025,Salisbury United,Under 15 Trials; Nova Under 15's YPL C Mixed; U15 Carl's Jr. Youth Premier Cup,24,20,1870,3,1,0,0,0,false
gdM6PG8kBm,2026,Salisbury United,Nova Under 16's YPL B Mixed; U16 Carl's Jr. Youth Premier Cup; HPG Homes State League 1 Under 18's,19,15,1425,4,0,0,0,0,false
gdM6PGP21m,2026,Elizabeth Grove,Hahn Australia Cup SA Preliminary Rounds; Senior Men's Trials; HPG Homes State League 2 North; HPG Homes State League 2 North - Reserves,17,12,1020,4,5,1,0,0,false
gdM6PGQP2m,2023,Gawler Eagles,Under 14's JPL C; U14 Carl's Junior Boys Cup,18,18,1580,2,2,0,0,0,false
gdM6PGQP2m,2024,Para Hills Knights,Under 15 JPL B; U15 Carl's Junior Boys Cup,18,17,1520,1,1,1,0,0,false
gdM6PGQP2m,2025,MetroStars,Under 17 Trials; Nova Under 17's YPL A Mixed; U17 Carl's Jr. Youth Premier Cup,23,18,1775,0,1,0,0,0,false
gdM6PGQP2m,2026,Salisbury United; Playford City,HPG Homes State League 1 Under 18's; HPG Homes State League 1 Reserves; Federation Cup Reserves; RAA NPL Under 18's; RAA NPL Reserves,20,13,1640,0,0,0,0,0,false
gdM6PGQzpm,2026,Salisbury United,Under 17 Trials - No Match Officials; Under 17's B Mixed; U17 Carl's Jr. Youth Premier Cup; HPG Homes State League 1 Under 18's,11,6,570,0,1,0,0,0,false
gdM6PGqPxm,2026,Elizabeth Grove,Federation Cup U18's; HPG Homes State League 2 North - Under 18's,19,6,540,1,0,0,0,0,false
gdM6PJzMDm,2026,Adelaide University,HPG Homes State League 2 South; Hahn Australia Cup SA Preliminary Rounds; HPG Homes State League 2 South - Reserves,17,11,1460,3,1,1,0,0,false
gdM6PP3YQm,2026,South Adelaide,HPG Homes State League 1 Reserves; HPG Homes State League 1; Federation Cup Reserves,15,10,1422,0,1,0,0,1,true
gdM6PPePOm,2023,Modbury Jets,RAA NPL Under 18's; Federation Cup U18's; RAA NPL Reserves; Federation Cup Reserves; RAA NPL,36,27,3539,15,1,0,0,0,false
gdM6PPePOm,2024,Modbury Jets,Reserves Trial Matches; Senior Men's Trial Matches; RAA NPL Reserves; Federation Cup Reserves; RAA NPL,33,22,1804,13,5,0,0,0,true
gdM6PPePOm,2025,Modbury Jets,RAA NPL Reserves; Australia Cup SA Preliminary Rounds; Federation Cup Reserves; RAA NPL,19,14,1431,13,6,0,0,0,false
gdM6PPePOm,2026,Adelaide Atletico VSC,Hahn Australia Cup SA Preliminary Rounds; HPG Homes State League 1; HPG Homes State League 1 Reserves,18,6,1023,7,2,0,0,0,false
gdM6PX7WOm,2026,Gawler Eagles,Federation Cup U18's; Under 18's; HPG Homes State League 2 North - Under 18's; HPG Homes State League 2 North - Reserves,20,19,1740,0,0,0,0,0,false
gdM6PXnopm,2026,Western Strikers,Nova Under 15's YPL B Mixed; U15 Carl's Jr. Youth Premier Cup; HPG Homes State League 2 South - Under 18's,24,9,850,11,2,0,0,0,false
gdM6PexxBm,2026,Adelaide Croatia Raiders,HPG Homes State League 1 Reserves; HPG Homes State League 1 Under 18's; Federation Cup U18's,6,5,541,0,2,0,0,0,false
gdM6Pkebbm,2023,Modbury Jets,Under 14's JPL B; U14 Carl's Junior Boys Cup; Under 14's JSL C,20,20,1750,0,0,0,0,4,true
gdM6Pkebbm,2024,Modbury Jets,Under 15 Trials - No Match Officials; Under 15 JPL B; U15 Carl's Junior Boys Cup; Under 15 JSL A,22,22,1955,1,0,0,0,0,true
gdM6Pkebbm,2025,Modbury Jets,RAA NPL Under 18's; RAA NPL Reserves; Federation Cup U18's; Federation Cup Reserves; RAA NPL; Nova Under 17's YPL A Mixed,23,22,2015,0,0,1,0,2,true
gdM6Pkebbm,2026,Modbury Jets,Federation Cup U18's; Federation Cup Reserves; HPG Homes State League 1 Under 18's; HPG Homes State League 1 Reserves; HPG Homes State League 1,28,25,3000,0,3,0,0,8,true
gdM6PrqWpm,2026,Mount Barker United,Reserves; HPG Homes State League 2 South - Reserves; Federation Cup Reserves,12,11,1096,0,0,0,0,0,false
gdM6PwL9Qm,2023,Ghan United,Australia Cup SA Preliminary Rounds,1,0,0,0,0,0,0,0,false
gdM6PwL9Qm,2025,Pitbulls Football Club,Australia Cup SA Preliminary Rounds,1,1,120,0,0,0,0,0,false
gdM6PwL9Qm,2026,Ghan United,Hahn Australia Cup SA Preliminary Rounds; HPG Homes State League 2 South; HPG Homes State League 2 (Seniors) Finals Series,19,17,2000,0,2,0,0,0,false
gdM6Pwa9bm,2026,Ghan United,Federation Cup U18's; HPG Homes State League 2 South - Under 18's; HPG Homes State League 2 South - Reserves; Under 16's YSL Mixed,19,13,1648,8,3,0,0,0,false
gdM6Pwaybm,2023,Adelaide Croatia Raiders,Under 13's JSL A; Under 14's JSL A,13,5,400,4,0,0,0,0,false
gdM6Pwaybm,2024,Adelaide Croatia Raiders,Under 15 JSL A; Under 14 JSL A; U14 Carl's Junior Boys Cup; Under 14 JPL A,20,13,1170,19,0,0,0,0,false
gdM6Pwaybm,2025,Adelaide Croatia Raiders,Nova Under 15's YSL A Mixed; U15 Carl's Jr. Youth State Cup; Nova Under 15's YPL A Mixed; U15 Carl's Jr. Youth Premier Cup; Nova Under 16's YPL A Mixed,23,11,1045,20,0,0,0,0,false
gdM6Pwaybm,2026,Eastern United,Nova Under 16's YPL B Mixed; HPG Homes State League 1 Under 18's,12,10,950,12,1,0,0,0,false
gdM6Py2xOm,2026,Gawler Eagles,Under 16 Trials; U16 Carl's Jr. Youth Premier Cup; HPG Homes State League 2 North - Under 18's; Nova Under 16's YPL C North Mixed,17,15,1420,1,0,0,0,0,false
gdM6PzlEOm,2026,Adelaide Olympic,HPG Homes State League 1 Under 18's; Federation Cup U18's; HPG Homes State League 1 Reserves,26,16,2040,4,0,0,0,0,false
gdM6VEPnOm,2026,Salisbury Inter,Under 16 Trials; U16 Carl's Jr. Youth Premier Cup; Nova Under 16's YPL C North Mixed; HPG Homes State League 2 North - Under 18's; Nova Under 16's YPL C Mixed Finals Series,20,17,1580,4,2,0,0,0,false
gdM6Vvje7m,2023,Adelaide City,Under 15's JPL A; Under 15's JSL A; Under 15's JSL B; U15 Carl's Junior Boys Cup; Under 16's JSL A; Under 17's JPL A; U16 JPL A - Top Half,32,27,2400,3,2,1,0,0,false
gdM6Vvje7m,2024,Campbelltown City,Under 16 Trials; Under 16 JSL A; U16 Carl's Junior Boys Cup; Under 16 JPL A,23,16,1430,4,3,1,0,0,false
gdM6Vvje7m,2025,Campbelltown City,Under 17 Trials; Under 17 Trials - No Match Officials; Nova Under 17's YPL A Mixed; U17 Carl's Jr. Youth Premier Cup,21,20,2095,1,4,0,0,0,false
gdM6Vvje7m,2026,Eastern United,Federation Cup U18's; HPG Homes State League 1 Under 18's,16,12,1440,0,3,0,0,0,false
gdME2ryOdE,2023,Playford City,State League 1 Under 18's; State League 1 Reserves; Federation Cup U18's; Federation Cup Reserves,32,22,3024,0,2,1,0,0,false
gdME2ryOdE,2024,Playford City,Reserves Trial Matches; State League 1 Reserves; Federation Cup Reserves,21,9,1137,0,1,0,0,0,false
gdME2ryOdE,2025,Elizabeth Grove,Reserves; Senior Men's Trials; HPG Homes State League 2 North - Reserves; Federation Cup Reserves; Australia Cup SA Preliminary Rounds; HPG Homes State League 2 North,26,22,2076,1,1,0,0,0,false
gdME2ryOdE,2026,Elizabeth Downs Soccer Club,Senior Men's Trials; Federation Cup Reserves; HPG Homes State League 2 North; HPG Homes State League 2 North - Reserves,21,19,1723,1,1,0,0,0,false
gdME43J1dE,2023,South Adelaide,Under 15 Trials; Under 14's JPL A; Under 15's JPL A; U14 Carl's Junior Boys Cup; U15 Carl's Junior Boys Cup; Under 15's JSL B,35,25,2230,1,1,0,0,0,false
gdME43J1dE,2024,South Adelaide,Under 15 JPL A; Under 16 Trials - No Match Officials; U15 Carl's Junior Boys Cup; Under 16 JPL A,25,22,2035,6,3,0,0,0,false
gdME43J1dE,2026,South Adelaide,HPG Homes State League 1 Under 18's; HPG Homes State League 1 Reserves; Federation Cup U18's; Federation Cup Reserves,17,12,1669,4,5,1,0,0,false
gdMEA44bdE,2023,Fulham United,Under 15's JPL B; U15 Carl's Junior Boys Cup; U15 JPL B - Top Half; Under 15's JSL B,14,7,630,0,0,0,0,0,false
gdMEA44bdE,2024,Fulham United,Under 16 JPL B; State League 1 Under 18's; U16 Carl's Junior Boys Cup,25,15,1340,7,0,0,0,0,false
gdMEA44bdE,2025,Fulham United,HPG Homes State League 1 Under 18's; Federation Cup U18's,21,18,1680,4,1,0,0,0,false
gdMEA44bdE,2026,Fulham United,HPG Homes State League 1 Under 18's; Federation Cup U18's; HPG Homes State League 1 Reserves,27,19,2328,4,2,0,0,0,false
gdMERR9ZdE,2023,WT Birkalla,Under 14's JPL B; U14 Carl's Junior Boys Cup; Under 14's JSL B,22,22,1910,0,0,0,0,0,false
gdMERR9ZdE,2024,WT Birkalla,Under 15 Trials - No Match Officials; Under 15 JPL B; U15 Carl's Junior Boys Cup; Under 15 JSL A,15,13,1140,1,0,0,0,0,false
gdMERR9ZdE,2025,WT Birkalla,Under 16 Trials; Nova Under 16's YPL A Mixed; U16 Carl's Jr. Youth Premier Cup,26,26,2410,0,0,0,0,0,false
gdMERR9ZdE,2026,Cumberland United,Under 17's A Mixed; HPG Homes State League 1 Under 18's,19,17,1615,2,0,0,0,0,false
gdMERw8QdE,2023,Adelaide Victory,Australia Cup SA Preliminary Rounds; State League 1; 23 Senior Men's Trial Matches,20,17,287,0,8,1,0,0,false
gdMERw8QdE,2024,Adelaide Victory; Playford City,Senior Men's Trial Matches; Australia Cup SA Preliminary Rounds; State League 1; State League 1 Reserves,28,23,1822,4,4,0,0,0,false
gdMERw8QdE,2025,Modbury Vista,HPG Homes State League 2 North - Reserves; Federation Cup Reserves; HPG Homes State League 2 North; HPG Homes State League 2 (Seniors) Final Series,21,21,1915,0,3,1,0,0,false
gdMERw8QdE,2026,Modbury Vista,Hahn Australia Cup SA Preliminary Rounds; Senior Men's Trials; HPG Homes State League 2 North; HPG Homes State League 2 (Seniors) Finals Series,23,23,2218,0,4,0,0,0,false
gdMERww7dE,2023,Gawler Eagles,Under 13 Trials; Under 13's JPL B; U13 Carl's Junior Boys Cup; Under 16's JPL B,24,24,1950,0,0,0,0,2,true
gdMERww7dE,2024,Gawler Eagles,Under 14 Trials; Under 14 JPL B; U14 Carl's Junior Boys Cup,25,25,2185,0,0,0,0,1,true
gdMERww7dE,2025,Gawler Eagles,Under 15 Trials; Nova Under 15's YPL C Mixed; Nova Under 16's YPL C Mixed; Nova Under 14's YPL C Mixed,30,28,2560,1,2,0,0,4,true
gdMERww7dE,2026,Gawler Eagles,Federation Cup U18's; Under 18's; HPG Homes State League 2 North - Under 18's; U16 Carl's Jr. Youth Premier Cup; HPG Homes State League 2 North - Reserves; Nova Under 16's YPL C North Mixed,23,23,2115,0,1,0,0,1,true
gdMERzABdE,2023,MetroStars,Under 14 Trials; Under 14's JSL A; U14 Carl's Junior Boys Cup,23,19,1410,14,0,0,0,0,false
gdMERzABdE,2024,MetroStars,Under 14 Trials; Under 14 JPL A; U14 Carl's Junior Boys Cup; Under 14 JSL A,21,15,1200,3,3,0,0,0,false
gdMERzABdE,2025,Adelaide Croatia Raiders,Under 14 Trials; Nova Under 15's YPL A Mixed; U15 Carl's Jr. Youth Premier Cup; Nova Under 16's YPL A Mixed,28,22,2055,1,2,0,0,0,false
gdMERzABdE,2026,Adelaide Croatia Raiders,Under 15 Trials; Nova Under 16's YPL A Mixed; U16 Carl's Jr. Youth Premier Cup; HPG Homes State League 1 Under 18's,28,19,1800,7,2,0,0,0,false
gdMEeB1xdE,2023,Para Hills Knights,Under 14 Trials; Under 14's JPL A; U14 Carl's Junior Boys Cup; Under 15's JPL A; Under 14's JSL A,29,27,2250,6,0,0,0,0,false
gdMEeB1xdE,2024,Modbury Vista,Under 15 Trials; Under 15 JPL A; U15 Carl's Junior Boys Cup; Under 15 JSL B; Under 17 JPL B,30,23,2060,4,2,0,0,0,false
gdMEeB1xdE,2025,Modbury Vista,Under 18's; Under 16 Trials; HPG Homes State League 2 North - Under 18's; Nova Under 16's YPL C Mixed; U16 Carl's Jr. Youth Premier Cup; Federation Cup U18's; HPG Homes State League 2 (18s) Final Series,35,25,2340,19,2,0,0,0,false
gdMEeB1xdE,2026,Modbury Vista,Federation Cup U18's; Federation Cup Reserves; Under 18's; HPG Homes State League 2 North - Under 18's; HPG Homes State League 2 (18s) Final Series; HPG Homes State League 2 (Reserves) Final Series,25,13,1274,3,0,0,0,0,false
gdMEer1QdE,2023,Adelaide Comets,Under 13 Trials; Under 13's JPL A; U13 Carl's Junior Boys Cup,28,28,2100,0,1,0,0,4,true
gdMEer1QdE,2024,Adelaide Comets,Under 14 Trials; Under 14 JPL A; U14 Carl's Junior Boys Cup,28,25,1920,0,1,0,0,5,true
gdMEer1QdE,2025,Adelaide Comets,Under 15 Trials; Nova Under 15's YPL A Mixed; Nova Under 17's YPL A Mixed; Nova Under 16's YSL A Mixed; U17 Carl's Jr. Youth Premier Cup; U15 Carl's Jr. Youth Premier Cup,22,12,1095,0,0,1,0,2,true
gdMEer1QdE,2026,Adelaide Titans Football Club,HPG Homes State League 2 South - Under 18's; HPG Homes State League 2 South - Reserves,14,13,1560,0,0,0,0,0,true
gdMEkR9DdE,2023,Elizabeth Downs Soccer Club,Australia Cup SA Preliminary Rounds,1,1,120,2,0,0,0,0,false
gdMEkR9DdE,2024,Elizabeth Downs Soccer Club,Australia Cup SA Preliminary Rounds,1,1,120,0,0,0,0,0,false
gdMEkR9DdE,2025,Modbury Vista,Senior Men's Trials; HPG Homes State League 2 North; HPG Homes State League 2 North - Reserves; HPG Homes State League 2 (Seniors) Final Series,19,16,1497,9,3,0,0,0,false
gdMEkR9DdE,2026,Elizabeth Downs Soccer Club,Hahn Australia Cup SA Preliminary Rounds; Senior Men's Trials; HPG Homes State League 2 North; HPG Homes State League 2 (Seniors) Finals Series,23,22,2087,14,8,0,0,0,false
gdMElYnxdE,2023,Adelaide Blue Eagles,Under 14's JPL B; U14 Carl's Junior Boys Cup; Under 14's JSL B; Under 15's JPL B,22,20,1750,0,1,0,0,0,false
gdMElYnxdE,2024,Adelaide Blue Eagles,Under 15 Trials; Under 15 JPL C; U15 Carl's Junior Boys Cup; Under 14 Trials - No Match Officials; Under 15 JSL B; Under 16 JPL B; U16 Carl's Junior Boys Cup; State League 1 Under 18's,32,25,2215,7,0,0,0,0,false
gdMElYnxdE,2025,Adelaide Blue Eagles,Under 16 Trials; Nova Under 16's YPL C Mixed; Nova Under 17's YPL B Mixed; U16 Carl's Jr. Youth Premier Cup; HPG Homes State League 1 Under 18's,31,24,2245,16,3,0,0,0,false
gdMElYnxdE,2026,Adelaide Blue Eagles,U17 Carl's Jr. Youth Premier Cup; HPG Homes State League 1 Under 18's; Federation Cup U18's; Federation Cup Reserves; Under 17's A Mixed; HPG Homes State League 1 Reserves,26,17,2093,13,1,0,0,0,false
gdMEo667dE,2023,Adelaide City,RAA NPL; Australia Cup SA Preliminary Rounds; RAA NPL Reserves,27,19,920,1,3,0,0,0,false
gdMEo667dE,2024,West Adelaide,State League 1; Australia Cup SA Preliminary Rounds,17,12,1088,1,0,1,0,0,false
gdMEo667dE,2025,Adelaide Olympic,HPG Homes State League 1 Reserves,10,10,871,1,3,0,0,0,false
gdMEo667dE,2026,Eastern United,Federation Cup Reserves; HPG Homes State League 1; Senior Men's Trials,15,5,933,1,2,0,0,0,false
gdMEp90DdE,2023,Gawler Eagles,Federation Cup Reserves; State League 2; State League 2 Reserves; 23 Senior Men's Trial Matches; 23 Reserves Trial Matches,28,23,2423,0,5,0,0,0,false
gdMEp90DdE,2024,Gawler Eagles,Reserves Trial Matches; Senior Men's Trial Matches; State League 2 Reserves; Federation Cup Reserves; State League 2,17,16,1117,0,2,0,0,0,false
gdMEp90DdE,2025,Gawler Eagles,HPG Homes State League 2 North; Federation Cup Reserves; HPG Homes State League 2 North - Reserves; HPG Homes State League 2 (Seniors) Final Series,18,15,1359,1,1,0,0,0,false
gdMEp90DdE,2026,Gawler Eagles,Senior Men's Trials; HPG Homes State League 2 North - Reserves; Federation Cup Reserves; HPG Homes State League 2 North,15,13,1200,1,0,0,0,0,false
gdMEp9V7dE,2023,Adelaide Hills Hawks,Under 14 Trials; Under 14's JPL B; U14 Carl's Junior Boys Cup,23,18,1560,3,0,0,0,0,false
gdMEp9V7dE,2024,Adelaide Hills Hawks,Under 15 Trials; Under 15 JPL B; U15 Carl's Junior Boys Cup,21,16,1430,1,0,0,0,0,false
gdMEp9V7dE,2025,Adelaide Hills Hawks,Nova Under 16's YPL C Mixed; U16 Carl's Jr. Youth Premier Cup,24,17,1570,5,1,0,0,0,false
gdMEp9V7dE,2026,Adelaide Hills Hawks,Federation Cup U18's; HPG Homes State League 2 South - Under 18's; HPG Homes State League 2 South - Reserves; HPG Homes State League 2 (18s) Final Series,24,15,1841,0,0,0,0,0,false
gdMEq8O7dE,2023,Vipers FC,Under 14's JPL A; Under 14's JSL B; Under 15's JPL B; State League 1 Under 18's; U14 Carl's Junior Boys Cup,35,32,2770,3,0,0,0,0,false
gdMEq8O7dE,2024,Vipers FC,U18 Trial Matches; Under 15 Trials; State League 1 Under 18's; Under 16 Trials - No Match Officials; Under 15 JPL A; U15 Carl's Junior Boys Cup; Under 15 JSL A,38,26,2480,0,3,0,0,0,false
gdMEq8O7dE,2025,Vipers FC,HPG Homes State League 1 Under 18's; U16 Carl's Jr. Youth Premier Cup; HPG Homes State League 1 Reserves,23,19,1710,1,4,0,0,0,false
gdMEq8O7dE,2026,Vipers FC,Federation Cup U18's; HPG Homes State League 2 South - Under 18's; HPG Homes State League 2 South - Reserves; HPG Homes State League 2 (18s) Final Series; HPG Homes State League 2 (Reserves) Final Series,32,22,3084,2,0,0,0,0,false
gdMEqoD7dE,2023,Salisbury United; Noarlunga United,State League 2 Reserves; Australia Cup SA Preliminary Rounds; State League 2,5,3,-14,0,0,0,0,0,false
gdMEqoD7dE,2024,Seaford Rangers; Mount Barker United,Senior Men's Trial Matches; Australia Cup SA Preliminary Rounds; State League 2 Reserves; State League 2,19,17,1360,1,2,0,0,0,false
gdMEqoD7dE,2025,Mount Barker United,Senior Men's Trials; HPG Homes State League 2 South; Australia Cup SA Preliminary Rounds,18,18,1676,1,4,0,0,0,false
gdMEqoD7dE,2026,Mount Barker United,Hahn Australia Cup SA Preliminary Rounds; Senior Men's Trials; HPG Homes State League 2 South; HPG Homes State League 2 South - Reserves,20,19,2135,2,2,0,0,0,false
gdML6LvQKE,2023,Playford City,Under 15's JPL B; Under 14's JPL B; U14 Carl's Junior Boys Cup,20,15,1330,5,1,0,0,0,false
gdML6LvQKE,2024,Para Hills Knights,Under 15 JSL A; Under 15 JPL B; U15 Carl's Junior Boys Cup; Under 16 JPL A,24,19,1690,7,1,0,0,0,false
gdML6LvQKE,2025,Para Hills Knights,Under 16 Trials; Nova Under 16's YPL B Mixed; U16 Carl's Jr. Youth Premier Cup; RAA NPL Under 18's,30,24,2230,12,0,0,0,0,false
gdML6LvQKE,2026,Salisbury United; Playford City,HPG Homes State League 1 Under 18's; HPG Homes State League 1 Reserves; Federation Cup Reserves; RAA NPL Under 18's,25,13,1651,1,0,0,0,0,false
gdMLObpbKE,2023,Para Hills Knights,Under 13 Trials; Under 13's JPL B; U13 Carl's Junior Boys Cup,24,21,1610,7,0,0,0,0,false
gdMLObpbKE,2024,Modbury Jets,Under 13 JPL A; U13 Carl's Junior Boys Cup; Under 13 Trials,29,22,1720,16,1,0,0,0,false
gdMLObpbKE,2025,Modbury Jets,Nova Under 14's YPL A Mixed; U14 Carl's Jr. Youth Premier Cup; RAA NPL Under 18's; Nova Under 15's YPL A Mixed,20,16,1330,15,1,0,0,0,false
gdMLObpbKE,2026,Adelaide Croatia Raiders,Nova Under 15's YPL A Mixed; Nova Under 16's YPL A Mixed; U15 Carl's Jr. Youth Premier Cup; U16 Carl's Jr. Youth Premier Cup; HPG Homes State League 1 Under 18's,34,23,2185,17,1,0,0,0,false
gdMLXZ4xKE,2023,Adelaide University,Under 17's JPL A; U18 Trial Matches,20,20,1710,1,1,0,0,0,false
gdMLXZ4xKE,2024,Adelaide University,U18 Trial Matches; Federation Cup U18's; State League 2 Under 18's; State League 2 Reserves,22,21,1743,0,3,1,0,0,false
gdMLXZ4xKE,2026,Adelaide University,HPG Homes State League 2 South - Reserves; HPG Homes State League 2 South,13,9,942,0,2,0,0,0,false
gdMLb48ZKE,2023,Adelaide University,Under 16's JSL B; U16 Carl's Junior Boys Cup; Under 16's JPL B,24,22,1960,0,0,0,0,0,false
gdMLb48ZKE,2024,Adelaide University,Under 16 JPL B; U16 Carl's Junior Boys Cup,23,17,1520,0,0,0,0,0,false
gdMLb48ZKE,2025,Cove FC,Under 17 Trials - No Match Officials; Nova Under 17's YPL B Mixed; U17 Carl's Jr. Youth Premier Cup,17,17,1585,3,0,0,0,0,false
gdMLb48ZKE,2026,Plympton FC,Federation Cup Reserves; Reserves; HPG Homes State League 2 South - Reserves; HPG Homes State League 2 South - Under 18's,22,13,1741,0,0,0,0,0,false
gdMLbjWOKE,2023,Modbury Vista,Under 15 Trials; Under 15's JPL B; Under 16's JPL B; State League 2 Under 18's; U15 Carl's Junior Boys Cup; U16 Carl's Junior Boys Cup; Under 16's JSL B; U15 JPL B - Bottom Half,32,16,1340,9,4,0,0,0,false
gdMLbjWOKE,2024,Modbury Vista,Under 16 Trials - No Match Officials; Under 16 JPL B; Under 17 JPL B; U16 Carl's Junior Boys Cup; State League 2 Under 18's,25,22,2060,18,7,0,0,0,false
gdMLbjWOKE,2025,Modbury Vista,Under 18's; Reserves; HPG Homes State League 2 North - Under 18's; HPG Homes State League 2 North - Reserves; Federation Cup U18's; Federation Cup Reserves; HPG Homes State League 2 (18s) Final Series,25,18,1757,17,0,1,0,0,false
gdMLbjWOKE,2026,Modbury Vista,Federation Cup U18's; Under 18's; Reserves; HPG Homes State League 2 North - Under 18's; HPG Homes State League 2 North - Reserves; HPG Homes State League 2 (Reserves) Final Series; HPG Homes State League 2 (18s) Final Series,31,21,2313,38,2,0,0,0,false
gdMLbokbKE,2023,Gawler Eagles,Under 16 Trials; State League 2 Under 18's; Under 17's JPL C; Under 16's JPL B; U16 Carl's Junior Boys Cup; U18 Trial Matches,28,21,1820,1,2,0,0,0,false
gdMLbokbKE,2024,Gawler Eagles,U18 Trial Matches; Reserves Trial Matches; Federation Cup U18's; State League 2 Under 18's; State League 2 Reserves,12,4,57,0,0,0,0,0,false
gdMLbokbKE,2025,Gawler Eagles,Under 18's; Reserves; HPG Homes State League 2 North - Under 18's; Federation Cup U18's; HPG Homes State League 2 North - Reserves; HPG Homes State League 2 (18s) Final Series,34,29,2821,2,8,0,0,0,false
gdMLbokbKE,2026,Gawler Eagles,Federation Cup Reserves; Reserves; HPG Homes State League 2 North - Reserves,21,18,1592,0,2,0,0,0,false
gdMLbq9QKE,2023,Modbury Jets,Under 15's JPL B; U15 Carl's Junior Boys Cup; U15 JPL B - Top Half,17,15,1320,1,0,0,0,0,false
gdMLbq9QKE,2024,Modbury Jets,Under 16 Trials - No Match Officials; Under 16 JPL A; U16 Carl's Junior Boys Cup,25,23,2040,0,0,0,0,0,false
gdMLbq9QKE,2025,Modbury Jets,Nova Under 17's YPL A Mixed; U17 Carl's Jr. Youth Premier Cup,22,22,2030,1,0,0,0,0,false
gdMLbq9QKE,2026,Modbury Jets,Federation Cup U18's; HPG Homes State League 1 Under 18's; Federation Cup Reserves; HPG Homes State League 1 Reserves; Senior Men's Trials,30,28,3471,5,2,0,0,0,false
gdMX2v00BK,2023,Noarlunga United,Under 13's JPL C; U13 Carl's Junior Boys Cup; Under 13's JSL C; U13 JPL C - Bottom Half,20,16,1400,0,0,0,0,3,true
gdMX2v00BK,2024,Noarlunga United,Under 14 Trials - No Match Officials; Under 14 JSL C; U14 Carl's Junior Boys Cup,18,14,1110,1,0,0,0,0,true
gdMX2v00BK,2025,Noarlunga United,Nova Under 15's YPL B Mixed; U15 Carl's Jr. Youth Premier Cup,21,21,1980,0,0,0,0,0,true
gdMX2v00BK,2026,Noarlunga United,U16 Carl's Jr. Youth Premier Cup; Federation Cup Reserves; Under 16 Trials; Federation Cup U18's; Nova Under 16's YPL C South Mixed; HPG Homes State League 2 South - Under 18's; HPG Homes State League 2 South - Reserves,30,18,1738,0,0,0,0,4,true
gdMX498JOK,2024,Northern Demons,State League 2 Under 18's; Under 15 JPL C,9,5,450,1,0,0,0,0,false
gdMX498JOK,2025,Northern Demons,HPG Homes State League 2 North - Under 18's,16,16,1440,2,1,0,0,0,false
gdMX498JOK,2026,Northern Demons,Federation Cup U18's; HPG Homes State League 2 North - Under 18's,11,7,660,0,0,0,0,0,false
gdMX49V5QK,2026,Mount Barker United,HPG Homes State League 2 South - Reserves,1,0,40,1,0,0,0,0,false
gdMXo85eZK,2024,Mount Barker United,Under 13 Trials; Under 13 JSL C; U13 Carl's Junior Boys Cup; Under 16 JSL B,23,20,1680,14,0,0,0,0,false
gdMXo85eZK,2025,Mount Barker United,Under 14 Trials; Nova Under 14's YSL B Mixed; HPG Homes State League 2 South - Under 18's; U14 Carl's Jr. Youth State Cup,28,21,1775,12,0,0,0,0,false
gdMXo85eZK,2026,Mount Barker United,Under 15 Trials; Under 16 Trials; Nova Under 15's YPL C South Mixed; Nova Under 16's YPL C South Mixed; U15 Carl's Jr. Youth Premier Cup; HPG Homes State League 2 South - Under 18's; Nova Under 15's YPL C Mixed Finals Series,34,19,1775,5,1,0,0,0,false
gdMXoqOYxK,2024,Adelaide Comets,Reserves Trial Matches; RAA NPL Reserves; Federation Cup Reserves,24,21,1835,0,6,0,0,0,false
gdMXoqOYxK,2025,Adelaide Comets,RAA NPL Reserves; RAA NPL; Australia Cup SA Preliminary Rounds,29,22,1897,3,3,0,0,0,false
gdMXoqOYxK,2026,Eastern United; Adelaide Olympic,Federation Cup Reserves; HPG Homes State League 1 Reserves; HPG Homes State League 1; Hahn Australia Cup SA Preliminary Rounds,24,20,2306,0,4,0,0,0,false
jdy4yQryAK,2024,Modbury Jets,Under 14 JPL B; Under 14 JSL A; U14 Carl's Junior Boys Cup,30,19,1550,6,1,0,0,0,false
jdy4yQryAK,2025,Modbury Jets,Nova Under 15's YPL A Mixed; Nova Under 17's YPL A Mixed; Nova Under 16's YPL A Mixed; U15 Carl's Jr. Youth Premier Cup,15,10,950,0,0,0,0,0,false
jdy4yQryAK,2026,Modbury Jets,Under 16 Trials - No Match Officials; Nova Under 16's YPL B Mixed; U16 Carl's Jr. Youth Premier Cup; HPG Homes State League 1 Under 18's,30,24,2280,7,0,0,0,0,false
jdy4ya4AvK,2025,Modbury Vista,U16 Carl's Jr. Youth Premier Cup; Nova Under 16's YPL C Mixed,20,9,855,9,3,0,0,0,false
jdy4ya4AvK,2026,Pontian Eagles,Federation Cup U18's; HPG Homes State League 2 North - Under 18's,7,4,360,0,0,0,0,0,false
jdy4zRQ4AK,2024,Playford City; Para Hills Knights,Under 17 JPL A; Under 17 JPL B,10,7,630,0,1,0,0,0,false
jdy4zRQ4AK,2025,Croydon FC,Nova Under 17's YPL A Mixed; U17 Carl's Jr. Youth Premier Cup,10,9,825,0,0,0,0,0,false
jdy4zRQ4AK,2026,Pontian Eagles,Federation Cup U18's; HPG Homes State League 2 North - Under 18's,19,15,1350,1,3,0,0,0,false
jdyl0L2qK5,2023,Campbelltown City,Under 16 Trials; Under 16's JPL A; U16 Carl's Junior Boys Cup; Under 17's JPL A; U16 JPL A - Bottom Half,26,23,1850,7,2,0,0,0,false
jdyl0L2qK5,2024,Campbelltown City,U18 Trial Matches; Reserves Trial Matches; RAA NPL Under 18's; Federation Cup U18's; Under 17 JPL A,33,12,870,7,3,0,0,0,false
jdyl0L2qK5,2025,Campbelltown City,Under 18's; RAA NPL Under 18's; Federation Cup U18's; Federation Cup Reserves,29,29,2820,3,3,0,0,0,false
jdyl0L2qK5,2026,Eastern United,Federation Cup Reserves; HPG Homes State League 1 Reserves,22,21,2303,3,1,0,0,0,false
jdyl0ggbK5,2023,WT Birkalla,State League 1 Under 18's; State League 1 Reserves; Federation Cup U18's,37,27,3554,12,0,0,0,0,false
jdyl0ggbK5,2024,Salisbury United,Reserves Trial Matches; Senior Men's Trial Matches; Australia Cup SA Preliminary Rounds; State League 1 Reserves; State League 1,27,23,1796,3,2,0,0,0,false
jdyl0ggbK5,2025,Salisbury United,Senior Men's Trials; Reserves; HPG Homes State League 1 Reserves; Federation Cup Reserves; HPG Homes State League 1,32,27,2520,3,1,0,0,0,false
jdyl0ggbK5,2026,Pontian Eagles,Hahn Australia Cup SA Preliminary Rounds; Senior Men's Trials; HPG Homes State League 2 North; HPG Homes State League 2 (Seniors) Finals Series,23,22,1968,2,3,0,0,0,false
jdylAA3PK5,2025,Ghan United,Senior Men's Trials; Reserves; HPG Homes State League 2 North - Reserves; HPG Homes State League 2 North,11,5,315,1,0,0,0,0,false
jdylAA3PK5,2026,Northern Demons,HPG Homes State League 2 North - Reserves,1,1,61,0,0,0,0,0,false
jdylO2nzK5,2023,Croydon FC,RAA NPL Under 18's; Federation Cup U18's; Under 16's JPL A; U18 Trial Matches,23,9,960,0,1,0,0,0,false
jdylO2nzK5,2024,Croydon FC,Reserves Trial Matches; U18 Trial Matches; RAA NPL Under 18's; Federation Cup U18's,27,21,1530,2,2,0,0,0,false
jdylO2nzK5,2025,Adelaide Croatia Raiders,Reserves; RAA NPL Reserves; Federation Cup Reserves; RAA NPL,29,22,2002,4,2,0,0,0,false
jdylO2nzK5,2026,Adelaide Croatia Raiders,Hahn Australia Cup SA Preliminary Rounds; HPG Homes State League 1 Reserves; Federation Cup Reserves; HPG Homes State League 1,18,13,1639,1,3,0,0,0,false
jdylOLWqK5,2023,Salisbury United,State League 2; Australia Cup SA Preliminary Rounds,22,4,-745,7,3,1,0,0,false
jdylOLWqK5,2024,Salisbury United; Adelaide Olympic,Senior Men's Trial Matches; Australia Cup SA Preliminary Rounds; State League 1; RAA NPL Reserves,18,2,514,2,2,0,0,0,false
jdylOLWqK5,2025,Salisbury Inter,Senior Men's Trials; Australia Cup SA Preliminary Rounds; HPG Homes State League 2 North; HPG Homes State League 2 North - Reserves; HPG Homes State League 2 (Seniors) Final Series,20,7,868,4,1,0,0,0,false
jdylOLWqK5,2026,Salisbury Inter; Port Adelaide,Hahn Australia Cup SA Preliminary Rounds; Senior Men's Trials; HPG Homes State League 2 North,16,8,814,5,2,0,0,0,false
jdylOa8LK5,2023,MetroStars,Under 17 Trials; Under 17's JPL A; Under 16's JPL A; U17 Carl's Junior Boys Cup; Under 17's JPL C; U16 JPL A - Top Half; U18 Trial Matches,36,20,1580,35,0,0,0,0,false
jdylOa8LK5,2024,MetroStars,U18 Trial Matches; RAA NPL Under 18's; Federation Cup U18's; RAA NPL Reserves,30,25,2216,17,2,0,0,0,false
jdylOa8LK5,2025,MetroStars,Reserves; Under 18's; RAA NPL Under 18's; Federation Cup Reserves; RAA NPL Reserves,20,17,1604,12,3,0,0,0,false
jdylOa8LK5,2026,Adelaide Olympic,HPG Homes State League 1 Reserves; HPG Homes State League 1; Hahn Australia Cup SA Preliminary Rounds,18,11,1300,7,2,0,0,0,false
jdylVGODK5,2023,Campbelltown City,RAA NPL Reserves; Federation Cup Reserves; RAA NPL; Senior Men's Trials,17,16,1678,10,2,1,0,0,false
jdylVGODK5,2024,Campbelltown City,Senior Men's Trial Matches; Reserves Trial Matches; RAA NPL Reserves,15,9,391,4,0,0,0,0,false
jdylVGODK5,2025,Adelaide Olympic,HPG Homes State League 1 Reserves; HPG Homes State League 1,12,8,663,3,2,0,0,0,false
jdylVGODK5,2026,Vipers FC,Hahn Australia Cup SA Preliminary Rounds; Federation Cup Reserves; Senior Men's Trials; HPG Homes State League 2 South; HPG Homes State League 2 South - Reserves; HPG Homes State League 2 (Seniors) Finals Series,22,11,1696,4,2,0,0,0,false
jdylVro3K5,2023,Eastern United,Australia Cup SA Preliminary Rounds; State League 1,18,18,423,2,3,2,0,0,false
jdylVro3K5,2024,Eastern United,Senior Men's Trial Matches; Australia Cup SA Preliminary Rounds; State League 2,17,16,1442,0,2,0,0,0,false
jdylVro3K5,2025,Eastern United,HPG Homes State League 2 South; Australia Cup SA Preliminary Rounds; HPG Homes State League 2 (Seniors) Final Series,20,18,1743,0,4,0,0,0,false
jdylVro3K5,2026,Eastern United,HPG Homes State League 1; HPG Homes State League 1 Reserves; Hahn Australia Cup SA Preliminary Rounds; Senior Men's Trials,22,22,2610,0,2,0,0,0,false
jdylZ9REK5,2023,Adelaide University,State League 2 Under 18's; Federation Cup U18's; Under 17's JPL A; State League 2 Reserves; 23 Reserves Trial Matches,30,28,3147,0,0,0,0,0,false
jdylZ9REK5,2024,Adelaide University,Reserves Trial Matches; U18 Trial Matches; Federation Cup Reserves; State League 2 Under 18's; State League 2 Reserves,27,14,1246,2,0,0,0,0,false
jdylZ9REK5,2025,Adelaide University,Reserves; HPG Homes State League 2 South - Reserves; Federation Cup Reserves; HPG Homes State League 2 (Reserves) Final Series,26,10,1377,0,0,0,0,0,false
jdylZ9REK5,2026,Adelaide University,Federation Cup Reserves; Reserves; HPG Homes State League 2 South - Reserves,16,8,1122,0,0,0,0,0,false
jdylZx7EK5,2023,Western Strikers,Federation Cup Reserves; State League 2 Reserves,24,18,2213,5,1,0,0,0,false
jdylZx7EK5,2024,Western Strikers,Reserves Trial Matches; State League 1 Reserves; Federation Cup Reserves,21,6,531,0,0,0,0,0,false
jdylZx7EK5,2026,Plympton FC,Federation Cup Reserves; Reserves; HPG Homes State League 2 South - Reserves; HPG Homes State League 2 South,21,17,1605,7,1,0,0,0,false
jdylbAB6K5,2023,Mount Barker United; Modbury Vista,Australia Cup SA Preliminary Rounds; State League 2; Senior Men's Trials; 23 Senior Men's Trial Matches,26,23,906,5,9,1,0,0,false
jdylbAB6K5,2024,Modbury Vista,Senior Men's Trial Matches; Australia Cup SA Preliminary Rounds; State League 2,19,6,484,2,0,0,0,0,false
jdylbAB6K5,2025,Adelaide Hills Hawks,Senior Men's Trials; HPG Homes State League 2 South; Australia Cup SA Preliminary Rounds,25,24,2513,6,5,1,0,0,false
jdylbAB6K5,2026,Pontian Eagles,Hahn Australia Cup SA Preliminary Rounds; Senior Men's Trials; HPG Homes State League 2 North; HPG Homes State League 2 North - Reserves; HPG Homes State League 2 (Seniors) Finals Series,19,9,951,5,3,0,0,0,false
jdylbGREK5,2023,Ghan United,Australia Cup SA Preliminary Rounds,0,0,0,0,0,0,0,0,false
jdylbGREK5,2026,Ghan United,HPG Homes State League 2 South - Reserves,1,0,95,0,0,0,0,0,false
jdylbObvK5,2023,Cove FC,Federation Cup Reserves; State League 2 Reserves,18,15,1975,0,1,0,0,0,false
jdylbObvK5,2024,Seaford Rangers,Reserves Trial Matches; Federation Cup Reserves; State League 2 Reserves; State League 2,24,24,1916,0,3,0,0,0,false
jdylbObvK5,2025,Seaford Rangers,Reserves; HPG Homes State League 2 South - Reserves; Federation Cup Reserves; HPG Homes State League 2 South,21,18,1560,0,6,1,0,0,false
jdylbObvK5,2026,Plympton FC,Federation Cup Reserves; Hahn Australia Cup SA Preliminary Rounds; Senior Men's Trials; HPG Homes State League 2 South; HPG Homes State League 2 South - Reserves,17,11,1192,1,3,0,0,0,false
jdylbnBLK5,2023,Port Adelaide,State League 1 Under 18's; Federation Cup U18's; Reserves; State League 1 Reserves,31,25,3250,6,1,0,0,0,false
jdylbnBLK5,2024,Port Adelaide,Reserves Trial Matches; Federation Cup Reserves; State League 2 Reserves; State League 2,27,21,1907,10,0,0,0,0,false
jdylbnBLK5,2025,Port Adelaide,HPG Homes State League 2 North - Reserves; Federation Cup Reserves; HPG Homes State League 2 North,14,14,1277,1,0,0,0,0,false
jdylbnBLK5,2026,Port Adelaide,Federation Cup Reserves; Senior Men's Trials; HPG Homes State League 2 North - Reserves; HPG Homes State League 2 North; HPG Homes State League 2 (Reserves) Final Series,23,22,1999,5,1,0,0,0,false
jdyr4Mbzm5,2023,Plympton FC,Under 13's JSL B; U13 Carl's Junior Boys Cup,19,17,1350,0,0,0,0,1,true
jdyr4Mbzm5,2024,Plympton FC,Under 14 JSL B; U14 Carl's Junior Boys Cup; Under 15 JSL A,20,18,1430,0,0,0,0,0,true
jdyr4Mbzm5,2025,Plympton FC,Under 15 Trials; U16 Carl's Jr. Youth Premier Cup; Nova Under 15's YSL B Mixed; U15 Carl's Jr. Youth State Cup; Nova Under 16's YSL A Mixed,23,23,2155,0,0,0,0,0,true
jdyr4Mbzm5,2026,Plympton FC,Under 16 Trials; HPG Homes State League 2 South - Under 18's; Under 17's A Mixed; U17 Carl's Jr. Youth Premier Cup,22,22,2080,0,0,0,0,0,true
jdyrl4kPm5,2023,Mount Barker United,Under 13's JPL B; U13 Carl's Junior Boys Cup,23,15,1270,5,0,0,0,0,false
jdyrl4kPm5,2024,Mount Barker United,Under 14 Trials; Under 14 JPL A; U14 Carl's Junior Boys Cup; Under 14 JSL B,24,18,1430,2,0,0,0,0,false
jdyrl4kPm5,2026,Mount Barker United,Under 16 Trials; Nova Under 16's YPL C South Mixed; HPG Homes State League 2 South - Under 18's; U16 Carl's Jr. Youth Premier Cup,26,21,1965,3,2,0,0,0,false
jdyrlwQzm5,2023,Adelaide Olympic,Under 12's JPL Red; U12 Carl's Junior Boys Cup; Under 12 JPL A,18,2,140,10,1,0,0,0,false
jdyrlwQzm5,2024,Adelaide Olympic,Under 13 JPL A; U13 Carl's Junior Boys Cup,20,16,1250,7,0,0,0,0,false
jdyrlwQzm5,2025,Gawler Eagles,Nova Under 14's YPL C Mixed; U14 Carl's Jr. Youth Premier Cup; Nova Under 15's YPL C Mixed,22,16,1345,14,2,0,0,0,false
jdyrlwQzm5,2026,Gawler Eagles,Federation Cup U18's; Under 18's; HPG Homes State League 2 North - Under 18's; HPG Homes State League 2 North - Reserves,21,18,1684,9,1,0,0,0,false
jdyrqbVAm5,2023,Fulham United,Under 15's JPL B; Under 15's JSL B; U15 Carl's Junior Boys Cup; U15 JPL B - Top Half,16,14,1250,1,0,0,0,0,false
jdyrqbVAm5,2024,Fulham United,Under 16 JPL B; U16 Carl's Junior Boys Cup; Under 16 JSL A,22,19,1700,3,6,0,0,0,false
jdyrqbVAm5,2025,Fulham United,Nova Under 17's YPL A Mixed; U17 Carl's Jr. Youth Premier Cup; HPG Homes State League 1 Under 18's,20,17,1585,3,5,1,0,0,false
jdyrqbVAm5,2026,Vipers FC,Federation Cup U18's; Under 18's; HPG Homes State League 2 South - Under 18's; HPG Homes State League 2 South - Reserves; HPG Homes State League 2 (18s) Final Series,26,26,3090,2,5,0,0,0,false
jdyrvV73m5,2023,Gawler Eagles,Under 13 Trials; Under 13's JPL B; U13 Carl's Junior Boys Cup,22,22,1780,33,0,0,0,0,false
jdyrvV73m5,2024,Adelaide Croatia Raiders,Under 14 Trials; Under 14 JPL A; Under 15 JSL A; U14 Carl's Junior Boys Cup; Under 13 JPL A; Under 15 Trials,33,27,2150,34,0,0,0,0,false
jdyrvV73m5,2025,Football SA State Squads,Under 16 Trials; Nova Under 15's YPL A Mixed; U15 Carl's Jr. Youth Premier Cup; U16 Carl's Jr. Youth Premier Cup; Nova Under 16's YPL A Mixed,29,20,1865,10,0,0,0,0,false
jdyrvV73m5,2026,Adelaide Croatia Raiders,Under 15 Trials; Nova Under 16's YPL A Mixed; HPG Homes State League 1 Under 18's; U16 Carl's Jr. Youth Premier Cup; HPG Homes State League 1 Reserves,40,34,3350,23,1,0,0,0,false
jdyw6JOM6N,2026,Adelaide Olympic,Hahn Australia Cup SA Preliminary Rounds; HPG Homes State League 1,24,23,2468,2,2,0,0,0,false
jdyw6JVk3N,2026,Cumberland United,Hahn Australia Cup SA Preliminary Rounds; HPG Homes State League 1,25,22,2046,7,4,0,0,0,false
jdyw6Jxw3N,2026,Fulham United,Hahn Australia Cup SA Preliminary Rounds; HPG Homes State League 1; Senior Men's Trials,21,21,2094,2,0,0,0,0,false
jdyw6X5GLN,2023,Croydon FC,RAA NPL Reserves; Federation Cup Reserves; RAA NPL,15,13,1283,7,2,0,0,0,false
jdyw6X5GLN,2025,Sturt Lions,HPG Homes State League 1 Reserves; Federation Cup Reserves,17,2,525,6,2,0,0,0,false
jdyw6X5GLN,2026,Seaford Rangers,Federation Cup Reserves; HPG Homes State League 2 South - Reserves,16,15,1624,2,2,0,0,0,false
jdyw6XxY3N,2026,Modbury Jets,Hahn Australia Cup SA Preliminary Rounds; HPG Homes State League 1 Reserves; HPG Homes State League 1; Federation Cup Reserves,32,13,1742,11,1,0,0,0,false
jdywD67zzN,2025,South Adelaide,HPG Homes State League 1; Australia Cup SA Preliminary Rounds,19,12,1102,0,3,0,0,0,false
jdywD67zzN,2026,South Adelaide; Adelaide Cobras,HPG Homes State League 1 Reserves; Federation Cup Reserves; HPG Homes State League 1,17,11,1349,2,1,0,0,0,false
jdywD6lxAN,2025,,,0,0,0,0,0,0,0,0,false
jdywD6lxAN,2026,Cove FC,Hahn Australia Cup SA Preliminary Rounds; HPG Homes State League 1; Senior Men's Trials,18,15,1909,2,6,0,0,0,false
jdywDLpbzN,2025,Adelaide Cobras,HPG Homes State League 1 Under 18's; Federation Cup U18's,8,2,180,1,0,0,0,0,false
jdywDLpbzN,2026,Noarlunga United,HPG Homes State League 2 South - Under 18's; Federation Cup U18's,17,16,1920,0,1,0,0,0,false
jdywDeY3EN,2025,Gawler Eagles,Under 16 Trials; U16 Carl's Jr. Youth Premier Cup; Nova Under 16's YPL C Mixed,22,22,2060,2,1,0,0,0,false
jdywDeY3EN,2026,Gawler Eagles,Under 16 Trials; Federation Cup U18's; Under 18's; HPG Homes State League 2 North - Under 18's; U16 Carl's Jr. Youth Premier Cup; Nova Under 16's YPL C North Mixed,34,20,1865,10,0,0,0,0,false
jdywDnqwbN,2025,Adelaide Olympic,HPG Homes State League 1; Australia Cup SA Preliminary Rounds,20,8,943,3,1,0,0,0,false
jdywDnqwbN,2026,Cumberland United,Hahn Australia Cup SA Preliminary Rounds; HPG Homes State League 1 Reserves; HPG Homes State League 1,23,9,1208,8,2,0,0,0,false
jdywDpgOEN,2025,Fulham United,HPG Homes State League 1; Australia Cup SA Preliminary Rounds; HPG Homes State League 1 Reserves,26,20,1786,7,4,1,0,0,false
jdywDpgOEN,2026,Fulham United,Hahn Australia Cup SA Preliminary Rounds; HPG Homes State League 1; Senior Men's Trials,21,17,1832,1,1,1,0,0,false
jdywGWVrvN,2026,Port Adelaide,Senior Men's Trials; HPG Homes State League 2 North; Hahn Australia Cup SA Preliminary Rounds,11,9,749,2,5,0,0,0,false
jdywGjwEqN,2025,Salisbury Inter,HPG Homes State League 2 North - Reserves; HPG Homes State League 2 North - Under 18's,4,1,201,2,1,0,0,0,false
jdywGjwEqN,2026,Vipers FC,Federation Cup Reserves; Senior Men's Trials; HPG Homes State League 2 South - Reserves,6,2,383,2,0,0,0,0,false
jdywGxgbqN,2026,Mount Barker United,Under 16 Trials; Nova Under 16's YPL C South Mixed; U16 Carl's Jr. Youth Premier Cup,21,21,1965,2,2,0,0,0,false
jdywJ0GbbN,2026,Para Hills Knights; Angle Vale,RAA NPL; Hahn Australia Cup SA Preliminary Rounds; HPG Homes State League 2 North - Reserves; HPG Homes State League 2 North,7,3,304,0,0,0,0,0,false
jdywJ15XPN,2026,Noarlunga United,Federation Cup U18's; HPG Homes State League 2 South - Under 18's,5,5,600,0,1,0,0,0,false
jdywJJPa6N,2026,Fulham United,HPG Homes State League 1 Reserves; Federation Cup Reserves,21,4,1173,0,0,0,0,0,false
jdywJJxwAN,2023,Adelaide Atletico,Under 16's JSL B,9,9,810,0,0,0,0,1,true
jdywJJxwAN,2024,Adelaide Atletico,Under 16 Trials; Under 17 JPL C; U17 Carl's Junior Boys Cup,17,17,1515,0,0,0,0,0,true
jdywJJxwAN,2025,Adelaide Atletico VSC,Under 18's; HPG Homes State League 2 North - Under 18's; HPG Homes State League 2 North - Reserves; Nova Under 17's YPL B Mixed,15,15,1380,0,0,0,0,4,true
jdywJJxwAN,2026,Adelaide Atletico VSC,HPG Homes State League 1 Under 18's; Federation Cup U18's; HPG Homes State League 1 Reserves,20,14,1680,0,0,0,0,1,true
jdywJMEMEN,2026,,,0,0,0,0,0,0,0,0,false
jdywJMXo3N,2026,Croydon FC; Modbury Jets,Hahn Australia Cup SA Preliminary Rounds; RAA NPL; RAA NPL Reserves; HPG Homes State League 1; Senior Men's Trials,22,10,1385,10,0,0,0,0,false
jdywJMj7qN,2026,Western Strikers,Hahn Australia Cup SA Preliminary Rounds; HPG Homes State League 2 South; HPG Homes State League 2 South - Reserves; HPG Homes State League 2 (Seniors) Finals Series,25,7,1431,8,0,0,0,0,false
jdywJO9ODN,2026,Adelaide Blue Eagles,HPG Homes State League 1 Reserves; HPG Homes State League 1 Under 18's; Federation Cup U18's,23,11,1901,9,2,0,0,0,false
jdywJO9bvN,2026,Elizabeth Downs Soccer Club,Hahn Australia Cup SA Preliminary Rounds; Senior Men's Trials; HPG Homes State League 2 North; HPG Homes State League 2 (Seniors) Finals Series,22,18,1769,7,3,0,0,0,false
jdywJOPabN,2026,Angle Vale,Federation Cup U18's; Reserves; HPG Homes State League 2 North - Under 18's; HPG Homes State League 2 North - Reserves,16,13,1211,0,1,0,0,0,false
jdywJOxDEN,2026,Western Strikers,Federation Cup Reserves; HPG Homes State League 2 South - Reserves; HPG Homes State League 2 (Reserves) Final Series,5,1,261,0,1,0,0,0,true
jdywJok1qN,2023,Adelaide Comets,RAA NPL Under 18's; Federation Cup U18's; Under 17's JPL A; U17 Carl's Junior Boys Cup; RAA NPL Reserves,29,9,950,0,0,0,0,0,true
jdywJok1qN,2024,Adelaide Cobras; West Adelaide,U18 Trial Matches; Reserves Trial Matches; State League 1 Under 18's; State League 1 Reserves; Federation Cup U18's,30,21,2009,1,2,1,0,2,true
jdywJok1qN,2025,West Adelaide,Reserves; HPG Homes State League 1 Reserves; HPG Homes State League 1; Federation Cup Reserves,20,17,1863,0,0,1,0,6,true
jdywJok1qN,2026,Pontian Eagles,Hahn Australia Cup SA Preliminary Rounds; Senior Men's Trials; HPG Homes State League 2 North; HPG Homes State League 2 North - Reserves; HPG Homes State League 2 (Seniors) Finals Series; HPG Homes State League 2 (Reserves) Final Series,15,14,1235,0,3,0,0,8,true
jdywJp6ZzN,2026,Pontian Eagles,Federation Cup U18's; Federation Cup Reserves; HPG Homes State League 2 North - Under 18's; HPG Homes State League 2 North - Reserves,14,13,1200,0,1,0,0,2,true
jdywJpDwbN,2026,Eastern United,HPG Homes State League 1 Under 18's; HPG Homes State League 1 Reserves,11,4,514,0,1,0,0,0,false
jdywLM6vEN,2026,Modbury Jets,HPG Homes State League 1 Under 18's; Federation Cup U18's; HPG Homes State League 1 Reserves; Senior Men's Trials,25,21,2442,1,2,0,0,0,false
jdywr01VLN,2026,Mount Barker United,Nova Under 16's YPL C South Mixed; HPG Homes State League 2 South - Under 18's; U16 Carl's Jr. Youth Premier Cup,8,3,285,0,1,0,0,0,false
jma02BQGYd,2023,Adelaide University,Under 15's JPL B; U15 Carl's Junior Boys Cup; U15 JPL B - Bottom Half; Under 16's JPL B,19,19,1690,0,0,0,0,1,true
jma02BQGYd,2024,Adelaide University,Under 16 Trials; Under 16 JPL B; U16 Carl's Junior Boys Cup,25,23,2040,1,1,0,0,0,true
jma02BQGYd,2025,Adelaide Blue Eagles,Nova Under 17's YPL B Mixed; U17 Carl's Jr. Youth Premier Cup; HPG Homes State League 1 Under 18's,19,16,1470,16,0,0,0,0,false
jma02BQGYd,2026,Adelaide Blue Eagles,HPG Homes State League 1 Under 18's; Federation Cup U18's; Federation Cup Reserves; Under 17's A Mixed,21,18,2179,7,1,0,0,0,false
jma02Xl03d,2026,Western Strikers,HPG Homes State League 2 South - Reserves; Federation Cup Reserves; HPG Homes State League 2 (Reserves) Final Series,18,11,1567,1,3,0,0,0,false
jma0vbj37d,2024,Modbury Jets,Under 14 JSL A; U14 Carl's Junior Boys Cup; Under 15 JSL A,19,16,1270,4,1,0,0,0,false
jma0vbj37d,2025,Adelaide Atletico VSC,Nova Under 16's YPL C Mixed; Nova Under 17's YPL B Mixed; U16 Carl's Jr. Youth Premier Cup,23,22,2060,8,0,0,0,0,false
jma0vbj37d,2026,Adelaide Atletico VSC,Under 16 Trials; Nova Under 16's YPL C North Mixed; U16 Carl's Jr. Youth Premier Cup; HPG Homes State League 1 Under 18's,16,14,1320,11,0,0,0,0,false
jmaB2DRqNR,2023,South Adelaide,RAA NPL Under 18's; Federation Cup U18's; Under 17's JPL B,26,13,1440,16,1,0,0,0,false
jmaB2DRqNR,2024,Noarlunga United,U18 Trial Matches; Reserves Trial Matches; State League 2 Under 18's; Federation Cup U18's; State League 2 Reserves,28,23,2111,8,4,0,0,0,false
jmaB2DRqNR,2025,Noarlunga United,Reserves; HPG Homes State League 2 South - Reserves; Federation Cup Reserves; HPG Homes State League 2 South,26,19,1932,2,1,0,0,0,false
jmaB2DRqNR,2026,Noarlunga United,Federation Cup Reserves; HPG Homes State League 2 South - Reserves; HPG Homes State League 2 (Reserves) Final Series,17,14,1351,6,3,0,0,0,false
jmaBQA76NR,2023,Port Adelaide,State League 1 Under 18's; Federation Cup U18's; U18 Trial Matches,18,10,1080,1,0,0,0,0,false
jmaBQA76NR,2024,Gawler Eagles,State League 2 Under 18's; Federation Cup U18's; State League 2 Reserves,22,12,1182,4,1,0,0,0,false
jmaBQA76NR,2025,Gawler Eagles; Port Adelaide,Reserves; Federation Cup Reserves; HPG Homes State League 2 North - Reserves,15,7,720,0,0,0,0,0,false
jmaBQA76NR,2026,Angle Vale,Federation Cup Reserves; Reserves; Senior Men's Trials; HPG Homes State League 2 North - Reserves; HPG Homes State League 2 North,21,18,1577,0,4,1,0,0,false
jmaBQg67NR,2023,Port Adelaide,State League 1 Reserves; Federation Cup Reserves; Reserves; Senior Men's Trials; State League 1; 23 Senior Men's Trial Matches,21,18,1765,0,2,1,0,0,false
jmaBQg67NR,2024,Port Adelaide,Australia Cup SA Preliminary Rounds; Federation Cup Reserves; State League 2 Reserves; State League 2,27,23,2139,0,1,0,0,0,false
jmaBQg67NR,2025,Port Adelaide,Senior Men's Trials; HPG Homes State League 2 North; Australia Cup SA Preliminary Rounds; Reserves,23,22,1839,1,3,0,0,0,false
jmaBQg67NR,2026,Port Adelaide,Hahn Australia Cup SA Preliminary Rounds; Senior Men's Trials; HPG Homes State League 2 North,22,22,2011,3,2,0,0,0,false
jmaBY3D0NR,2023,Salisbury United,State League 2,20,12,114,0,5,2,0,0,false
jmaBY3D0NR,2024,Salisbury United,State League 1 Reserves; State League 1,11,5,618,0,2,0,0,0,false
jmaBY3D0NR,2025,Salisbury Inter,Senior Men's Trials; HPG Homes State League 2 North; Australia Cup SA Preliminary Rounds; HPG Homes State League 2 (Seniors) Final Series,24,24,2172,9,10,0,0,0,false
jmaBY3D0NR,2026,Salisbury Inter,Hahn Australia Cup SA Preliminary Rounds; Senior Men's Trials; HPG Homes State League 2 North; HPG Homes State League 2 (Seniors) Finals Series,19,19,1712,6,7,2,0,0,false
jmaBezW5NR,2023,Eastern United,State League 1 Under 18's; Federation Cup U18's; State League 1 Reserves; 23 Reserves Trial Matches,19,13,1530,1,2,1,0,0,false
jmaBezW5NR,2024,Eastern United; Adelaide Victory,State League 2 Reserves; State League 1 Reserves,16,5,630,1,2,0,0,0,false
jmaBezW5NR,2025,Modbury Vista,HPG Homes State League 2 North - Reserves; Federation Cup Reserves,12,3,478,0,1,0,0,0,false
jmaBezW5NR,2026,Barossa United,Hahn Australia Cup SA Preliminary Rounds; HPG Homes State League 2 North; HPG Homes State League 2 North - Reserves,18,10,756,0,0,0,0,0,false
jmaBezo0NR,2023,Adelaide Hills Hawks,Australia Cup SA Preliminary Rounds; State League 2; Federation Cup Reserves; State League 2 Reserves,23,23,411,0,1,0,0,1,true
jmaBezo0NR,2024,Adelaide Hills Hawks; Adelaide Victory; Mount Barker United,Senior Men's Trial Matches; State League 1 Reserves; Federation Cup Reserves; State League 2 Reserves; State League 2,19,16,1320,0,0,2,0,0,true
jmaBezo0NR,2025,Seaford Rangers,Senior Men's Trials; Australia Cup SA Preliminary Rounds; HPG Homes State League 2 South; HPG Homes State League 2 South - Reserves; Federation Cup Reserves,4,4,390,0,0,0,0,1,true
jmaBezo0NR,2026,Barossa United,Hahn Australia Cup SA Preliminary Rounds; HPG Homes State League 2 North,19,19,1740,0,0,0,0,1,true
jmaJ0jeGNR,2023,Sturt Lions,Under 16's JSL A; U16 Carl's Junior Boys Cup,16,15,1340,15,3,0,0,0,false
jmaJ0jeGNR,2024,Seaford Rangers,U18 Trial Matches; Federation Cup U18's; State League 2 Under 18's; State League 2; State League 2 Reserves,36,27,2425,28,1,0,0,0,false
jmaJ0jeGNR,2025,Seaford Rangers,Under 18's; Reserves; HPG Homes State League 2 South - Under 18's; Federation Cup U18's; HPG Homes State League 2 South - Reserves; Federation Cup Reserves; HPG Homes State League 2 (18s) Final Series,30,19,1898,17,0,0,0,0,false
jmaJVoRqNR,2023,Western Strikers,Under 14's JSL C; U14 Carl's Junior Boys Cup; Under 13's JSL A,22,19,1500,0,2,0,0,0,false
jmaJVoRqNR,2024,Western Strikers,Under 14 Trials; Under 14 JPL B; Under 16 JPL B; U14 Carl's Junior Boys Cup,24,14,1300,1,1,0,0,0,false
jmaJVoRqNR,2025,Vipers FC,Under 15 Trials; Nova Under 15's YPL A Mixed; U15 Carl's Jr. Youth Premier Cup,20,6,570,5,4,0,0,0,false
jmaJVoRqNR,2026,Vipers FC,Under 16 Trials - No Match Officials; Under 16 Trials; Under 15 Trials; Nova Under 16's YPL A Mixed; U16 Carl's Jr. Youth Premier Cup; HPG Homes State League 2 South - Under 18's,32,27,2545,6,5,0,0,0,false
jmaJpQj0NR,2023,Modbury Jets,Under 13's JPL C; U13 Carl's Junior Boys Cup; Under 14's JSL C; U13 JPL C - Top Half,21,21,1860,0,0,0,0,0,true
jmaJpQj0NR,2024,Modbury Jets,Under 14 Trials; Reserves WNPL & WSL Trials; Under 14 JPL B; U14 Carl's Junior Boys Cup; Under 14 JSL A,34,34,2930,0,1,0,0,0,true
jmaJpQj0NR,2025,Modbury Jets,Under 18's; RAA NPL Under 18's; Under 16 Trials - No Match Officials; Nova Under 15's YPL A Mixed; Nova Under 16's YPL A Mixed; U15 Carl's Jr. Youth Premier Cup,46,25,2355,0,0,0,0,0,true
jmaJpQj0NR,2026,Angle Vale,Federation Cup U18's; Reserves; HPG Homes State League 2 North - Under 18's; HPG Homes State League 2 North - Reserves; HPG Homes State League 2 North,20,19,1755,0,0,0,0,0,true
jmaJpxYYNR,2025,Angle Vale,Australia Cup SA Preliminary Rounds,1,1,120,0,1,0,0,0,false
jmaJpxYYNR,2026,Elizabeth Downs Soccer Club,Senior Men's Trials; HPG Homes State League 2 North; HPG Homes State League 2 (Seniors) Finals Series,21,18,1607,7,4,0,0,0,false
jmap1QJ7dR,2025,Para Hills Knights,Senior Men's Trials; RAA NPL; Australia Cup SA Preliminary Rounds,10,10,880,0,1,0,0,0,false
jmap1QJ7dR,2026,Adelaide Cobras,Hahn Australia Cup SA Preliminary Rounds; HPG Homes State League 1,22,17,2145,0,5,0,0,0,false
jmaz5Vx10N,2023,South Adelaide,RAA NPL; Australia Cup SA Preliminary Rounds; RAA NPL Reserves,12,6,130,0,1,0,0,0,false
jmaz5Vx10N,2024,Seaford Rangers,State League 2,15,13,1159,2,1,0,0,0,false
jmaz5Vx10N,2025,Seaford Rangers,Senior Men's Trials; HPG Homes State League 2 South; Australia Cup SA Preliminary Rounds; HPG Homes State League 2 (Seniors) Final Series,27,26,2387,7,2,0,0,0,false
jmaz5Vx10N,2026,Eastern United,Hahn Australia Cup SA Preliminary Rounds; HPG Homes State League 1; Senior Men's Trials,25,24,2861,1,2,0,0,0,false
jmaz8Yw77N,2026,Ghan United,HPG Homes State League 2 South - Under 18's,3,1,120,0,0,0,0,0,false
jmazMZ53VN,2026,Angle Vale,Nova Under 15's YPL C  North Mixed; HPG Homes State League 2 North - Under 18's; Nova Under 16's YPL C North Mixed,16,9,850,0,0,0,0,0,false
jmazOap77N,2026,Port Adelaide,HPG Homes State League 2 North - Under 18's; HPG Homes State League 2 North - Reserves; HPG Homes State League 2 (18s) Final Series,10,5,450,0,1,0,0,0,true
jmazRLBk0N,2023,Fulham United,State League 1 Under 18's; Federation Cup U18's; Under 17's JPL B; 23 Reserves Trial Matches,27,23,2490,2,2,0,0,0,false
jmazRLBk0N,2024,Fulham United,Reserves Trial Matches; State League 1 Reserves; Federation Cup Reserves; State League 1 Under 18's,30,23,1769,2,2,0,0,0,false
jmazRLBk0N,2025,Fulham United,Reserves; HPG Homes State League 1 Reserves; Federation Cup Reserves,19,17,1541,0,0,0,0,0,false
jmazRLBk0N,2026,Western Strikers,HPG Homes State League 2 South - Reserves; Federation Cup Reserves; HPG Homes State League 2 (Reserves) Final Series,20,20,2151,4,1,0,0,0,false
jmazRLPw7N,2025,Croydon FC,Reserves; Senior Men's Trials; RAA NPL Reserves; RAA NPL; Federation Cup Reserves; Australia Cup SA Preliminary Rounds; Federation Cup U18's; RAA NPL Under 18's,18,15,1409,0,0,0,0,2,true
jmazRLPw7N,2026,Adelaide Croatia Raiders,Hahn Australia Cup SA Preliminary Rounds; HPG Homes State League 1,27,27,3166,0,2,0,0,12,true
jmazRZby0N,2025,Western Strikers,Reserves; Senior Men's Trials; HPG Homes State League 2 South - Reserves; Federation Cup Reserves; HPG Homes State League 2 (Reserves) Final Series,24,22,1961,7,6,0,0,0,false
jmazRZby0N,2026,Adelaide University,Federation Cup Reserves; Reserves; HPG Homes State League 2 South - Reserves; HPG Homes State League 2 South,14,13,1401,2,3,1,0,0,false
jmazRZrAVN,2023,South Adelaide,Under 14's JSL A; U14 Carl's Junior Boys Cup,17,16,1270,2,0,0,0,0,false
jmazRZrAVN,2024,South Adelaide,Under 15 Trials; Under 15 JSL B; U15 Carl's Junior Boys Cup,25,22,1960,10,1,0,0,0,false
jmazRZrAVN,2025,South Adelaide,Under 16 Trials; Nova Under 16's YPL A Mixed; U16 Carl's Jr. Youth Premier Cup,23,18,1665,0,2,1,0,0,false
jmazRZrAVN,2026,Seaford Rangers,Federation Cup U18's; Under 18's,2,1,90,0,0,0,0,0,false
jmazkewgVN,2026,W A Raptors Soccer Club; Fulham United,Hahn Australia Cup SA Preliminary Rounds; HPG Homes State League 1 Reserves; HPG Homes State League 1; Senior Men's Trials,9,3,562,1,0,0,0,0,false
jmazoGeLAN,2026,Modbury Jets,HPG Homes State League 1 Under 18's; Federation Cup U18's; HPG Homes State League 1 Reserves,30,20,2851,0,2,0,0,0,false
jmazoGeM7N,2026,Adelaide Cobras,Hahn Australia Cup SA Preliminary Rounds; HPG Homes State League 1; HPG Homes State League 1 Reserves,25,21,2489,4,3,0,0,0,false
jmazoq573N,2026,Modbury Jets,Hahn Australia Cup SA Preliminary Rounds; HPG Homes State League 1; Senior Men's Trials,29,29,3450,0,1,0,0,13,true
jmazr0XE3N,2025,Adelaide Titans Football Club,HPG Homes State League 2 South - Under 18's; Federation Cup U18's; HPG Homes State League 2 South - Reserves; HPG Homes State League 2 (18s) Final Series,19,10,937,2,0,0,0,0,false
jmazr0XE3N,2026,Adelaide Titans Football Club,Federation Cup Reserves; HPG Homes State League 2 South - Reserves,13,0,652,0,0,0,0,0,false
jmazr17VVN,2023,Sturt Lions,Under 16's JSL A; Under 16's JSL B,12,6,540,2,2,0,0,0,false
jmazr17VVN,2024,Sturt Lions,Under 17 JPL B; Under 17 JPL C; U17 Carl's Junior Boys Cup,25,21,1880,10,5,0,0,0,false
jmazr17VVN,2025,South Adelaide,Under 18's; HPG Homes State League 1 Under 18's; Federation Cup U18's; HPG Homes State League 1 Reserves,25,5,463,0,1,0,0,0,false
jmazr17VVN,2026,Seaford Rangers,HPG Homes State League 2 South - Reserves,17,8,1055,1,1,0,0,0,false
jmazr1nX5N,2026,Adelaide University,Federation Cup U18's; Under 18's; HPG Homes State League 2 South - Under 18's,19,8,900,1,1,0,0,0,false
jmazr6l6VN,2023,Adelaide Cobras,State League 1 Reserves; Federation Cup Reserves; State League 1; Australia Cup SA Preliminary Rounds,21,18,1855,0,5,1,0,0,true
jmazr6l6VN,2024,Adelaide Cobras,Reserves Trial Matches; State League 1 Reserves,16,10,782,0,3,0,0,0,false
jmazr6l6VN,2025,Vipers FC,HPG Homes State League 1 Reserves,15,9,947,0,2,0,0,0,false
jmazr6l6VN,2026,Vipers FC,Federation Cup Reserves; HPG Homes State League 2 South - Reserves; HPG Homes State League 2 South; HPG Homes State League 2 (Reserves) Final Series,22,17,1854,0,2,0,0,0,false
jmazrDEQqN,2023,Sturt Lions,Under 17 Trials - No Match Officials; Under 17's JPL A; U17 Carl's Junior Boys Cup; Under 17's JPL C,24,21,1880,10,2,0,0,0,false
jmazrDEQqN,2024,Adelaide Cobras,U18 Trial Matches; State League 1 Under 18's; State League 1 Reserves; Federation Cup U18's,29,23,2099,3,6,0,0,0,false
jmazrDEQqN,2025,Adelaide Cobras,Reserves; HPG Homes State League 1 Reserves; Federation Cup Reserves,26,18,1847,2,4,0,0,0,false
jmazrDEQqN,2026,Adelaide Hills Hawks,Federation Cup Reserves; HPG Homes State League 2 South; HPG Homes State League 2 South - Reserves; Senior Men's Trials,24,19,1887,1,2,0,0,0,false
jmazrDZQ5N,2026,Gawler Eagles,Senior Men's Trials; HPG Homes State League 2 North; Hahn Australia Cup SA Preliminary Rounds,8,8,786,4,0,0,0,0,false
jmazrDog0N,2023,Playford City; Football SA State Squads,Under 12's JPL Yellow; U12 Carl's Junior Boys Cup; Under 12 JPL A; Under 14's JDL Mixed,25,21,1550,21,0,0,0,0,false
jmazrDog0N,2024,Football SA State Squads,Under 14 JPL A; U14 Carl's Junior Boys Cup,24,19,1490,4,0,0,0,0,false
jmazrDog0N,2025,Football SA State Squads,Under 14 Trials; Nova Under 15's YPL A Mixed; U15 Carl's Jr. Youth Premier Cup; Nova Under 16's YPL A Mixed,28,17,1585,1,2,0,0,0,false
jmazrDog0N,2026,Adelaide Croatia Raiders,Under 15 Trials; Nova Under 16's YPL A Mixed; U16 Carl's Jr. Youth Premier Cup; HPG Homes State League 1 Under 18's,36,27,2610,3,4,0,0,0,false
jmazrE70YN,2023,Adelaide Olympic,Under 13's JPL B; U13 Carl's Junior Boys Cup,24,21,1730,7,1,0,0,0,false
jmazrE70YN,2024,Adelaide Olympic,Reserves WNPL & WSL Trials; Under 14 JPL B; U14 Carl's Junior Boys Cup; Under 15 JPL A,25,24,2140,20,0,0,0,0,false
jmazrE70YN,2025,Adelaide Olympic,Nova Under 15's YPL A Mixed; Nova Under 16's YPL A Mixed; U15 Carl's Jr. Youth Premier Cup; HPG Homes State League 1 Under 18's,31,21,1965,11,4,0,0,0,false
jmazrE70YN,2026,Adelaide Olympic,HPG Homes State League 1 Under 18's; Federation Cup U18's,18,1,120,4,0,0,0,0,false
jmazrEn1AN,2025,Para Hills Knights,Under 17 Trials; U17 Carl's Jr. Youth Premier Cup; Nova Under 17's YPL B Mixed; RAA NPL Under 18's,18,17,1595,2,1,0,0,0,false
jmazrEn1AN,2026,Modbury Jets,Federation Cup U18's; HPG Homes State League 1 Under 18's,16,9,1080,4,1,0,0,0,false
jmazrYg40N,2026,Salisbury Inter,Federation Cup Reserves; HPG Homes State League 2 North - Reserves,16,8,964,4,5,1,0,0,false
jmazrbl13N,2026,Salisbury United,HPG Homes State League 1 Under 18's; Federation Cup U18's; Under 17's B Mixed,9,2,240,0,1,0,0,0,false
jmazrgLzAN,2026,Pontian Eagles,Federation Cup Reserves; HPG Homes State League 2 North - Reserves; HPG Homes State League 2 (Reserves) Final Series,21,16,1532,1,1,0,0,0,false
jmazrj863N,2026,Adelaide Olympic,HPG Homes State League 1 Under 18's,22,8,960,8,1,0,0,0,false
jmazrj8OMN,2026,Adelaide Cobras,HPG Homes State League 1 Reserves; Hahn Australia Cup SA Preliminary Rounds; HPG Homes State League 1,23,7,1418,4,3,0,0,0,false
jmazrj8Q5N,2025,FK Beograd,Under 16 Trials; Nova Under 16's YPL B Mixed; U16 Carl's Jr. Youth Premier Cup,21,20,1855,23,2,1,0,0,false
jmazrj8Q5N,2026,Adelaide Cobras,HPG Homes State League 1 Under 18's; HPG Homes State League 1 Reserves; Federation Cup Reserves,27,19,2607,11,4,0,0,0,false
jmazrjxE0N,2026,Adelaide Hills Hawks,Federation Cup Reserves; HPG Homes State League 2 South - Reserves; Senior Men's Trials,15,11,1437,2,1,0,0,0,false
jmazrqRg7N,2026,Eastern United,Federation Cup U18's; HPG Homes State League 1 Under 18's,10,0,0,3,1,0,0,0,false
jmazrr6j0N,2026,,,0,0,0,0,0,0,0,0,false
jmazrr7l6N,2026,Adelaide Atletico VSC,HPG Homes State League 1 Reserves; Federation Cup Reserves,16,3,833,0,1,0,0,0,false
jmazrrlO7N,2026,Plympton FC,Hahn Australia Cup SA Preliminary Rounds; Senior Men's Trials; HPG Homes State League 2 South - Reserves; HPG Homes State League 2 South,10,7,666,0,3,0,0,0,false
jmazrrlkGN,2026,South Adelaide,HPG Homes State League 1 Under 18's; Federation Cup U18's,25,21,2520,1,1,0,0,0,false
lNbGJDkwKx,2026,Elizabeth Downs Soccer Club,Hahn Australia Cup SA Preliminary Rounds; Senior Men's Trials; HPG Homes State League 2 North; HPG Homes State League 2 North - Reserves; HPG Homes State League 2 (Seniors) Finals Series,21,15,1418,1,4,0,0,0,false
lNbGjnXoKx,2023,Adelaide Olympic; Adelaide Comets,Under 17's JPL A; Under 15's JSL A; U15 Carl's Junior Boys Cup; Under 16's JSL A; Under 17's JPL B; Under 15's JPL A,27,16,1430,18,3,0,0,0,false
lNbGjnXoKx,2024,Western Strikers,Reserves Trial Matches; State League 1 Under 18's; Federation Cup U18's; Under 16 JPL B,36,22,1890,22,6,1,0,0,false
lNbGjnXoKx,2025,West Adelaide; Fulham United,Under 18's; Nova Under 17's YPL A Mixed; HPG Homes State League 1 Under 18's,22,14,1305,5,4,1,0,0,false
lNbGjnXoKx,2026,Modbury Jets,Federation Cup U18's; HPG Homes State League 1 Under 18's,12,7,840,2,2,0,0,0,false
lNbGpk5pKx,2025,Angle Vale,Australia Cup SA Preliminary Rounds,1,1,74,0,1,0,0,0,false
lNbGpk5pKx,2026,Angle Vale,Hahn Australia Cup SA Preliminary Rounds; Senior Men's Trials; HPG Homes State League 2 North,7,7,641,0,2,0,0,0,false
lNbJ10WYEN,2025,Gawler Eagles,Senior Men's Trials; HPG Homes State League 2 North; Australia Cup SA Preliminary Rounds; HPG Homes State League 2 (Seniors) Final Series,24,24,2120,0,7,1,0,0,false
lNbJ10WYEN,2026,Gawler Eagles,Hahn Australia Cup SA Preliminary Rounds; Senior Men's Trials; HPG Homes State League 2 North,14,14,1350,5,1,0,0,0,false
lNbJ19XpDN,2025,Cove FC,Under 18's; HPG Homes State League 1 Under 18's; Federation Cup U18's,19,11,1020,0,0,0,0,0,false
lNbJ19XpDN,2026,Cove FC,Federation Cup U18's; HPG Homes State League 1 Under 18's,19,11,1320,1,0,0,0,0,false
lNbJ1AWyEN,2025,Pontian Eagles,HPG Homes State League 1; Australia Cup SA Preliminary Rounds,14,13,1219,1,2,0,0,0,false
lNbJ1AWyEN,2026,Pontian Eagles,Hahn Australia Cup SA Preliminary Rounds; Senior Men's Trials; HPG Homes State League 2 North,20,18,1679,3,3,0,0,0,false
lNbJ1BL7AN,2025,South Adelaide,HPG Homes State League 1; Federation Cup Reserves,22,19,1660,2,1,0,0,0,false
lNbJ1BL7AN,2026,South Adelaide,Hahn Australia Cup SA Preliminary Rounds; HPG Homes State League 1; HPG Homes State League 1 Reserves,4,4,378,0,0,0,0,0,false
lNbJ1QnYpN,2025,Fulham United,HPG Homes State League 1 Reserves; HPG Homes State League 1; Australia Cup SA Preliminary Rounds,21,13,1235,4,2,0,0,0,false
lNbJ1QnYpN,2026,Fulham United,HPG Homes State League 1 Reserves; HPG Homes State League 1; Senior Men's Trials,12,8,867,1,1,0,0,0,false
lNbJ1XLYpN,2023,Vipers FC,Under 16's JPL B; U16 Carl's Junior Boys Cup,15,13,1160,8,4,1,0,0,false
lNbJ1XLYpN,2025,Port Adelaide,HPG Homes State League 2 North - Under 18's; Federation Cup U18's; HPG Homes State League 2 North - Reserves; HPG Homes State League 2 (18s) Final Series,31,24,2397,4,4,0,0,0,false
lNbJ1XLYpN,2026,Port Adelaide,HPG Homes State League 2 North - Reserves,5,1,113,0,0,0,0,0,false
lNbJ1ZREEN,2025,Adelaide Atletico VSC,Senior Men's Trials; HPG Homes State League 2 North; Australia Cup SA Preliminary Rounds; HPG Homes State League 2 (Seniors) Final Series,27,24,2163,3,5,0,0,0,false
lNbJ1ZREEN,2026,Modbury Vista,HPG Homes State League 2 North - Reserves; HPG Homes State League 2 North; HPG Homes State League 2 (Seniors) Finals Series; HPG Homes State League 2 (Reserves) Final Series,20,12,1184,4,2,0,0,0,false
lNbJ1z5JXN,2025,Modbury Jets,RAA NPL Reserves; Federation Cup Reserves,6,6,570,0,3,0,0,0,false
lNbJ1z5JXN,2026,Ghan United,HPG Homes State League 2 South - Reserves; HPG Homes State League 2 South; HPG Homes State League 2 (Seniors) Finals Series,20,18,1771,12,2,0,0,0,false
lNbJ1zjxgN,2025,Adelaide Comets; Para Hills Knights,Senior Men's Trials; RAA NPL; Australia Cup SA Preliminary Rounds,24,21,1777,2,4,0,0,0,false
lNbJ1zjxgN,2026,Adelaide Olympic,HPG Homes State League 1; Hahn Australia Cup SA Preliminary Rounds,25,18,1818,6,5,0,0,0,false
lNbJAYGrwN,2026,Ghan United,HPG Homes State League 2 South - Reserves,2,1,175,0,0,0,0,0,false
lNbJBAwywN,2026,Modbury Jets,Hahn Australia Cup SA Preliminary Rounds; HPG Homes State League 1; Senior Men's Trials,22,19,2174,13,3,0,0,0,false
lNbJBDR66N,2026,Adelaide Cobras; Cumberland United,Hahn Australia Cup SA Preliminary Rounds; HPG Homes State League 1,22,19,2007,2,4,0,0,0,false
lNbJBDRzAN,2026,Adelaide Blue Eagles,Hahn Australia Cup SA Preliminary Rounds; HPG Homes State League 1; HPG Homes State League 1 Reserves,17,15,1768,2,1,0,0,0,false
lNbJBrXepN,2026,Fulham United,HPG Homes State League 1 Reserves; Federation Cup Reserves,18,14,1564,0,3,0,0,0,false
lNbJBxyYyN,2026,Adelaide Croatia Raiders,Hahn Australia Cup SA Preliminary Rounds; HPG Homes State League 1; HPG Homes State League 1 Reserves,25,20,2151,1,4,0,0,0,false
lNbJXj7wyN,2026,Elizabeth Grove,HPG Homes State League 2 North - Under 18's,6,6,540,1,0,0,0,0,false
lNbJXjeWpN,2026,Salisbury Inter,HPG Homes State League 2 North - Reserves,1,1,38,0,0,0,0,0,false
lNbJZ1ylAN,2023,Salisbury United,State League 2; Australia Cup SA Preliminary Rounds,26,24,531,9,2,0,0,0,false
lNbJZ1ylAN,2024,Salisbury United,Senior Men's Trial Matches; Australia Cup SA Preliminary Rounds; State League 1,29,27,2280,22,4,0,0,0,false
lNbJZ1ylAN,2025,Salisbury United,Senior Men's Trials; HPG Homes State League 1; Australia Cup SA Preliminary Rounds,23,23,2177,10,3,1,0,0,false
lNbJZ1ylAN,2026,Salisbury United,HPG Homes State League 1,19,17,1927,11,2,0,0,0,false
lNbJlR2LoN,2026,Barossa United,Federation Cup Reserves; Hahn Australia Cup SA Preliminary Rounds; HPG Homes State League 2 North,20,16,1488,1,0,0,0,0,false
lNbJr0oAEN,2026,Modbury Jets,Under 16 Trials - No Match Officials; Federation Cup U18's; HPG Homes State League 1 Under 18's; Nova Under 16's YPL B Mixed; HPG Homes State League 1 Reserves; Senior Men's Trials,41,27,2999,7,2,0,0,0,false
lNbJrADkyN,2026,Adelaide Titans Football Club,Federation Cup U18's; HPG Homes State League 2 South - Under 18's,13,13,1560,0,0,0,0,0,false
lNbJrMyjgN,2026,Adelaide Olympic; Fulham United,HPG Homes State League 1 Reserves; Federation Cup Reserves,18,9,1227,0,2,1,0,0,false
lNbJrQzB6N,2026,Western Strikers,Federation Cup U18's; HPG Homes State League 2 South - Under 18's; HPG Homes State League 2 (18s) Final Series,20,12,1440,0,1,0,0,0,false
lNbJrXgEEN,2026,Mount Barker United,Federation Cup Reserves; HPG Homes State League 2 South - Reserves,19,6,1044,5,1,0,0,0,false
lNbJrXqVXN,2026,Adelaide Blue Eagles,HPG Homes State League 1 Under 18's; Federation Cup U18's; HPG Homes State League 1 Reserves,27,17,2506,4,5,0,0,0,false
lNbJrb52DN,2026,Ghan United,Hahn Australia Cup SA Preliminary Rounds; Senior Men's Trials; HPG Homes State League 2 South; HPG Homes State League 2 (Seniors) Finals Series,19,12,1341,1,2,0,0,0,false
lNbJrb6owN,2026,Salisbury United,HPG Homes State League 1 Under 18's; HPG Homes State League 1 Reserves; Federation Cup U18's; Federation Cup Reserves; Under 17's B Mixed,23,17,2120,0,2,0,0,0,true
lNbJrb6v3N,2026,Salisbury United,Nova Under 16's YPL B Mixed; U16 Carl's Jr. Youth Premier Cup; HPG Homes State League 1 Under 18's,16,5,475,0,0,0,0,0,false
lNbJrbMDwN,2026,Fulham United,HPG Homes State League 1 Under 18's; HPG Homes State League 1 Reserves; Federation Cup U18's,29,24,3087,19,2,0,0,0,false
lNbJrbPB6N,2026,Salisbury United,HPG Homes State League 1 Reserves; HPG Homes State League 1,16,11,1302,2,1,0,0,0,false
lNbJrbPDoN,2026,Adelaide Blue Eagles,HPG Homes State League 1 Under 18's; Federation Cup U18's,24,24,2880,0,2,0,0,0,false
lNbJrbPbwN,2026,Salisbury United,Hahn Australia Cup SA Preliminary Rounds; HPG Homes State League 1,18,17,1547,0,6,0,0,0,false
lNbJrbnBXN,2026,Western Strikers,Federation Cup U18's; HPG Homes State League 2 South - Under 18's; HPG Homes State League 2 South - Reserves; HPG Homes State League 2 (18s) Final Series,19,16,1920,1,1,0,0,0,false
lNbJzbjaEN,2026,Western Strikers,Hahn Australia Cup SA Preliminary Rounds; HPG Homes State League 2 South; HPG Homes State League 2 (Seniors) Finals Series,21,21,2345,8,5,1,0,0,false
lNbj2rkoNx,2023,South Adelaide,RAA NPL Reserves; Federation Cup Reserves; RAA NPL; 23 Senior Men's Trial Matches; 23 Reserves Trial Matches,26,23,2046,7,1,0,0,0,false
lNbj2rkoNx,2024,South Adelaide; Adelaide University,RAA NPL Reserves; Federation Cup Reserves; State League 2 Reserves; State League 2,28,23,2195,2,2,0,0,0,false
lNbj2rkoNx,2025,Adelaide University,Senior Men's Trials; HPG Homes State League 2 South; Australia Cup SA Preliminary Rounds; HPG Homes State League 2 (Seniors) Final Series,29,20,1846,0,5,0,0,0,false
lNbj2rkoNx,2026,Adelaide University,Senior Men's Trials; Hahn Australia Cup SA Preliminary Rounds; HPG Homes State League 2 South,16,16,1744,0,5,1,0,0,false
lNbj4EBDNx,2023,Noarlunga United,State League 2; Australia Cup SA Preliminary Rounds; 23 Senior Men's Trial Matches,12,7,-16,1,1,0,0,0,false
lNbj4EBDNx,2024,Noarlunga United,State League 2 Reserves; State League 2; Federation Cup Reserves,22,16,1443,14,2,0,0,0,false
lNbj4EBDNx,2026,Noarlunga United,Federation Cup Reserves; HPG Homes State League 2 South - Reserves; HPG Homes State League 2 South; Hahn Australia Cup SA Preliminary Rounds; Senior Men's Trials,20,15,1419,11,2,0,0,0,false
lNbj7wa3Nx,2024,Modbury Vista,Reserves Trial Matches; State League 2 Reserves; Federation Cup Reserves; State League 2,24,21,1735,0,2,0,0,0,false
lNbj7wa3Nx,2025,Modbury Vista,Reserves; HPG Homes State League 2 North - Reserves; Australia Cup SA Preliminary Rounds,21,19,1812,5,1,0,0,0,false
lNbj7wa3Nx,2026,Elizabeth Grove,Hahn Australia Cup SA Preliminary Rounds; Senior Men's Trials; HPG Homes State League 2 North,19,19,1740,0,2,0,0,0,false
lNbj8WBENx,2023,Salisbury Inter,Under 14's JSL C; U14 Carl's Junior Boys Cup,21,21,1670,2,0,0,0,0,false
lNbj8WBENx,2024,Salisbury Inter,Under 15 Trials; Under 15 JSL B; U15 Carl's Junior Boys Cup,29,27,2330,3,2,0,0,0,false
lNbj8WBENx,2025,Salisbury Inter,Under 15 Trials; Nova Under 15's YPL C Mixed; U15 Carl's Jr. Youth Premier Cup; Nova Under 16's YPL C Mixed,30,25,2220,6,5,0,0,0,false
lNbj8WBENx,2026,Salisbury Inter,Under 16 Trials; U16 Carl's Jr. Youth Premier Cup; Nova Under 16's YPL C North Mixed; HPG Homes State League 2 North - Under 18's; Nova Under 16's YPL C Mixed Finals Series,19,17,1580,6,4,0,0,0,false
lNbjRjRpNx,2023,Eastern United; Pontian Eagles,Australia Cup SA Preliminary Rounds; State League 1; 23 Senior Men's Trial Matches,26,26,630,0,0,1,0,4,true
lNbjRjRpNx,2024,Pontian Eagles,Senior Men's Trial Matches; Australia Cup SA Preliminary Rounds; State League 2,29,29,2460,0,1,0,0,4,true
lNbjRjRpNx,2025,Pontian Eagles,Senior Men's Trials; HPG Homes State League 1; Australia Cup SA Preliminary Rounds,9,9,720,0,1,0,0,1,true
lNbjRjRpNx,2026,Gawler Eagles,HPG Homes State League 2 North,1,1,90,0,0,0,0,0,true
lNbjX6gyNx,2023,Adelaide Victory; Pontian Eagles,State League 1 Under 18's; Federation Cup U18's; State League 2 Under 18's; State League 2 Reserves,23,6,794,4,0,0,0,0,false
lNbjX6gyNx,2024,Pontian Eagles,Reserves Trial Matches; Federation Cup Reserves; State League 2 Reserves,26,19,1526,7,2,0,0,0,false
lNbjX6gyNx,2025,Salisbury Inter,Reserves; HPG Homes State League 2 North - Reserves; Federation Cup Reserves,23,19,1646,5,2,0,0,0,false
lNbjX6gyNx,2026,Salisbury Inter,Federation Cup Reserves; HPG Homes State League 2 North - Reserves,16,11,1108,2,2,0,0,0,false
lNbjY3noNx,2023,Seaford Rangers,Under 13 Trials; Under 13's JPL B; Under 14's JPL C; Under 13's JSL C; Under 12's JSL Blue; U13 Carl's Junior Boys Cup; Under 13's JPL C; U13 JPL C - Top Half,48,26,2220,1,0,0,0,0,false
lNbjY3noNx,2024,Cumberland United,Under 13 Trials; Under 13 JPL A; U13 Carl's Junior Boys Cup; Under 13 JSL A,26,18,1425,1,0,0,0,0,false
lNbjY3noNx,2025,WT Birkalla,Under 14 Trials; Nova Under 14's YPL A Mixed; U14 Carl's Jr. Youth Premier Cup,24,9,765,1,1,0,0,0,false
lNbjY3noNx,2026,Seaford Rangers,Nova Under 15's YPL C South Mixed; Nova Under 16's YPL C South Mixed; HPG Homes State League 2 South - Under 18's; U15 Carl's Jr. Youth Premier Cup; Nova Under 15's YPL C Mixed Finals Series,29,19,1805,1,0,0,0,0,false
lNbjgOqANx,2023,Cove FC,Under 14's JPL C; Under 14's JSL C; U14 Carl's Junior Boys Cup; Under 15's JSL B,22,19,1690,1,0,0,0,0,false
lNbjgOqANx,2024,Cove FC,Under 15 JPL C; U15 Carl's Junior Boys Cup; Under 16 JPL B,22,20,1780,0,1,0,0,0,false
lNbjgOqANx,2026,Cove FC,Under 17 Trials; Under 17's B Mixed; U17 Carl's Jr. Youth Premier Cup; HPG Homes State League 1 Under 18's,22,20,1890,2,2,0,0,0,false
lNbjnR9ANx,2023,Playford City,Under 15's JPL B; U15 Carl's Junior Boys Cup; U15 JPL B - Bottom Half,18,18,1610,2,1,0,0,0,false
lNbjnR9ANx,2024,Modbury Jets,Under 17 JPL B; RAA NPL Under 18's; Under 16 JPL A; U17 Carl's Junior Boys Cup; Under 16 JSL A,27,22,1960,0,4,0,0,0,false
lNbjnR9ANx,2025,Elizabeth Grove,Australia Cup SA Preliminary Rounds; HPG Homes State League 2 North - Under 18's,20,20,1800,0,6,0,0,0,false
lNbjnR9ANx,2026,Elizabeth Grove,Federation Cup U18's; HPG Homes State League 2 North - Under 18's; HPG Homes State League 2 North - Reserves; Federation Cup Reserves,24,20,1899,2,4,0,0,0,false
lNbjnXwwNx,2023,Northern Demons,Australia Cup SA Preliminary Rounds; State League 2,19,19,275,1,4,1,0,0,false
lNbjnXwwNx,2024,Northern Demons,Senior Men's Trial Matches; Australia Cup SA Preliminary Rounds; State League 2,25,21,1940,0,5,1,0,0,false
lNbjnXwwNx,2025,Northern Demons,HPG Homes State League 2 North; Australia Cup SA Preliminary Rounds,20,16,1404,0,6,0,0,0,false
lNbjnXwwNx,2026,Northern Demons,HPG Homes State League 2 North - Reserves; HPG Homes State League 2 North,12,10,822,0,5,0,0,0,false
lNbjyDwENx,2023,Croydon FC,Under 16's JPL A; Under 16's JSL A; U16 Carl's Junior Boys Cup,19,16,1430,0,0,0,0,0,false
lNbjyDwENx,2024,Modbury Jets,Under 17 JPL B; U17 Carl's Junior Boys Cup,18,18,1600,0,1,0,0,0,false
lNbjyDwENx,2025,Pontian Eagles,Under 18's; HPG Homes State League 1 Under 18's; Federation Cup U18's; HPG Homes State League 1 Reserves,31,23,2379,0,1,0,0,0,false
lNbjyDwENx,2026,Pontian Eagles,Federation Cup Reserves; HPG Homes State League 2 North - Reserves; HPG Homes State League 2 (Reserves) Final Series,10,0,246,0,0,0,0,0,false
lNbp2VqOgd,2024,Adelaide Olympic,Reserves Trial Matches; RAA NPL Reserves; Federation Cup Reserves; RAA NPL; Australia Cup SA Preliminary Rounds,31,23,1965,15,2,0,0,0,false
lNbp2VqOgd,2025,Northern Demons,Senior Men's Trials; HPG Homes State League 2 North; Australia Cup SA Preliminary Rounds,23,21,2006,8,2,0,0,0,false
lNbp2VqOgd,2026,Pontian Eagles,Hahn Australia Cup SA Preliminary Rounds; Senior Men's Trials; HPG Homes State League 2 North; HPG Homes State League 2 (Seniors) Finals Series,23,20,1750,9,3,0,0,0,false
lNbp2b7Vod,2024,Adelaide Titans Football Club,Australia Cup SA Preliminary Rounds,1,1,81,0,1,0,0,0,false
lNbp2b7Vod,2025,Adelaide Titans Football Club,HPG Homes State League 2 South; Australia Cup SA Preliminary Rounds; HPG Homes State League 2 South - Reserves,19,12,1107,2,2,0,0,0,false
lNbp2b7Vod,2026,Adelaide Titans Football Club,Hahn Australia Cup SA Preliminary Rounds; Senior Men's Trials; HPG Homes State League 2 South,10,10,798,0,3,0,0,0,false
lNbp4430Ed,2023,Adelaide Croatia Raiders; Playford City,State League 1 Reserves,17,11,1303,1,1,0,0,0,false
lNbp4430Ed,2024,Playford City,Reserves Trial Matches; State League 1 Reserves; Federation Cup Reserves,27,16,1530,4,1,0,0,0,false
lNbp4430Ed,2026,Pontian Eagles,Federation Cup Reserves; HPG Homes State League 2 North - Reserves; HPG Homes State League 2 North; HPG Homes State League 2 (Reserves) Final Series,22,21,1959,0,3,0,0,0,false
lNbpgYGzgd,2023,Adelaide Thunder,Under 15's JSL B; Under 16's JSL A,26,21,1890,15,0,0,0,0,false
lNbpgYGzgd,2024,Adelaide Thunder,Under 17 JPL C; U17 Carl's Junior Boys Cup; Under 16 JSL B,20,18,1610,21,3,0,0,0,true
lNbpgYGzgd,2025,Salisbury United,Under 18's; HPG Homes State League 1 Under 18's; Federation Cup U18's; HPG Homes State League 1 Reserves,28,22,2089,15,4,0,0,0,false
lNbpgYGzgd,2026,Gawler Eagles,Federation Cup Reserves; Reserves; Senior Men's Trials; HPG Homes State League 2 North - Reserves; HPG Homes State League 2 North,20,15,1445,10,3,0,0,0,false
lNbpglYzEd,2023,Northern Demons,State League 2 Reserves; State League 2,9,7,928,0,0,0,0,2,true
lNbpglYzEd,2024,Northern Demons,Australia Cup SA Preliminary Rounds; State League 2; State League 2 Reserves,21,21,1980,0,2,0,0,6,true
lNbpglYzEd,2025,Northern Demons,Australia Cup SA Preliminary Rounds; HPG Homes State League 2 North - Reserves; HPG Homes State League 2 North; HPG Homes State League 2 (Reserves) Final Series,17,14,1270,4,3,0,0,0,true
lNbpglYzEd,2026,Northern Demons,Hahn Australia Cup SA Preliminary Rounds; Federation Cup Reserves; HPG Homes State League 2 North; HPG Homes State League 2 North - Reserves,17,13,1248,6,4,0,0,0,false
lNbpvRzxgd,2024,Adelaide Olympic,Under 15 JPL A; U15 Carl's Junior Boys Cup,17,15,1340,2,0,0,0,0,false
lNbpvRzxgd,2025,Adelaide Olympic,Nova Under 16's YPL A Mixed; U16 Carl's Jr. Youth Premier Cup; HPG Homes State League 1 Reserves; HPG Homes State League 1 Under 18's,24,17,1646,3,3,0,0,0,false
lNbpvRzxgd,2026,Adelaide Olympic,HPG Homes State League 1 Under 18's; Federation Cup U18's; HPG Homes State League 1 Reserves,26,24,2969,1,3,0,0,0,false
lNbpy4YGAd,2024,Adelaide Victory,Under 17 JPL B; U17 Carl's Junior Boys Cup,2,2,170,0,0,0,0,0,false
lNbpy4YGAd,2026,Elizabeth Grove,Federation Cup U18's; HPG Homes State League 2 North - Under 18's,17,12,1140,8,1,0,0,0,false
ld447RYBdW,2023,Modbury Jets,RAA NPL Reserves; RAA NPL; Australia Cup SA Preliminary Rounds,30,24,1765,3,7,1,0,0,false
ld447RYBdW,2024,Fulham United,State League 1 Reserves; Federation Cup Reserves; State League 1,21,14,1273,1,4,0,0,0,false
ld447RYBdW,2025,Fulham United,Senior Men's Trials; HPG Homes State League 1; Australia Cup SA Preliminary Rounds,28,27,2362,3,6,0,0,0,false
ld447RYBdW,2026,Fulham United,Hahn Australia Cup SA Preliminary Rounds; HPG Homes State League 1; Senior Men's Trials,26,25,2516,4,5,0,0,0,false
ld447rjDdW,2023,Adelaide University,State League 2 Reserves; State League 2; Australia Cup SA Preliminary Rounds; 23 Senior Men's Trial Matches,26,8,-18,2,1,0,0,0,false
ld447rjDdW,2024,Adelaide University,Senior Men's Trial Matches; State League 2 Reserves; State League 2,18,16,1285,0,5,0,0,0,false
ld447rjDdW,2025,Adelaide University,HPG Homes State League 2 South - Reserves; HPG Homes State League 2 South; HPG Homes State League 2 (Seniors) Final Series; HPG Homes State League 2 (Reserves) Final Series,15,8,799,1,5,0,0,0,false
ld447rjDdW,2026,Adelaide University,Senior Men's Trials; Hahn Australia Cup SA Preliminary Rounds; HPG Homes State League 2 South,17,8,1140,0,2,0,0,0,false
ld44EO9GdW,2023,Sturt Lions,RAA NPL Reserves; Federation Cup Reserves,24,18,2223,1,1,0,0,0,false
ld44EO9GdW,2024,Noarlunga United,Senior Men's Trial Matches; State League 2; State League 2 Reserves; Federation Cup Reserves,27,18,1677,1,2,0,0,0,false
ld44EO9GdW,2025,Adelaide Hills Hawks,Reserves; Senior Men's Trials; HPG Homes State League 2 South; HPG Homes State League 2 South - Reserves; Australia Cup SA Preliminary Rounds,26,16,1732,3,2,0,0,0,false
ld44EO9GdW,2026,Noarlunga United,Hahn Australia Cup SA Preliminary Rounds; HPG Homes State League 2 South; HPG Homes State League 2 South - Reserves; Senior Men's Trials,18,10,1277,1,2,0,0,0,false
ld44EnY2dW,2023,Adelaide City,RAA NPL; RAA NPL Under 18's; Federation Cup U18's; RAA NPL Reserves,30,20,2424,12,2,1,0,0,false
ld44EnY2dW,2024,Adelaide City,Reserves Trial Matches; U18 Trial Matches; RAA NPL Under 18's; RAA NPL Reserves; Federation Cup U18's; Federation Cup Reserves; Australia Cup SA Preliminary Rounds; RAA NPL,39,23,1900,9,1,0,0,0,false
ld44EnY2dW,2025,Adelaide City,Reserves; Senior Men's Trials; RAA NPL Reserves; RAA NPL; Australia Cup SA Preliminary Rounds,32,15,1369,6,1,0,0,0,false
ld44EnY2dW,2026,Cumberland United,HPG Homes State League 1 Reserves; HPG Homes State League 1,3,3,250,1,1,0,0,0,false
ld44ZbW2dW,2023,,,0,0,0,0,0,0,0,0,false
ld44ZbW2dW,2026,Cove FC,HPG Homes State League 1 Reserves,0,0,0,0,0,0,0,0,false
ld44aRnxdW,2023,,,0,0,0,0,0,0,0,0,false
ld44aRnxdW,2024,Adelaide University,Senior Men's Trial Matches; Australia Cup SA Preliminary Rounds; State League 2,19,15,1075,3,0,0,0,0,false
ld44aRnxdW,2025,Adelaide University,Senior Men's Trials; HPG Homes State League 2 South; Australia Cup SA Preliminary Rounds; HPG Homes State League 2 (Seniors) Final Series,27,25,2259,10,1,0,0,0,false
ld44aRnxdW,2026,Adelaide University,Senior Men's Trials; Hahn Australia Cup SA Preliminary Rounds; HPG Homes State League 2 South,20,20,1934,12,2,0,0,0,false
ld44aaxrdW,2024,Mount Barker United,Reserves Trial Matches; Senior Men's Trial Matches; Federation Cup Reserves; State League 2 Reserves; State League 2,26,16,1468,0,1,0,0,0,false
ld44aaxrdW,2025,Ghan United,Senior Men's Trials; Reserves; HPG Homes State League 2 North - Reserves; Federation Cup Reserves; HPG Homes State League 2 North; HPG Homes State League 2 (Reserves) Final Series,28,26,2487,4,1,0,0,0,false
ld44aaxrdW,2026,Northern Demons; Angle Vale,Hahn Australia Cup SA Preliminary Rounds; HPG Homes State League 2 North; HPG Homes State League 2 North - Reserves,13,11,968,1,1,0,0,0,false
ld44aw0BdW,2023,Seaford Rangers,Under 14's JPL C; Under 17's JPL B,23,19,1710,12,2,0,0,0,false
ld44aw0BdW,2024,WT Birkalla,Under 15 Trials - No Match Officials; Under 15 JPL B; U15 Carl's Junior Boys Cup; Under 15 JSL A,21,19,1680,15,2,0,0,0,false
ld44aw0BdW,2025,Seaford Rangers,Nova Under 16's YPL C Mixed; HPG Homes State League 2 South - Under 18's,23,16,1520,18,2,0,0,0,false
ld44aw0BdW,2026,Seaford Rangers,Federation Cup U18's; Under 18's; HPG Homes State League 2 South - Under 18's; HPG Homes State League 2 South - Reserves,22,17,2099,3,4,0,0,0,true
ld44eoaedW,2023,Salisbury United,State League 2; State League 2 Reserves; Australia Cup SA Preliminary Rounds,24,8,-35,3,0,0,0,0,false
ld44eoaedW,2024,Mount Barker United,Senior Men's Trial Matches; Australia Cup SA Preliminary Rounds; State League 2,23,23,1999,4,3,0,0,0,false
ld44eoaedW,2025,Elizabeth Grove,Senior Men's Trials; HPG Homes State League 2 North; Australia Cup SA Preliminary Rounds,25,25,2324,5,2,0,0,0,false
ld44eoaedW,2026,Elizabeth Grove,Hahn Australia Cup SA Preliminary Rounds; Senior Men's Trials; HPG Homes State League 2 North,19,19,1703,0,0,0,0,0,false
ld44oZjBdW,2026,Angle Vale,Hahn Australia Cup SA Preliminary Rounds; Senior Men's Trials; HPG Homes State League 2 North,18,18,1511,2,7,0,0,0,false
ld44r0k0dW,2023,Croydon FC,Under 17's JPL A; RAA NPL Under 18's,7,3,270,0,1,0,0,0,false
ld44r0k0dW,2024,Adelaide Cobras,U18 Trial Matches; State League 1 Under 18's; State League 1 Reserves; Federation Cup U18's; Federation Cup Reserves,30,27,2174,0,4,1,0,0,false
ld44r0k0dW,2025,Adelaide Cobras,Reserves; HPG Homes State League 1 Reserves; Federation Cup Reserves,24,15,1600,0,2,0,0,0,false
ld44r0k0dW,2026,Adelaide Cobras,HPG Homes State League 1 Reserves; Federation Cup Reserves,22,21,2582,0,2,0,0,0,false
ld44r2wGdW,2023,MetroStars,Under 16's JPL A; U16 Carl's Junior Boys Cup; U16 JPL A - Top Half,23,15,1330,3,1,0,0,0,false
ld44r2wGdW,2024,Modbury Vista,U18 Trial Matches; Federation Cup U18's; State League 2 Under 18's; State League 2 Reserves,28,24,2040,1,3,0,0,0,false
ld44r2wGdW,2025,Modbury Vista,Under 18's; HPG Homes State League 2 North - Under 18's; Federation Cup U18's; HPG Homes State League 2 (18s) Final Series,21,11,1035,0,1,0,0,0,false
ld44r2wGdW,2026,Modbury Vista,HPG Homes State League 2 North - Under 18's; Federation Cup U18's,11,1,90,1,0,0,0,0,false
ld44r8X0dW,2023,Cove FC,Under 16's JPL B; U16 Carl's Junior Boys Cup; U17 Carl's Junior Boys Cup; Under 17's JPL B; Under 16's JSL A,25,12,1070,1,1,0,0,0,false
ld44r8X0dW,2024,Cove FC,Under 17 Trials; Under 17 JPL C; Under 17 JPL A; State League 2 Under 18's; U17 Carl's Junior Boys Cup,27,22,1960,3,0,0,0,0,false
ld44r8X0dW,2025,Cove FC,HPG Homes State League 1 Under 18's; Federation Cup U18's,21,15,1410,3,1,0,0,0,false
ld44r8X0dW,2026,Cove FC,Federation Cup Reserves; HPG Homes State League 1 Reserves,20,3,997,0,1,0,0,0,false
ld44rb5BdW,2023,MetroStars,U14 Carl's Junior Boys Cup; Under 14's JSL A; Under 15's JSL A; Under 14's JPL A,23,13,1050,23,1,1,0,0,true
ld44rb5BdW,2024,MetroStars,Under 15 Trials; Under 15 JPL A,7,6,630,5,2,0,0,0,false
ld44rb5BdW,2025,MetroStars,Nova Under 16's YPL A Mixed; U16 Carl's Jr. Youth Premier Cup,24,18,1695,15,7,0,0,0,false
ld44rb5BdW,2026,Adelaide Croatia Raiders,HPG Homes State League 1 Under 18's; HPG Homes State League 1 Reserves; Federation Cup U18's,28,23,2846,18,5,0,0,0,false
ld44w3k2dW,2026,Northern Demons,HPG Homes State League 2 North - Reserves; HPG Homes State League 2 North,3,3,270,0,0,0,0,1,true
ld44wvBOdW,2023,Adelaide Hills Hawks,State League 2 Reserves; State League 2,8,5,146,1,3,0,0,0,false
ld44wvBOdW,2026,Adelaide Hills Hawks,Hahn Australia Cup SA Preliminary Rounds; HPG Homes State League 2 South; HPG Homes State League 2 South - Reserves,16,16,1881,0,6,0,0,0,false
ld44xG5GdW,2023,West Beach FC,Under 14's JSL A; U14 Carl's Junior Boys Cup,15,12,960,1,0,0,0,0,false
ld44xG5GdW,2024,West Beach FC,Under 15 JSL A; U15 Carl's Junior Boys Cup,23,22,1960,2,4,1,0,1,true
ld44xG5GdW,2025,Port Adelaide,Nova Under 16's YPL B Mixed; U16 Carl's Jr. Youth Premier Cup,17,17,1600,1,1,0,0,0,false
ld44xG5GdW,2026,Port Adelaide,Federation Cup U18's; HPG Homes State League 2 North - Under 18's; HPG Homes State League 2 (18s) Final Series,17,11,1020,0,2,0,0,0,false
ld44xPnpdW,2023,Adelaide Croatia Raiders,Under 13's JPL A; U13 Carl's Junior Boys Cup; Under 14's JSL A,28,20,1580,8,2,0,0,0,false
ld44xPnpdW,2024,Adelaide Croatia Raiders,Under 14 JPL A; U14 Carl's Junior Boys Cup; Under 17 JPL A; Under 15 JPL A; Under 16 JPL A; Under 15 Trials,33,25,2020,6,1,0,0,0,false
ld44xPnpdW,2025,Adelaide Croatia Raiders,Under 16 Trials; Under 16 Trials - No Match Officials; Nova Under 16's YPL A Mixed; U16 Carl's Jr. Youth Premier Cup; RAA NPL Under 18's; RAA NPL Reserves,33,28,2590,4,2,0,0,0,false
ld44xPnpdW,2026,Adelaide Croatia Raiders,HPG Homes State League 1 Under 18's; HPG Homes State League 1 Reserves; Federation Cup U18's; Nova Under 16's YPL A Mixed,33,22,2740,1,1,0,0,0,false
ld452Z45Am,2023,Campbelltown City,Under 15 Trials; Under 15's JSL A; Under 15's JPL A; U15 Carl's Junior Boys Cup; U16 JPL A - Bottom Half,31,26,2220,12,1,0,0,0,false
ld452Z45Am,2024,Campbelltown City,Under 17 Trials; Under 17 Trials - No Match Officials; Under 17 JPL A; U17 Carl's Junior Boys Cup; Under 16 JPL A; Under 16 JSL A,23,15,1330,8,5,0,0,0,false
ld452Z45Am,2025,Campbelltown City; Modbury Jets,Under 17 Trials; Under 17 Trials - No Match Officials; Nova Under 17's YPL A Mixed; RAA NPL Under 18's; RAA NPL Reserves,18,12,1365,3,1,0,0,0,false
ld452Z45Am,2026,Modbury Jets,Federation Cup U18's; Federation Cup Reserves; HPG Homes State League 1 Under 18's; HPG Homes State League 1 Reserves,13,11,1330,3,0,0,0,0,false
ld45348ZBm,2026,Adelaide Blue Eagles,HPG Homes State League 1 Under 18's; HPG Homes State League 1 Reserves; Federation Cup U18's,15,14,1626,2,1,1,0,0,false
ld45380aDm,2026,Noarlunga United,Federation Cup U18's; HPG Homes State League 2 South - Under 18's,2,1,120,0,0,0,0,0,false
ld456xOY2m,2026,Elizabeth Grove,Hahn Australia Cup SA Preliminary Rounds; Federation Cup Reserves; HPG Homes State League 2 North - Reserves; HPG Homes State League 2 North,12,12,1130,0,0,0,0,0,true
ld45BO1Axm,2026,Eastern United,Federation Cup Reserves; HPG Homes State League 1 Reserves,6,2,305,0,1,0,0,0,false
ld45BkaQem,2023,Gawler Eagles,Under 13 Trials; Under 13's JPL B; U13 Carl's Junior Boys Cup,21,21,1770,1,0,0,0,0,false
ld45BkaQem,2024,Gawler Eagles,Under 14 JPL B; U14 Carl's Junior Boys Cup,21,16,1420,0,1,0,0,0,false
ld45BkaQem,2025,Salisbury Inter,Under 15 Trials; Nova Under 15's YPL C Mixed; U15 Carl's Jr. Youth Premier Cup; Nova Under 16's YPL C Mixed,28,22,1965,1,2,0,0,0,false
ld45BkaQem,2026,Salisbury Inter,Under 16 Trials; U16 Carl's Jr. Youth Premier Cup; Nova Under 16's YPL C North Mixed; HPG Homes State League 2 North - Under 18's; HPG Homes State League 2 North - Reserves; Nova Under 16's YPL C Mixed Finals Series,19,16,1485,7,1,0,0,0,false
ld45J1G6em,2026,Angle Vale,Hahn Australia Cup SA Preliminary Rounds; Senior Men's Trials; HPG Homes State League 2 North,21,21,1813,4,2,0,0,0,false
ld45J1xV2m,2025,Vipers FC,HPG Homes State League 1 Reserves; Australia Cup SA Preliminary Rounds; HPG Homes State League 1,23,9,987,2,1,0,0,0,false
ld45J1xV2m,2026,Adelaide Croatia Raiders,Hahn Australia Cup SA Preliminary Rounds; HPG Homes State League 1; HPG Homes State League 1 Reserves,22,12,1802,2,3,0,0,0,false
ld45J2xoem,2026,Northern Demons,Federation Cup Reserves; HPG Homes State League 2 North - Reserves,13,8,747,2,4,0,0,0,false
ld45JGVE0m,2026,Pontian Eagles,HPG Homes State League 2 North - Under 18's; U16 Carl's Jr. Youth Premier Cup; Nova Under 16's YPL C North Mixed,13,7,660,1,0,0,0,0,false
ld45JGj2Om,2026,Adelaide Cobras,Hahn Australia Cup SA Preliminary Rounds; HPG Homes State League 1,20,18,2196,0,0,0,0,5,true
ld45JGjWpm,2026,Adelaide Croatia Raiders,Hahn Australia Cup SA Preliminary Rounds; HPG Homes State League 1; HPG Homes State League 1 Reserves,23,21,2085,8,3,0,0,0,false
ld45JGjnBm,2026,Adelaide Blue Eagles,Hahn Australia Cup SA Preliminary Rounds; HPG Homes State League 1; HPG Homes State League 1 Reserves,20,8,1409,0,3,0,0,0,false
ld45JlEwem,2026,Ghan United,Under 16's YSL Mixed; Under 15's YSL C Mixed; HPG Homes State League 2 South - Under 18's; U15 Carl's Jr. Youth State Cup; HPG Homes State League 2 South - Reserves; Under 16 YSL Mixed Top Half,36,24,2555,0,5,0,0,0,false
ld45Jnrbxm,2026,Adelaide Olympic,Hahn Australia Cup SA Preliminary Rounds; HPG Homes State League 1,26,26,2843,12,4,0,0,0,false
ld45MrQpxm,2026,Noarlunga United,Federation Cup Reserves; HPG Homes State League 2 South - Reserves; HPG Homes State League 2 South; HPG Homes State League 2 (Reserves) Final Series,17,15,1647,0,4,0,0,0,false
ld45WL3eDm,2026,Angle Vale,Hahn Australia Cup SA Preliminary Rounds; Senior Men's Trials; HPG Homes State League 2 North,11,10,897,1,1,0,0,0,false
ld45WbJ4em,2023,Croydon FC,Under 15's JSL B; U15 Carl's Junior Boys Cup,21,20,1790,18,0,0,0,0,true
ld45WbJ4em,2024,Croydon FC,Under 16 Trials - No Match Officials; Under 16 JSL A; U16 Carl's Junior Boys Cup,17,15,1340,17,1,0,0,0,true
ld45WbJ4em,2025,Croydon FC,Under 17 Trials - No Match Officials; Nova Under 17's YPL A Mixed; U17 Carl's Jr. Youth Premier Cup,19,12,1125,7,1,0,0,0,false
ld45WbJ4em,2026,Eastern United,HPG Homes State League 1 Under 18's,20,11,1320,3,3,0,0,0,false
ld45n0z3pm,2026,Mount Barker United,Federation Cup U18's; HPG Homes State League 2 South - Under 18's,18,17,2040,0,4,0,0,0,false
ld45n541Dm,2026,Adelaide University,Federation Cup U18's; Under 18's; HPG Homes State League 2 South - Under 18's; HPG Homes State League 2 South - Reserves,21,18,2264,0,5,0,0,0,false
ld45n5490m,2026,South Adelaide,Under 15 Trials; Under 16 Trials; HPG Homes State League 1 Under 18's; Nova Under 15's YPL B Mixed; Nova Under 16's YPL B Mixed; U15 Carl's Jr. Youth Premier Cup; U16 Carl's Jr. Youth Premier Cup,54,51,4765,1,0,0,0,9,true
ld45n5GOOm,2023,Adelaide Hills Hawks,Under 14 Trials; Under 14's JPL B; U14 Carl's Junior Boys Cup,21,17,1490,0,1,0,0,0,false
ld45n5GOOm,2024,Adelaide Hills Hawks,Under 15 Trials; Under 15 JPL B; U15 Carl's Junior Boys Cup; Under 16 JPL B,22,20,1785,1,1,0,0,0,false
ld45n5GOOm,2025,Adelaide Hills Hawks,Under 18's; HPG Homes State League 2 South - Under 18's; Nova Under 16's YPL C Mixed; U16 Carl's Jr. Youth Premier Cup; HPG Homes State League 2 (18s) Final Series,44,37,3515,0,3,1,0,0,false
ld45n5GOOm,2026,Adelaide Hills Hawks,Federation Cup U18's; HPG Homes State League 2 South - Under 18's; HPG Homes State League 2 South - Reserves; HPG Homes State League 2 (18s) Final Series,30,21,2863,0,1,0,0,0,false
ld45n5y1Bm,2026,Adelaide Cobras,Nova Under 15's YPL A Mixed; U15 Carl's Jr. Youth Premier Cup; HPG Homes State League 1 Under 18's; Nova Under 16's YPL A Mixed; HPG Homes State League 1 Reserves,32,27,2635,0,1,0,0,2,true
ld45n9GR0m,2026,Salisbury Inter,Federation Cup Reserves; HPG Homes State League 2 North - Reserves; HPG Homes State League 2 North; HPG Homes State League 2 North - Under 18's; HPG Homes State League 2 (18s) Final Series,28,18,1697,0,2,0,0,0,false
ld45n9Wzpm,2026,Angle Vale,Federation Cup Reserves; Reserves; HPG Homes State League 2 North - Reserves,14,10,1070,0,3,0,0,0,false
ld45n9q3Gm,2026,Western Strikers,Federation Cup Reserves; HPG Homes State League 2 South - Reserves; HPG Homes State League 2 (Reserves) Final Series; HPG Homes State League 2 (Seniors) Finals Series,20,16,1790,6,6,0,0,0,false
ld45n9ykAm,2026,Fulham United,HPG Homes State League 1 Reserves; Federation Cup Reserves,18,12,1191,1,0,0,0,0,false
ld45nO640m,2023,WT Birkalla,State League 1 Under 18's; Under 16's JPL B; U16 Carl's Junior Boys Cup,15,8,710,9,1,0,0,0,false
ld45nO640m,2024,WT Birkalla,U18 Trial Matches; State League 1 Under 18's; U17 Carl's Junior Boys Cup; Under 17 JPL A,22,6,440,8,1,0,0,0,false
ld45nO640m,2025,Eastern United,HPG Homes State League 2 South - Under 18's; HPG Homes State League 2 South - Reserves; Federation Cup Reserves; HPG Homes State League 2 South,21,14,1301,5,0,0,0,0,false
ld45nO640m,2026,Eastern United,Federation Cup U18's; HPG Homes State League 1 Under 18's; HPG Homes State League 1 Reserves; Federation Cup Reserves; Hahn Australia Cup SA Preliminary Rounds,20,9,1472,8,2,0,0,0,false
ld45nZ64Am,2026,Angle Vale,Under 15 Trials; Nova Under 15's YPL C  North Mixed; Nova Under 16's YPL C North Mixed; HPG Homes State League 2 North - Under 18's,19,16,1485,0,1,0,0,0,true
ld45nZ6VOm,2026,Vipers FC,Federation Cup U18's; HPG Homes State League 2 South - Under 18's; HPG Homes State League 2 (18s) Final Series,19,14,1680,8,0,1,0,0,false
ld45nZqXOm,2026,Pontian Eagles,Senior Men's Trials; HPG Homes State League 2 North - Reserves; HPG Homes State League 2 North; HPG Homes State League 2 (Seniors) Finals Series,13,7,624,3,2,0,0,0,false
ld45nZyRpm,2026,Ghan United,Federation Cup U18's; Federation Cup Reserves; Under 16's YSL Mixed; HPG Homes State League 2 South - Reserves; HPG Homes State League 2 South - Under 18's; Under 16 YSL Mixed Top Half,37,26,2899,22,6,0,0,0,false
ld45nZyYpm,2023,Vipers FC,State League 1 Reserves; Federation Cup Reserves; 23 Reserves Trial Matches,18,5,954,0,0,0,0,0,false
ld45nZyYpm,2024,Vipers FC,State League 1 Reserves; Federation Cup Reserves,21,14,1278,2,1,0,0,0,false
ld45nZyYpm,2025,Port Adelaide,Reserves; HPG Homes State League 2 North - Reserves; Federation Cup Reserves,20,17,1580,0,2,0,0,0,false
ld45nZyYpm,2026,Port Adelaide,Federation Cup Reserves; HPG Homes State League 2 North - Reserves; Senior Men's Trials; HPG Homes State League 2 North; HPG Homes State League 2 (Reserves) Final Series,23,22,2062,0,0,0,0,0,false
ld45nZyaBm,2026,Ghan United,Federation Cup U18's; HPG Homes State League 2 South - Under 18's; HPG Homes State League 2 South - Reserves,21,18,2293,1,5,0,0,1,true
ld45nb3v2m,2026,Salisbury United,Under 17 Trials - No Match Officials; Under 17's B Mixed; HPG Homes State League 1 Under 18's; U17 Carl's Jr. Youth Premier Cup,23,22,2335,3,3,0,0,0,false
ld45nbLXOm,2026,Adelaide Blue Eagles,HPG Homes State League 1 Under 18's; Federation Cup U18's,22,9,1080,1,0,0,0,0,false
ld45njaDDm,2026,Mount Barker United,Federation Cup Reserves; Reserves; HPG Homes State League 2 South - Reserves; HPG Homes State League 2 South,18,16,1733,12,1,0,0,0,false
ld45nnQ3rm,2026,Eastern United,Hahn Australia Cup SA Preliminary Rounds; HPG Homes State League 1; Senior Men's Trials,24,24,2560,11,0,0,0,0,false
ld45npEMpm,2023,Cumberland United,Under 14 Trials; Under 14's JPL A; Under 15's JPL A; U15 Carl's Junior Boys Cup,29,28,2410,10,5,0,0,0,false
ld45npEMpm,2024,Football SA State Squads,U18 Trial Matches; Under 16 Trials; Under 16 JPL A; RAA NPL Under 18's; U16 Carl's Junior Boys Cup,28,23,2030,3,1,0,0,0,false
ld45npEMpm,2025,Cumberland United,HPG Homes State League 1 Under 18's; HPG Homes State League 1 Reserves; Federation Cup U18's; Federation Cup Reserves,32,25,2516,21,0,0,0,0,false
ld45npEMpm,2026,Cumberland United,HPG Homes State League 1 Under 18's; HPG Homes State League 1 Reserves,36,23,3322,11,3,0,0,0,false
ld45npErxm,2023,Croydon FC,RAA NPL Under 18's; Federation Cup U18's; 23 Reserves Trial Matches; U18 Trial Matches,22,19,2040,12,6,0,0,0,false
ld45npErxm,2024,Croydon FC,U18 Trial Matches; RAA NPL Under 18's; Federation Cup U18's; RAA NPL Reserves; Under 17 JPL A,30,25,2066,8,6,0,0,0,false
ld45npErxm,2025,Croydon FC,RAA NPL Reserves; Federation Cup Reserves; RAA NPL Under 18's,14,10,1107,4,4,0,0,0,false
ld45npErxm,2026,Elizabeth Downs Soccer Club,Hahn Australia Cup SA Preliminary Rounds; Senior Men's Trials; HPG Homes State League 2 North; HPG Homes State League 2 North - Reserves; HPG Homes State League 2 (Seniors) Finals Series,20,16,1365,6,7,1,0,0,false
ld45npMWGm,2026,Port Adelaide,Nova Under 16's YPL B Mixed; HPG Homes State League 2 North - Under 18's,22,17,1610,3,0,0,0,0,false
ld45npZ2xm,2023,Western Strikers,Under 15's JPL B; U15 Carl's Junior Boys Cup; State League 2 Under 18's; U15 JPL B - Top Half,20,12,1100,3,1,0,0,0,false
ld45npZ2xm,2024,Fulham United,Under 15 Trials; Under 15 JPL A; U15 Carl's Junior Boys Cup,23,23,2060,1,5,0,0,0,false
ld45npZ2xm,2025,Fulham United,Under 18's; HPG Homes State League 1 Under 18's; Federation Cup U18's; Nova Under 17's YPL A Mixed,26,18,1715,2,3,1,0,0,false
ld45npZ2xm,2026,Fulham United,HPG Homes State League 1 Under 18's; HPG Homes State League 1 Reserves; Federation Cup U18's,21,19,2280,4,3,0,0,0,false
ld45npeP0m,2026,Fulham United,HPG Homes State League 1; Hahn Australia Cup SA Preliminary Rounds; Senior Men's Trials; HPG Homes State League 1 Reserves,19,6,1018,2,1,0,0,0,false
ld45npxaxm,2023,Campbelltown City,Under 15's JPL A; U15 Carl's Junior Boys Cup; U17 Carl's Junior Boys Cup; Under 16's JSL A,25,19,1700,11,1,0,0,0,false
ld45npxaxm,2024,Campbelltown City,Under 16 Trials; Under 16 JPL A; RAA NPL Under 18's; U16 Carl's Junior Boys Cup; Under 16 JSL A,31,23,1950,43,2,0,0,0,false
ld45npxaxm,2025,Campbelltown City,Under 18's; RAA NPL Under 18's; Federation Cup U18's,26,17,1650,13,2,0,0,0,false
ld45npxaxm,2026,Campbelltown City; Adelaide Croatia Raiders,RAA NPL Reserves; RAA NPL Under 18's; Federation Cup Reserves; HPG Homes State League 1 Reserves,27,14,2333,28,2,0,0,0,false
ld45nqyMBm,2026,Elizabeth Grove,Federation Cup U18's; HPG Homes State League 2 North - Under 18's; HPG Homes State League 2 North - Reserves,24,15,1582,4,2,0,0,0,false
ld45nrA8Gm,2023,Noarlunga United,Under 14's JSL C,4,1,80,0,0,0,0,0,false
ld45nrA8Gm,2024,Noarlunga United,Under 14 Trials - No Match Officials; Under 14 JSL C; U14 Carl's Junior Boys Cup,18,18,1430,0,0,0,0,0,false
ld45nrA8Gm,2025,Noarlunga United,Nova Under 15's YPL B Mixed; U15 Carl's Jr. Youth Premier Cup,19,19,1790,0,0,0,0,0,false
ld45nrA8Gm,2026,Noarlunga United,U16 Carl's Jr. Youth Premier Cup; Nova Under 16's YPL C South Mixed; HPG Homes State League 2 South - Under 18's; Under 16 Trials,21,19,1825,0,0,1,0,0,false
ld45nrAwem,2026,Salisbury United,Nova Under 16's YPL B Mixed; U16 Carl's Jr. Youth Premier Cup; HPG Homes State League 1 Under 18's,26,15,1425,1,2,0,0,0,false
ld45nrQ6rm,2026,Ghan United,Hahn Australia Cup SA Preliminary Rounds; Senior Men's Trials; HPG Homes State League 2 South; HPG Homes State League 2 (Seniors) Finals Series,8,5,593,1,3,0,0,0,false
ld45nrQRem,2026,Adelaide Croatia Raiders,HPG Homes State League 1 Reserves; Federation Cup Reserves; HPG Homes State League 1 Under 18's,33,20,2607,0,2,0,0,0,false
ld45nrg4Dm,2026,Elizabeth Downs Soccer Club,Reserves; Federation Cup Reserves; HPG Homes State League 2 North - Reserves; HPG Homes State League 2 North,12,12,1041,1,5,0,0,0,true
ld45nvYvrm,2026,Elizabeth Grove,Federation Cup U18's; HPG Homes State League 2 North - Under 18's; HPG Homes State League 2 North - Reserves; Federation Cup Reserves,22,17,1566,8,1,0,0,0,false
ld45q2GpBm,2026,Angle Vale,Federation Cup Reserves; Reserves; HPG Homes State League 2 North - Reserves,17,6,584,2,1,0,0,0,false
ld45q2y7Am,2026,South Adelaide,Hahn Australia Cup SA Preliminary Rounds; HPG Homes State League 1; HPG Homes State League 1 Reserves,10,7,830,0,2,0,0,0,false
ld45r48RDm,2026,Ghan United,HPG Homes State League 2 South; HPG Homes State League 2 South - Reserves,1,0,34,0,0,0,0,0,false
ld45r4v8rm,2026,Adelaide University,HPG Homes State League 2 South,5,5,433,3,0,0,0,0,false
ld45y6Vy2m,2026,Para Hills Knights; Adelaide Titans Football Club,RAA NPL; Hahn Australia Cup SA Preliminary Rounds; RAA NPL Reserves; HPG Homes State League 2 South,15,8,698,1,1,0,0,0,false
ld45yJ4Ppm,2023,South Adelaide,RAA NPL Reserves; RAA NPL; 23 Reserves Trial Matches,14,10,241,0,3,0,0,0,false
ld45yJ4Ppm,2024,South Adelaide; Cove FC,RAA NPL; Australia Cup SA Preliminary Rounds; RAA NPL Reserves; State League 2 Reserves,6,5,517,0,2,1,0,0,false
ld45yJ4Ppm,2025,Cove FC,Senior Men's Trials; Reserves; HPG Homes State League 1,24,24,2061,0,4,0,0,0,false
ld45yJ4Ppm,2026,Cove FC,HPG Homes State League 1; Senior Men's Trials,20,20,2243,2,7,0,0,0,false
ld45yJOwpm,2023,Vipers FC,Under 14's JPL A; Under 14's JSL B; U14 Carl's Junior Boys Cup; Under 15's JPL B,31,25,2150,1,0,0,0,0,false
ld45yJOwpm,2024,Vipers FC,Under 15 Trials; Under 16 Trials - No Match Officials; Under 15 JPL A; Under 16 JSL B; U15 Carl's Junior Boys Cup; Under 15 JSL A,34,12,1240,1,0,0,0,0,false
ld45yJOwpm,2025,Vipers FC,Under 16 Trials; Nova Under 16's YPL A Mixed; U16 Carl's Jr. Youth Premier Cup,25,20,1860,0,1,0,0,0,false
ld45yJOwpm,2026,Vipers FC,Federation Cup U18's; Under 18's; HPG Homes State League 2 South - Under 18's; Under 17's A Mixed; HPG Homes State League 2 South - Reserves; HPG Homes State League 2 (18s) Final Series,31,24,3046,0,0,0,0,0,false
ld45yJo7pm,2025,Elizabeth Grove,Nova Under 14's YPL C Mixed; U14 Carl's Jr. Youth Premier Cup; HPG Homes State League 2 North - Under 18's; U15 Carl's Jr. Youth Premier Cup; Nova Under 15's YPL C Mixed,34,21,1780,31,4,0,0,0,false
ld45yJo7pm,2026,Elizabeth Grove,Under 15 Trials; Nova Under 15's YPL C  North Mixed; Nova Under 16's YPL C North Mixed; U15 Carl's Jr. Youth Premier Cup; HPG Homes State League 2 North - Under 18's; Nova Under 15's YPL C Mixed Finals Series,23,17,1580,27,2,0,0,0,false
ld45yJvrxm,2025,Noarlunga United,HPG Homes State League 2 South - Reserves; Federation Cup Reserves,12,7,762,3,4,1,0,0,false
ld45yJvrxm,2026,Noarlunga United,HPG Homes State League 2 South - Reserves; Federation Cup Reserves; HPG Homes State League 2 (Reserves) Final Series,17,2,995,2,1,0,0,0,false
ld45yOn9pm,2025,Adelaide Hills Hawks,Senior Men's Trials; HPG Homes State League 2 South; Australia Cup SA Preliminary Rounds; HPG Homes State League 2 South - Reserves,17,15,1503,1,2,0,0,0,false
ld45yOn9pm,2026,Adelaide Hills Hawks,Hahn Australia Cup SA Preliminary Rounds; Senior Men's Trials; HPG Homes State League 2 South - Reserves; HPG Homes State League 2 South,16,13,1620,2,3,0,0,0,false
ld45yW46Bm,2023,Eastern United,State League 1 Under 18's; State League 1 Reserves; Federation Cup U18's; Federation Cup Reserves; State League 1; 23 Reserves Trial Matches; 23 Senior Men's Trial Matches,28,23,2554,0,2,0,0,2,true
ld45yW46Bm,2024,Eastern United,State League 2 Reserves; State League 2; Federation Cup Reserves,16,14,1430,0,0,0,0,2,true
ld45yW46Bm,2025,Fulham United,Reserves; HPG Homes State League 1; HPG Homes State League 1 Reserves; Australia Cup SA Preliminary Rounds; Federation Cup Reserves,16,14,1290,0,1,0,0,2,true
ld45yW46Bm,2026,Fulham United,Hahn Australia Cup SA Preliminary Rounds; HPG Homes State League 1 Reserves; HPG Homes State League 1; Senior Men's Trials,16,15,1800,0,1,0,0,2,true
ld45yq8z2m,2023,Plympton FC,Under 13's JSL B; U13 Carl's Junior Boys Cup,19,18,1430,1,1,0,0,0,true
ld45yq8z2m,2024,Plympton FC,Under 14 JSL B; Under 15 JSL A,21,17,1370,5,0,0,0,0,false
ld45yq8z2m,2025,Cove FC,Nova Under 16's YPL C Mixed; U15 Carl's Jr. Youth Premier Cup; U16 Carl's Jr. Youth Premier Cup; Federation Cup U18's; Nova Under 15's YPL C Mixed; HPG Homes State League 1 Under 18's,25,17,1585,1,2,0,0,0,false
ld45yq8z2m,2026,Cove FC,Federation Cup U18's; HPG Homes State League 1 Under 18's; Nova Under 16's YPL C South Mixed; Under 17's B Mixed; Nova Under 16's YPL C Mixed Finals Series,38,28,3060,2,1,0,0,0,false
ld45yrXZOm,2023,West Adelaide,Under 14's JPL C; U14 Carl's Junior Boys Cup,17,15,1310,0,0,0,0,0,false
ld45yrXZOm,2024,West Adelaide,Under 15 Trials - No Match Officials; Under 15 JPL B; U15 Carl's Junior Boys Cup; Under 15 JSL B,22,16,1420,0,0,0,0,0,false
ld45yrXZOm,2025,West Adelaide,U16 Carl's Jr. Youth Premier Cup; Nova Under 16's YPL B Mixed,17,11,1030,0,0,0,0,0,false
ld45yrXZOm,2026,Adelaide Cobras,HPG Homes State League 1 Under 18's,8,0,0,0,0,0,0,0,false
ld4p7axvxd,2024,West Adelaide; Adelaide Cobras,Reserves Trial Matches; State League 1 Reserves; Federation Cup Reserves,24,19,1741,2,1,0,0,0,false
ld4p7axvxd,2025,Adelaide Cobras,Reserves; HPG Homes State League 1 Reserves; Federation Cup Reserves,17,17,1579,1,2,0,0,0,false
ld4p7axvxd,2026,Adelaide Titans Football Club,Hahn Australia Cup SA Preliminary Rounds; Senior Men's Trials; HPG Homes State League 2 South,18,14,1610,1,2,0,0,0,false
ld4pERrXrd,2024,Gawler Eagles,Under 12 JPL Yellow; U12 Carl's Junior Boys Cup; U12 JPL C,21,20,1300,4,0,0,0,0,false
ld4pERrXrd,2025,Gawler Eagles,Under 13 Trials; Nova Under 13's YPL C Mixed; U13 Carl's Jr. Youth Premier Cup; Nova Under 14's YPL C Mixed,24,20,1480,1,0,0,0,0,false
ld4pERrXrd,2026,Gawler Eagles,Under 15 Trials; Nova Under 15's YPL C  North Mixed; U15 Carl's Jr. Youth Premier Cup; Nova Under 16's YPL C North Mixed; HPG Homes State League 2 North - Under 18's,24,15,1420,0,1,0,0,0,false
ld4peRW32d,2026,Northern Demons,Federation Cup U18's; HPG Homes State League 2 North - Under 18's,6,6,570,1,0,0,0,0,false
ld4pw632Bd,2025,Elizabeth Grove,Senior Men's Trials; Reserves; HPG Homes State League 2 North - Reserves; HPG Homes State League 2 North; Federation Cup Reserves; Australia Cup SA Preliminary Rounds,19,11,1091,4,2,0,0,0,false
ld4pw632Bd,2026,Elizabeth Downs Soccer Club,Reserves; Senior Men's Trials; Federation Cup Reserves; HPG Homes State League 2 North - Reserves; HPG Homes State League 2 North,20,17,1526,16,1,1,0,0,false
ld4pwO7R2d,2023,Playford City,Under 14's JPL B; Under 15's JPL B; U14 Carl's Junior Boys Cup,22,14,1220,3,0,0,0,0,false
ld4pwO7R2d,2024,Para Hills Knights,Under 15 JPL B; Under 15 JSL A; U15 Carl's Junior Boys Cup,13,5,450,3,0,0,0,0,false
ld4pwO7R2d,2025,Playford City,Under 16 Trials; Under 16 Trials - No Match Officials; Nova Under 16's YPL B Mixed; U16 Carl's Jr. Youth Premier Cup,17,12,1070,0,0,0,0,0,false
ld4pwO7R2d,2026,Salisbury United,Under 17 Trials - No Match Officials; Under 17's B Mixed; U17 Carl's Jr. Youth Premier Cup; HPG Homes State League 1 Under 18's,21,13,1355,7,4,2,0,0,false
ld4pwb7Jxd,2026,Adelaide Hills Hawks,Hahn Australia Cup SA Preliminary Rounds; Senior Men's Trials; HPG Homes State League 2 South,5,4,430,1,0,0,0,0,false
ld4px1ojBd,2024,,,0,0,0,0,0,0,0,0,false
ld4px1ojBd,2025,Adelaide Hills Hawks,Reserves; Senior Men's Trials; HPG Homes State League 2 South; HPG Homes State League 2 South - Reserves; Australia Cup SA Preliminary Rounds,20,20,2003,0,1,0,0,3,true
ld4px1ojBd,2026,Ghan United,Hahn Australia Cup SA Preliminary Rounds; Federation Cup Reserves; Senior Men's Trials; HPG Homes State League 2 South - Reserves,17,16,1920,0,1,0,0,0,true
ld4px2Mjrd,2025,Angle Vale,Australia Cup SA Preliminary Rounds,0,0,0,0,0,0,0,0,false
ld4px2Mjrd,2026,Angle Vale,Hahn Australia Cup SA Preliminary Rounds; Senior Men's Trials; HPG Homes State League 2 North; HPG Homes State League 2 North - Reserves,23,23,2085,0,0,0,0,0,true
ld4pxWBAxd,2025,Mount Barker United,Federation Cup U18's; HPG Homes State League 2 South - Under 18's,17,17,1560,1,0,0,0,0,false
ld4pxWBAxd,2026,Mount Barker United,Federation Cup U18's; Under 18's; HPG Homes State League 2 South - Under 18's,12,10,1170,0,1,0,0,0,false
ld4z472rNW,2023,Fulham United,Under 14's JPL B; U14 Carl's Junior Boys Cup; Under 15's JSL B,22,18,1560,1,1,0,0,0,false
ld4z472rNW,2024,Fulham United,Under 15 Trials; Under 15 JPL A; U15 Carl's Junior Boys Cup,17,16,1430,0,5,0,0,0,false
ld4z472rNW,2025,Vipers FC,Nova Under 15's YPL A Mixed; U15 Carl's Jr. Youth Premier Cup,17,16,1490,2,3,1,0,0,false
ld4z472rNW,2026,Vipers FC,Under 16 Trials - No Match Officials; Under 16 Trials; Under 15 Trials; Nova Under 16's YPL A Mixed; U16 Carl's Jr. Youth Premier Cup; HPG Homes State League 2 South - Under 18's,32,31,2925,1,5,0,0,0,false
ld4z4paDNW,2023,Adelaide Olympic,Under 17's JPL A; U17 Carl's Junior Boys Cup; RAA NPL Under 18's,22,21,1850,1,2,0,0,0,false
ld4z4paDNW,2024,Vipers FC,State League 1 Under 18's; Federation Cup U18's; State League 1 Reserves,21,15,1413,1,5,1,0,0,false
ld4z4paDNW,2025,Vipers FC,HPG Homes State League 1 Under 18's; HPG Homes State League 1 Reserves; Federation Cup U18's,11,8,757,1,3,0,0,0,false
ld4z4paDNW,2026,Barossa United,HPG Homes State League 2 North - Reserves; HPG Homes State League 2 North,5,4,347,2,2,0,0,0,false
ld4z52PxNW,2023,Sturt Lions,Under 15's JPL A; U15 Carl's Junior Boys Cup; Under 15's JSL A,25,12,1080,1,0,0,0,0,false
ld4z52PxNW,2024,Sturt Lions,Under 16 JPL B; U16 Carl's Junior Boys Cup; Under 17 JPL B,24,13,1150,0,4,0,0,0,false
ld4z52PxNW,2025,Sturt Lions,Nova Under 17's YPL A Mixed; U17 Carl's Jr. Youth Premier Cup,25,25,2300,3,4,0,0,0,false
ld4z52PxNW,2026,Plympton FC,Federation Cup Reserves; Senior Men's Trials; Reserves; HPG Homes State League 2 South - Reserves; HPG Homes State League 2 South; HPG Homes State League 2 South - Under 18's,21,13,1518,0,0,0,0,0,false
ld4z5zXxNW,2023,Playford City,Under 17's JPL B; U17 Carl's Junior Boys Cup,22,14,1220,7,2,0,0,0,false
ld4z5zXxNW,2024,Playford City,Federation Cup U18's; State League 1 Under 18's; Under 17 JPL A,29,8,840,2,1,0,0,0,false
ld4z5zXxNW,2025,West Adelaide,Under 18's; HPG Homes State League 1 Under 18's; Federation Cup U18's; HPG Homes State League 1 Reserves,26,20,1989,1,2,0,0,0,false
ld4z5zXxNW,2026,Pontian Eagles,Federation Cup Reserves; HPG Homes State League 2 North - Reserves,8,4,413,0,1,0,0,0,false
ld4zkg6rNW,2025,Elizabeth Downs Soccer Club,Australia Cup SA Preliminary Rounds,1,0,42,0,0,0,0,0,false
ld4zkg6rNW,2026,Angle Vale,Hahn Australia Cup SA Preliminary Rounds; Senior Men's Trials; HPG Homes State League 2 North,12,12,1027,7,1,0,0,0,false
ld4zp2yANW,2023,Adelaide Comets; Adelaide Cobras,Under 15's JSL A; Under 16's JSL A; Under 15's JPL A; U15 Carl's Junior Boys Cup,22,17,1510,1,2,0,0,0,false
ld4zp2yANW,2024,Adelaide Cobras,Under 17 Trials; Under 16 Trials - No Match Officials; State League 1 Under 18's; Federation Cup U18's; Under 16 JPL A,35,23,1980,2,4,0,0,0,false
ld4zp2yANW,2025,Adelaide Cobras,Under 18's; HPG Homes State League 1 Under 18's; HPG Homes State League 1 Reserves; Federation Cup Reserves,29,22,2069,1,3,0,0,0,false
ld4zp2yANW,2026,Adelaide Cobras,HPG Homes State League 1 Reserves; Federation Cup Reserves; HPG Homes State League 1,20,17,1864,1,1,0,0,0,false
ld4zprB2NW,2023,Campbelltown City,Under 15 Trials; Under 15's JPL A; Under 16's JPL A; U15 Carl's Junior Boys Cup; U16 Carl's Junior Boys Cup,20,17,1430,3,2,0,0,0,false
ld4zprB2NW,2024,Campbelltown City,Under 16 Trials; Under 16 JPL A; Under 17 JPL A; U16 Carl's Junior Boys Cup; RAA NPL Under 18's,26,20,1780,4,2,0,0,0,false
ld4zprB2NW,2026,Eastern United,Federation Cup Reserves; HPG Homes State League 1 Reserves; HPG Homes State League 1; HPG Homes State League 1 Under 18's,22,15,1824,4,1,0,0,0,false
nm796YraKO,2023,Para Hills Knights,Under 13 Trials; Under 13's JPL B; U13 Carl's Junior Boys Cup; U14 Carl's Junior Boys Cup; Under 14's JSL A,25,23,1730,7,0,0,0,0,false
nm796YraKO,2024,Modbury Vista,Under 15 Trials; Under 14 Trials; Under 14 JPL B; U14 Carl's Junior Boys Cup; U15 Carl's Junior Boys Cup; Under 15 JPL A; Under 14 JSL C,30,24,2105,12,0,0,0,0,false
nm796YraKO,2025,Modbury Vista,Under 15 Trials; Nova Under 15's YPL C Mixed; Nova Under 16's YPL C Mixed; U15 Carl's Jr. Youth Premier Cup; HPG Homes State League 2 North - Under 18's,41,27,2505,22,0,0,0,0,false
nm796YraKO,2026,Modbury Vista,Federation Cup U18's; Federation Cup Reserves; Under 18's; HPG Homes State League 2 North - Under 18's; Nova Under 16's YPL C North Mixed; HPG Homes State League 2 North - Reserves; HPG Homes State League 2 (18s) Final Series; Nova Under 16's YPL C Mixed Finals Series; HPG Homes State League 2 (Reserves) Final Series,31,11,1129,11,1,0,0,0,false
nm797GP3KO,2023,Vipers FC,Australia Cup SA Preliminary Rounds; State League 1; State League 1 Reserves,23,13,167,4,1,0,0,0,false
nm797GP3KO,2024,Vipers FC,Australia Cup SA Preliminary Rounds; State League 1,23,21,1839,6,5,0,0,0,false
nm797GP3KO,2026,Cumberland United; Cove FC,Hahn Australia Cup SA Preliminary Rounds; HPG Homes State League 1,21,14,1543,2,1,0,0,0,false
nm797gzkKO,2023,Gawler Eagles,Federation Cup Reserves; State League 2 Reserves; U18 Trial Matches; 23 Reserves Trial Matches,27,24,2859,0,3,1,0,0,false
nm797gzkKO,2024,Gawler Eagles,Reserves Trial Matches; Senior Men's Trial Matches,5,3,0,0,0,0,0,0,false
nm797gzkKO,2025,Gawler Eagles,Reserves; HPG Homes State League 2 North - Reserves; Federation Cup Reserves,23,23,2029,0,5,0,0,0,false
nm797gzkKO,2026,Gawler Eagles,Federation Cup Reserves; Reserves; HPG Homes State League 2 North - Reserves,20,20,1890,2,0,0,0,0,false
nm79BQVxKO,2023,Adelaide Hills Hawks,Under 15 Trials; Under 15's JPL B; U15 Carl's Junior Boys Cup; U15 JPL B - Top Half,19,17,1520,0,1,0,0,0,false
nm79BQVxKO,2024,West Adelaide,Under 17 JPL B; U17 Carl's Junior Boys Cup; Under 16 JSL B,20,18,1610,1,2,0,0,0,false
nm79BQVxKO,2025,Adelaide University,Under 18's; HPG Homes State League 2 South - Under 18's; Federation Cup U18's,23,16,1485,1,1,0,0,0,false
nm79BQVxKO,2026,Adelaide Atletico VSC,HPG Homes State League 1 Under 18's,20,15,1800,2,1,0,0,0,false
nm79EDoxKO,2023,Fulham United,State League 1,15,14,786,4,3,0,0,0,false
nm79EDoxKO,2024,Cove FC,Senior Men's Trial Matches; Australia Cup SA Preliminary Rounds; State League 2,5,5,275,2,1,0,0,0,false
nm79EDoxKO,2025,Cove FC,Senior Men's Trials; HPG Homes State League 1; Australia Cup SA Preliminary Rounds,25,21,1667,11,4,0,0,0,false
nm79EDoxKO,2026,Seaford Rangers,Senior Men's Trials; HPG Homes State League 2 South; HPG Homes State League 2 (Seniors) Finals Series,21,13,1449,10,4,0,0,0,false
nm79RWyLKO,2026,Plympton FC,Hahn Australia Cup SA Preliminary Rounds; Senior Men's Trials; HPG Homes State League 2 South; HPG Homes State League 2 South - Reserves,12,9,1024,0,1,0,0,0,false
nm79WyoxKO,2023,Adelaide University,Under 14's JPL C; U14 Carl's Junior Boys Cup,21,20,1760,8,2,0,0,0,true
nm79WyoxKO,2024,Croydon FC,Under 16 Trials - No Match Officials; Under 15 JPL B; U15 Carl's Junior Boys Cup; Under 17 JPL A,22,19,1690,5,2,0,0,0,false
nm79WyoxKO,2025,FK Beograd,Under 17 Trials; RAA NPL Under 18's; Nova Under 17's YPL A Mixed; Federation Cup U18's; RAA NPL Reserves,31,23,2051,3,3,0,0,0,false
nm79WyoxKO,2026,Eastern United,Federation Cup U18's; HPG Homes State League 1 Under 18's,15,5,600,3,0,0,0,0,false
nm79Z88oKO,2023,Adelaide University,State League 2 Reserves; Federation Cup Reserves; State League 2 Under 18's; 23 Senior Men's Trial Matches; 23 Reserves Trial Matches,30,26,3025,1,0,0,0,7,true
nm79Z88oKO,2024,Adelaide University,Reserves Trial Matches; Senior Men's Trial Matches; Federation Cup Reserves; Australia Cup SA Preliminary Rounds; State League 2 Reserves; State League 2,30,26,2263,0,2,0,0,7,true
nm79Z88oKO,2025,Adelaide University,HPG Homes State League 2 South; HPG Homes State League 2 South - Reserves; Federation Cup Reserves; HPG Homes State League 2 (Seniors) Final Series; HPG Homes State League 2 (Reserves) Final Series,20,20,1846,0,2,1,0,8,true
nm79Z88oKO,2026,Adelaide University,HPG Homes State League 2 South; HPG Homes State League 2 South - Reserves,13,12,1516,0,1,0,0,7,true
nm79aEe8KO,2023,Para Hills Knights,State League 1 Reserves; Federation Cup Reserves,15,11,1413,1,1,0,0,0,false
nm79aEe8KO,2024,Para Hills Knights,Reserves Trial Matches; Senior Men's Trial Matches; RAA NPL Reserves; Federation Cup Reserves,28,21,1472,0,0,0,0,0,false
nm79aEe8KO,2025,Gawler Eagles,HPG Homes State League 2 North - Reserves; HPG Homes State League 2 North; Australia Cup SA Preliminary Rounds; HPG Homes State League 2 (Seniors) Final Series,22,19,1672,0,2,0,0,0,false
nm79aEe8KO,2026,Gawler Eagles,Hahn Australia Cup SA Preliminary Rounds; Senior Men's Trials; HPG Homes State League 2 North - Reserves; HPG Homes State League 2 North,23,18,1551,0,1,0,0,0,false
nm7P0aMZDN,2026,Adelaide Hills Hawks,Hahn Australia Cup SA Preliminary Rounds; Senior Men's Trials; HPG Homes State League 2 South,4,4,408,0,0,0,0,0,false
nm7P23a73N,2025,Adelaide Atletico VSC,Nova Under 17's YPL B Mixed,16,16,1520,3,5,0,0,0,false
nm7P23a73N,2026,Ghan United,HPG Homes State League 2 South - Under 18's; HPG Homes State League 2 South - Reserves,17,13,1595,0,2,0,0,0,false
nm7P23w1VN,2025,Salisbury United,Nova Under 15's YPL C Mixed; U15 Carl's Jr. Youth Premier Cup; Nova Under 16's YPL C Mixed,34,18,1710,16,0,0,0,0,false
nm7P23w1VN,2026,Salisbury United,Nova Under 16's YPL B Mixed; U16 Carl's Jr. Youth Premier Cup; HPG Homes State League 1 Under 18's,27,21,1995,3,0,0,0,0,false
nm7P2baRVN,2023,Fulham United,Australia Cup SA Preliminary Rounds; State League 1; 23 Senior Men's Trial Matches,24,24,402,4,5,1,0,0,false
nm7P2baRVN,2024,Fulham United,Senior Men's Trial Matches; Australia Cup SA Preliminary Rounds; State League 1,21,21,1733,1,1,0,0,0,false
nm7P2baRVN,2025,Fulham United,HPG Homes State League 1; Australia Cup SA Preliminary Rounds,27,27,2548,2,4,0,0,0,false
nm7P2baRVN,2026,Fulham United,Hahn Australia Cup SA Preliminary Rounds; HPG Homes State League 1,27,27,3240,2,7,0,0,0,false
nm7P2ejPaN,2025,Port Adelaide,Australia Cup SA Preliminary Rounds; HPG Homes State League 2 North,4,4,299,0,0,0,0,0,false
nm7P2ejPaN,2026,Port Adelaide,HPG Homes State League 2 North,13,11,877,1,5,0,0,0,false
nm7P2erzaN,2025,Salisbury Inter,Senior Men's Trials; HPG Homes State League 2 North - Reserves; HPG Homes State League 2 North; HPG Homes State League 2 (Seniors) Final Series,18,12,1149,3,4,1,0,0,false
nm7P2erzaN,2026,,,0,0,0,0,0,0,0,0,false
nm7P2v2v0N,2023,,,0,0,0,0,0,0,0,0,false
nm7P2v2v0N,2024,Para Hills East,Australia Cup SA Preliminary Rounds,1,1,120,1,0,0,0,0,false
nm7P2v2v0N,2025,Para Hills East,Australia Cup SA Preliminary Rounds,1,0,48,0,0,0,0,0,false
nm7P2v2v0N,2026,Ghan United,HPG Homes State League 2 South - Reserves; HPG Homes State League 2 South,8,4,543,2,1,0,0,0,false
nm7PJwjqaN,2026,Fulham United,Nova Under 16's YPL B Mixed; U16 Carl's Jr. Youth Premier Cup; HPG Homes State League 1 Under 18's,17,13,1235,8,4,1,0,0,false
nm7Pk74VxN,2026,Cumberland United,Federation Cup U18's; HPG Homes State League 1 Under 18's; Under 17's A Mixed,26,11,1245,7,1,0,0,0,false
nm7Pk7y3jN,2026,Ghan United,HPG Homes State League 2 South; HPG Homes State League 2 South - Reserves,5,2,413,0,0,0,0,0,false
nm7PkD5BLN,2026,Salisbury United; Salisbury Inter,Hahn Australia Cup SA Preliminary Rounds; HPG Homes State League 1; HPG Homes State League 1 Reserves; HPG Homes State League 2 North - Reserves; HPG Homes State League 2 North; HPG Homes State League 2 (Seniors) Finals Series,23,20,2017,0,7,0,0,0,false
nm7PkM07VN,2026,Cove FC,Under 16 Trials; Nova Under 16's YPL C South Mixed; U16 Carl's Jr. Youth Premier Cup; HPG Homes State League 1 Under 18's; Nova Under 16's YPL C Mixed Finals Series,23,15,1420,3,1,0,0,0,false
nm7PkPYpxN,2026,South Adelaide,HPG Homes State League 1 Reserves; Federation Cup Reserves,20,20,1930,0,0,0,0,0,false
nm7PkYjgDN,2023,Mount Barker United,Under 13's JPL B; U13 Carl's Junior Boys Cup; Under 14's JDL Mixed,27,22,1860,0,1,0,0,0,false
nm7PkYjgDN,2024,Mount Barker United,Under 14 Trials; Under 14 JPL A; U14 Carl's Junior Boys Cup; Under 16 JSL B; Under 14 JSL B,34,18,1440,1,1,0,0,0,false
nm7PkYjgDN,2025,Adelaide City,Nova Under 15's YSL A Mixed; U15 Carl's Jr. Youth State Cup; Nova Under 15's YPL A Mixed,22,17,1615,0,3,0,0,0,false
nm7PkYjgDN,2026,Mount Barker United; Cumberland United,Federation Cup U18's; Under 16's YSL Mixed; Under 16 YSL Mixed Top Half,16,13,1260,6,0,0,0,0,false
nm7PkgnAVN,2026,Noarlunga United,Federation Cup Reserves; HPG Homes State League 2 South - Reserves,14,7,868,0,0,0,0,0,false
nm7Pkk478N,2026,Fulham United,HPG Homes State League 1 Reserves; Federation Cup Reserves; HPG Homes State League 1,20,20,2171,1,3,0,0,0,false
nm7Pkk8g3N,2026,Adelaide Atletico VSC,HPG Homes State League 1 Reserves; Federation Cup Reserves,24,19,2220,1,2,0,0,0,false
nm7PkkWyLN,2026,Adelaide Atletico VSC,HPG Homes State League 1 Reserves; Federation Cup Reserves,3,0,100,0,1,0,0,0,false
nm7PkoweVN,2026,Adelaide University,Senior Men's Trials; Reserves; HPG Homes State League 2 South; HPG Homes State League 2 South - Reserves,23,16,2015,2,2,0,0,0,false
nm7Pkx0O3N,2023,Adelaide City,Under 14's JPL A; U14 Carl's Junior Boys Cup; Under 15's JPL A; U15 Carl's Junior Boys Cup,26,23,2050,3,1,0,0,0,false
nm7Pkx0O3N,2024,Adelaide City,Under 15 Trials; Under 15 JPL A; U15 Carl's Junior Boys Cup,22,22,1950,7,1,0,0,0,false
nm7Pkx0O3N,2026,Adelaide Blue Eagles,HPG Homes State League 1 Under 18's; Federation Cup U18's; HPG Homes State League 1 Reserves,16,12,1440,4,3,0,0,0,false
nm7PkxqMVN,2026,Angle Vale,Under 14 Trials; Nova Under 14's YPL C North Mixed; U14 Carl's Jr. Youth Premier Cup; Nova Under 15's YPL C  North Mixed; HPG Homes State League 2 North - Under 18's,26,22,1855,0,0,0,0,0,false
nm7YZe87DK,2024,Western Strikers,State League 1 Reserves; Federation Cup Reserves,20,8,870,1,2,0,0,0,false
nm7YZe87DK,2025,Western Strikers,Reserves; HPG Homes State League 2 South - Reserves; Federation Cup Reserves; HPG Homes State League 2 (Reserves) Final Series,22,22,1896,7,8,0,0,0,false
nm7YZe87DK,2026,Western Strikers,Hahn Australia Cup SA Preliminary Rounds; HPG Homes State League 2 South - Reserves; HPG Homes State League 2 South; HPG Homes State League 2 (Reserves) Final Series,21,10,1555,9,4,1,0,0,false
nm7Yw9a70K,2023,,,0,0,0,0,0,0,0,0,false
nm7Yw9a70K,2024,Adelaide Olympic; Modbury Jets,RAA NPL Reserves; RAA NPL; Australia Cup SA Preliminary Rounds,14,10,914,2,5,0,0,0,false
nm7Yw9a70K,2025,Adelaide Blue Eagles,HPG Homes State League 1; Australia Cup SA Preliminary Rounds,23,15,1371,0,6,0,0,0,false
nm7Yw9a70K,2026,Adelaide Blue Eagles,Hahn Australia Cup SA Preliminary Rounds; HPG Homes State League 1,26,23,1903,2,3,0,0,0,false
nm7YwOnAVK,2023,Port Adelaide,Under 13's JSL C; U13 Carl's Junior Boys Cup; Under 13's JPL A,23,16,1270,5,0,0,0,0,false
nm7YwOnAVK,2024,Western Strikers,Under 14 Trials; Under 14 JPL B; U14 Carl's Junior Boys Cup; Under 14 JSL B,25,10,900,0,0,0,0,0,false
nm7YwOnAVK,2025,Western Strikers,Nova Under 15's YPL B Mixed,17,16,1520,1,2,0,0,0,false
nm7YwOnAVK,2026,Western Strikers,Nova Under 16's YPL B Mixed; Federation Cup U18's; U16 Carl's Jr. Youth Premier Cup; Under 16's YSL Mixed; HPG Homes State League 2 South - Under 18's; Under 16 YSL Mixed Top Half,25,10,975,2,1,0,0,0,false
nmYZ21QrNz,2024,Para Hills Knights,Reserves Trial Matches; Senior Men's Trial Matches; RAA NPL Reserves; Federation Cup Reserves,23,9,694,2,1,0,0,0,false
nmYZ21QrNz,2025,Para Hills Knights,Reserves; RAA NPL Reserves; Federation Cup Reserves,18,12,1200,4,1,0,0,0,false
nmYZ21QrNz,2026,Adelaide Croatia Raiders,HPG Homes State League 1 Reserves; Federation Cup Reserves,22,18,2191,7,1,0,0,0,false
nmYZ2G3YNz,2023,Vipers FC,State League 1 Under 18's; Federation Cup U18's; State League 1 Reserves; U18 Trial Matches,24,17,2010,1,0,0,0,0,false
nmYZ2G3YNz,2024,Vipers FC,State League 1 Under 18's; Federation Cup U18's; State League 1 Reserves,23,14,1290,0,0,0,0,0,false
nmYZ2G3YNz,2025,Vipers FC,HPG Homes State League 1 Reserves,18,10,878,1,0,0,0,0,false
nmYZ2G3YNz,2026,Vipers FC,Federation Cup Reserves; HPG Homes State League 2 South - Reserves; HPG Homes State League 2 (Reserves) Final Series,22,6,1262,1,0,0,0,0,false
nmYZ36AYNz,2023,South Adelaide,Under 14's JPL A; U14 Carl's Junior Boys Cup,21,12,1060,1,0,1,0,0,false
nmYZ36AYNz,2024,South Adelaide,Under 15 JPL A; Under 16 Trials - No Match Officials; U15 Carl's Junior Boys Cup,24,22,2035,0,1,0,0,0,false
nmYZ36AYNz,2025,South Adelaide,Under 16 Trials; Nova Under 16's YPL A Mixed; U16 Carl's Jr. Youth Premier Cup,25,25,2330,1,1,0,0,0,false
nmYZ36AYNz,2026,Seaford Rangers,Federation Cup U18's; HPG Homes State League 2 South - Under 18's; HPG Homes State League 2 South - Reserves,20,19,2328,1,2,0,0,0,false
nmYZ36JDNz,2023,South Adelaide,Under 15's JPL A; Under 15's JSL B; U15 Carl's Junior Boys Cup,21,16,1430,6,2,0,0,0,false
nmYZ36JDNz,2024,South Adelaide,Under 16 JPL A; U16 Carl's Junior Boys Cup; Under 17 JPL B,24,20,1780,0,2,0,0,0,false
nmYZ36JDNz,2025,Seaford Rangers,Reserves; Under 18's; HPG Homes State League 2 South - Under 18's; Federation Cup U18's; HPG Homes State League 2 South - Reserves; HPG Homes State League 2 (18s) Final Series,31,23,2254,4,2,1,0,0,false
nmYZ36JDNz,2026,Seaford Rangers,Federation Cup Reserves; Under 18's; HPG Homes State League 2 South - Reserves; HPG Homes State League 2 South - Under 18's,19,13,1739,1,0,0,0,0,false
nmYZ4lbYNz,2023,Cumberland United; Cove FC,State League 1 Reserves; State League 1; State League 2; State League 2 Reserves,10,9,620,2,1,0,0,0,false
nmYZ4lbYNz,2025,Noarlunga United,Senior Men's Trials; HPG Homes State League 2 South; Australia Cup SA Preliminary Rounds; HPG Homes State League 2 South - Reserves,23,12,1176,2,0,0,0,0,false
nmYZ4lbYNz,2026,Noarlunga United,Hahn Australia Cup SA Preliminary Rounds; HPG Homes State League 2 South; HPG Homes State League 2 South - Reserves; Senior Men's Trials,16,6,1016,2,2,0,0,0,false
nmYZ4pB3Nz,2023,Cumberland United,Under 15 Trials; Under 15's JSL A; Under 15's JPL A; U15 Carl's Junior Boys Cup,25,22,1880,2,4,0,0,0,false
nmYZ4pB3Nz,2024,Cumberland United,U18 Trial Matches; State League 1 Under 18's; Under 16 JPL A; Federation Cup U18's; Under 17 JPL A,41,14,1080,1,5,0,0,0,false
nmYZ4pB3Nz,2025,Cumberland United,HPG Homes State League 1 Under 18's; Federation Cup U18's,22,11,1020,3,5,0,0,0,false
nmYZ4pB3Nz,2026,Cumberland United,Federation Cup U18's; HPG Homes State League 1 Under 18's; HPG Homes State League 1 Reserves,31,24,3114,3,6,0,0,0,false
nmYZA3waNz,2023,Campbelltown City,Under 15 Trials; Under 15's JSL A; U15 Carl's Junior Boys Cup; Under 15's JPL A; Under 15's JSL B; U16 JPL A - Bottom Half,29,24,2050,31,0,0,0,0,false
nmYZA3waNz,2024,Campbelltown City,Under 16 Trials; Under 16 JSL A; U16 Carl's Junior Boys Cup; Under 16 JPL A,22,16,1420,12,1,0,0,0,false
nmYZA3waNz,2025,Campbelltown City,Under 17 Trials; Under 17 Trials - No Match Officials; Nova Under 17's YPL A Mixed; U17 Carl's Jr. Youth Premier Cup,23,22,2285,22,0,0,0,0,false
nmYZA3waNz,2026,Modbury Vista,Federation Cup U18's; Under 18's; Reserves; HPG Homes State League 2 North - Reserves; HPG Homes State League 2 North - Under 18's; HPG Homes State League 2 (Reserves) Final Series; HPG Homes State League 2 (18s) Final Series,34,22,2285,14,2,0,0,0,false
nmYZAzzyNz,2023,Para Hills Knights,Under 15's JSL B; U15 Carl's Junior Boys Cup; Under 15's JSL A,19,16,1430,0,0,0,0,0,false
nmYZAzzyNz,2026,Ghan United,Federation Cup U18's; HPG Homes State League 2 South - Under 18's,7,2,240,0,0,0,0,0,false
nmYZD73xNz,2023,South Adelaide,Under 15 Trials; Under 15's JPL A; Under 15's JSL B; Under 16's JPL B; U15 Carl's Junior Boys Cup; RAA NPL Under 18's,33,23,2050,8,0,0,0,0,false
nmYZD73xNz,2024,South Adelaide,Under 16 JPL A; U16 Carl's Junior Boys Cup; RAA NPL Under 18's; Under 17 JPL B,25,21,1870,6,1,0,0,0,false
nmYZD73xNz,2025,South Adelaide,Under 18's; HPG Homes State League 1 Under 18's; Federation Cup U18's; HPG Homes State League 1 Reserves,24,17,1560,2,1,1,0,0,false
nmYZD73xNz,2026,South Adelaide,HPG Homes State League 1 Under 18's; Federation Cup U18's; Federation Cup Reserves; HPG Homes State League 1 Reserves,30,25,3180,5,2,0,0,0,false
nmYZDDL3Nz,2023,Cumberland United,Senior Men's Trials; State League 1 Under 18's; Federation Cup U18's; State League 1 Reserves,25,21,2520,2,1,0,0,0,false
nmYZDDL3Nz,2024,Cumberland United,Reserves Trial Matches; State League 1 Reserves; Federation Cup Reserves,26,21,1799,1,1,0,0,0,false
nmYZDDL3Nz,2025,Cumberland United,HPG Homes State League 1 Reserves; Federation Cup Reserves,24,22,2026,0,2,0,0,0,false
nmYZDDL3Nz,2026,Cumberland United,HPG Homes State League 1 Reserves,21,20,2308,4,2,0,0,0,false
nmYZDYMDNz,2023,Croydon FC,RAA NPL Reserves; Federation Cup Reserves,23,16,2185,0,2,1,0,0,false
nmYZDYMDNz,2024,Playford City,Senior Men's Trial Matches; Reserves Trial Matches; State League 1 Reserves; Federation Cup Reserves,28,26,2338,0,8,1,0,0,false
nmYZDYMDNz,2025,Playford City,Reserves; RAA NPL Reserves; Australia Cup SA Preliminary Rounds; Federation Cup Reserves,23,22,1978,0,5,1,0,0,false
nmYZDYMDNz,2026,Elizabeth Downs Soccer Club,Hahn Australia Cup SA Preliminary Rounds; Senior Men's Trials; HPG Homes State League 2 North; HPG Homes State League 2 North - Reserves; HPG Homes State League 2 (Seniors) Finals Series,22,8,926,1,2,0,0,0,false
nmYZDYjbNz,2023,Salisbury United,Federation Cup Reserves; State League 2 Reserves,25,21,2165,7,1,0,0,0,false
nmYZDYjbNz,2026,Elizabeth Downs Soccer Club,Reserves; Federation Cup Reserves; HPG Homes State League 2 North - Reserves,4,3,344,0,0,0,0,0,false
nmYZDjDYNz,2023,Vipers FC,Under 13's JSL B; U13 Carl's Junior Boys Cup; Under 13's JSL A,20,18,1430,1,0,0,0,0,false
nmYZDjDYNz,2024,Croydon FC,Under 14 JPL C; U14 Carl's Junior Boys Cup; Under 14 Trials,19,18,1420,1,0,0,0,0,false
nmYZDjDYNz,2025,Western Strikers,Nova Under 15's YPL B Mixed,21,16,1520,1,2,0,0,0,false
nmYZDjDYNz,2026,Western Strikers,Nova Under 16's YPL B Mixed; HPG Homes State League 2 South - Under 18's,15,9,855,1,2,0,0,0,false
nmYZDjPzNz,2023,Adelaide Croatia Raiders,State League 1 Reserves; State League 1; Australia Cup SA Preliminary Rounds,22,15,916,1,1,0,0,0,false
nmYZDjPzNz,2024,Adelaide Croatia Raiders,Senior Men's Trial Matches; RAA NPL Reserves; RAA NPL; Federation Cup Reserves,21,20,1685,0,1,0,0,0,false
nmYZDjPzNz,2025,Adelaide Croatia Raiders,RAA NPL Reserves; Australia Cup SA Preliminary Rounds; Federation Cup Reserves; RAA NPL,9,8,811,1,3,0,0,0,false
nmYZDjPzNz,2026,Port Adelaide,Hahn Australia Cup SA Preliminary Rounds; HPG Homes State League 2 North - Reserves; HPG Homes State League 2 North; Senior Men's Trials,11,6,534,0,0,0,0,0,false
nmYZE91bNz,2023,West Adelaide,RAA NPL; RAA NPL Reserves; Australia Cup SA Preliminary Rounds,14,9,629,9,0,0,0,0,false
nmYZE91bNz,2025,Mount Barker United,Senior Men's Trials; HPG Homes State League 2 South; HPG Homes State League 2 South - Reserves,22,14,1332,8,0,0,0,0,false
nmYZE91bNz,2026,Mount Barker United,Hahn Australia Cup SA Preliminary Rounds; Senior Men's Trials; HPG Homes State League 2 South,20,19,1905,12,0,0,0,0,false
nmYZo79xNz,2023,Sturt Lions,Under 14's JPL A; Under 14's JSL B; U14 Carl's Junior Boys Cup,28,25,2210,4,0,0,0,1,true
nmYZo79xNz,2024,South Adelaide,Under 15 JPL A; Under 16 Trials - No Match Officials; U15 Carl's Junior Boys Cup,24,22,2045,5,3,0,0,0,false
nmYZo79xNz,2025,South Adelaide,Under 16 Trials; Nova Under 16's YPL A Mixed; U16 Carl's Jr. Youth Premier Cup; HPG Homes State League 1 Under 18's,24,22,2045,5,1,0,0,0,false
nmYZo79xNz,2026,South Adelaide,HPG Homes State League 1 Under 18's; Federation Cup U18's; Federation Cup Reserves,26,24,2931,12,1,0,0,0,false
nmYZoXpYNz,2023,Adelaide University Grads Blue,Australia Cup SA Preliminary Rounds,1,1,90,0,0,0,0,0,false
nmYZoXpYNz,2026,Eastern United,Hahn Australia Cup SA Preliminary Rounds; HPG Homes State League 1; Senior Men's Trials,23,19,2384,2,3,0,0,0,false
nmYZxVXzNz,2023,Adelaide Croatia Raiders,Under 13's JPL A; Under 14's JSL A; Under 13's JSL A; U13 Carl's Junior Boys Cup; U14 Carl's Junior Boys Cup; WNPL & WSL Trials,29,21,1580,1,1,0,0,0,false
nmYZxVXzNz,2024,Adelaide Croatia Raiders,Under 14 JSL A; U14 Carl's Junior Boys Cup; Under 15 JSL A; Under 15 Trials,22,20,1730,1,1,0,0,0,false
nmYZxVXzNz,2025,,,0,0,0,0,0,0,0,0,false
nmYZxVXzNz,2026,Adelaide Atletico VSC,Under 16 Trials; Nova Under 16's YPL C North Mixed; U16 Carl's Jr. Youth Premier Cup; HPG Homes State League 1 Under 18's,18,17,1605,0,1,0,0,0,false
nmYZxyMxNz,2023,West Adelaide,RAA NPL; RAA NPL Reserves,18,16,1322,0,2,0,0,0,false
nmYZxyMxNz,2024,Adelaide Olympic,Reserves Trial Matches; Senior Men's Trial Matches; RAA NPL Reserves; Federation Cup Reserves; RAA NPL; Australia Cup SA Preliminary Rounds,28,26,2155,0,3,0,0,0,false
nmYZxyMxNz,2025,Adelaide Olympic,HPG Homes State League 1; Australia Cup SA Preliminary Rounds,18,17,1610,0,1,0,0,0,false
nmYZxyMxNz,2026,Adelaide Olympic,Hahn Australia Cup SA Preliminary Rounds; HPG Homes State League 1; HPG Homes State League 1 Reserves,21,17,1828,2,3,0,0,0,false
nmYgJB7bKz,2023,Vipers FC,Under 13's JPL A; Under 13's JSL A; Under 14's JSL B; U14 Carl's Junior Boys Cup; U13 Carl's Junior Boys Cup; Under 13's JSL B; Under 14's JPL A,35,35,2750,0,1,0,0,4,true
nmYgJB7bKz,2024,Vipers FC,Under 14 JPL A; U14 Carl's Junior Boys Cup; Under 15 JPL A; U15 Carl's Junior Boys Cup; Under 16 JSL B,34,30,2370,4,2,0,0,1,true
nmYgJB7bKz,2025,Vipers FC,Under 15 Trials; Nova Under 15's YPL A Mixed; HPG Homes State League 1 Under 18's; U15 Carl's Jr. Youth Premier Cup,22,22,2040,0,1,1,0,3,true
nmYgJB7bKz,2026,Vipers FC,Under 16 Trials - No Match Officials; Under 16 Trials; Under 15 Trials; Federation Cup U18's; Nova Under 16's YPL A Mixed; HPG Homes State League 2 South - Under 18's; U16 Carl's Jr. Youth Premier Cup; HPG Homes State League 2 South - Reserves; Federation Cup Reserves; U17 Carl's Jr. Youth Premier Cup; HPG Homes State League 2 South; HPG Homes State League 2 (18s) Final Series; HPG Homes State League 2 (Reserves) Final Series,60,59,6260,0,2,0,0,20,true
nmYgng11Kz,2023,Barossa United,Under 14's JSL B; U14 Carl's Junior Boys Cup,21,20,1590,5,0,0,0,0,false
nmYgng11Kz,2024,Salisbury Inter,Under 15 Trials; Under 15 JSL B; U15 Carl's Junior Boys Cup,24,22,1970,2,1,0,0,0,false
nmYgng11Kz,2025,Salisbury Inter,Under 16 Trials; Nova Under 16's YPL C Mixed; U16 Carl's Jr. Youth Premier Cup,23,23,2125,5,0,0,0,0,false
nmYgng11Kz,2026,Salisbury Inter,Under 17's B Mixed; U17 Carl's Jr. Youth Premier Cup; HPG Homes State League 2 North - Under 18's,22,21,1995,6,2,0,0,0,false
nmYgyBBDKz,2023,Adelaide Croatia Raiders,Under 15's JSL A; U15 Carl's Junior Boys Cup; Under 14's JSL A,22,22,1950,7,0,0,0,0,false
nmYgyBBDKz,2024,Adelaide Croatia Raiders,Reserves WNPL & WSL Trials; Under 15 JSL A; U15 Carl's Junior Boys Cup; Seniors WNPL & WSL Trials; Under 16 JPL A; Under 17 JPL A; U17 Carl's Junior Boys Cup; Under 15 Girls Trials,26,24,2115,0,1,0,0,0,false
nmYgyBBDKz,2025,Adelaide Croatia Raiders,Under 16 Trials; Under 16 Trials - No Match Officials; Nova Under 16's YPL A Mixed; U16 Carl's Jr. Youth Premier Cup; RAA NPL Under 18's,32,23,2130,0,1,0,0,0,false
nmYgyBBDKz,2026,Adelaide University,Federation Cup U18's; HPG Homes State League 2 South - Under 18's,16,12,1440,0,0,0,0,0,false
nmYgyQjaKz,2023,Western Strikers,Under 15's JPL B; State League 2 Under 18's; U15 Carl's Junior Boys Cup; U15 JPL B - Top Half,21,20,1820,0,1,0,0,1,true
nmYgyQjaKz,2024,Western Strikers,Under 16 JPL B; U16 Carl's Junior Boys Cup; State League 1 Under 18's,28,24,2130,0,1,1,0,3,true
nmYgyQjaKz,2025,Western Strikers,Under 18's; Federation Cup U18's; HPG Homes State League 2 South - Under 18's; HPG Homes State League 2 South - Reserves,25,14,1260,0,2,0,0,3,true
nmYgyQjaKz,2026,Western Strikers,Federation Cup U18's; HPG Homes State League 2 South - Under 18's; HPG Homes State League 2 South - Reserves,8,5,600,0,1,0,0,0,true
nmYgzvnYKz,2023,Adelaide Croatia Raiders,Under 13's JPL A; U13 Carl's Junior Boys Cup; Under 14's JSL A,23,21,1660,0,1,0,0,0,false
nmYgzvnYKz,2024,Adelaide Croatia Raiders,Under 14 JPL A; U14 Carl's Junior Boys Cup; Under 17 JPL A; Under 15 Trials,27,24,1890,2,1,0,0,0,false
nmYgzvnYKz,2025,Adelaide Croatia Raiders,Under 18's; Under 16 Trials; Under 16 Trials - No Match Officials; Nova Under 16's YPL A Mixed; U16 Carl's Jr. Youth Premier Cup; RAA NPL Under 18's,34,29,2680,1,1,0,0,0,false
nmYgzvnYKz,2026,Adelaide Croatia Raiders,HPG Homes State League 1 Under 18's; HPG Homes State League 1 Reserves; Federation Cup U18's; Federation Cup Reserves; Nova Under 16's YPL A Mixed,32,24,2764,0,0,0,0,0,false
nmYn73OwxN,2026,Cumberland United,Nova Under 16's YPL A Mixed; Under 18's; U16 Carl's Jr. Youth Premier Cup; HPG Homes State League 1 Under 18's,28,20,1895,1,5,0,0,0,false
nmYn73jlrN,2023,Sturt Lions,Under 14's JSL B; Under 14's JSL A; U14 Carl's Junior Boys Cup; Under 14's JPL A,24,24,1950,0,0,0,0,3,true
nmYn73jlrN,2024,Sturt Lions,Under 15 JSL A; Under 15 JPL B; U15 Carl's Junior Boys Cup; Under 16 JSL B,25,24,2140,0,0,0,0,2,true
nmYn73jlrN,2025,Sturt Lions,U16 Carl's Jr. Youth Premier Cup; Nova Under 16's YPL B Mixed; Nova Under 17's YPL B Mixed; U17 Carl's Jr. Youth Premier Cup,26,20,1870,0,0,0,0,4,true
nmYn73jlrN,2026,Cumberland United,Federation Cup U18's; HPG Homes State League 1 Under 18's; Under 17 Trials; U17 Carl's Jr. Youth Premier Cup; Under 17's A Mixed,40,20,1915,0,0,0,0,6,true
nmYn78lJDN,2023,Adelaide Croatia Raiders,State League 1; Australia Cup SA Preliminary Rounds; State League 1 Reserves,18,18,1044,0,1,0,0,0,false
nmYn78lJDN,2024,Adelaide Croatia Raiders,RAA NPL; Australia Cup SA Preliminary Rounds; RAA NPL Reserves,28,13,1149,1,2,0,0,0,false
nmYn78lJDN,2025,Salisbury United,Senior Men's Trials; HPG Homes State League 1; Australia Cup SA Preliminary Rounds,25,20,1860,3,1,0,0,0,false
nmYn78lJDN,2026,Salisbury United,Hahn Australia Cup SA Preliminary Rounds; HPG Homes State League 1,21,20,2041,3,2,0,0,0,false
nmYn8J20aN,2026,Vipers FC,HPG Homes State League 2 South - Under 18's; Federation Cup U18's; HPG Homes State League 2 South - Reserves; HPG Homes State League 2 (18s) Final Series,18,15,1906,1,1,0,0,0,false
nmYnB141xN,2026,Adelaide Croatia Raiders,Hahn Australia Cup SA Preliminary Rounds; HPG Homes State League 1 Reserves; HPG Homes State League 1; Federation Cup Reserves; HPG Homes State League 1 Under 18's,25,23,2774,0,0,0,0,4,true
nmYnB1481N,2026,Adelaide Cobras,HPG Homes State League 1; Hahn Australia Cup SA Preliminary Rounds; HPG Homes State League 1 Reserves,21,18,1926,2,0,0,0,0,false
nmYnB14BrN,2026,Barossa United,Hahn Australia Cup SA Preliminary Rounds; HPG Homes State League 2 North,17,16,1428,3,5,0,0,0,false
nmYnBBLEzN,2026,Pontian Eagles,Hahn Australia Cup SA Preliminary Rounds; Senior Men's Trials; HPG Homes State League 2 North; HPG Homes State League 2 (Seniors) Finals Series,21,20,1758,3,4,0,0,0,false
nmYnBBLjrN,2026,Angle Vale,HPG Homes State League 2 North - Under 18's,2,2,180,0,0,0,0,0,false
nmYnBBLv3N,2026,Pontian Eagles,Hahn Australia Cup SA Preliminary Rounds; Senior Men's Trials; HPG Homes State League 2 North; HPG Homes State League 2 (Seniors) Finals Series,22,21,1937,2,7,0,0,0,false
nmYnBO8LyN,2026,Cove FC,Hahn Australia Cup SA Preliminary Rounds; HPG Homes State League 1; Senior Men's Trials,24,23,2720,1,0,0,0,0,false
nmYnBX4DYN,2026,Cumberland United,Hahn Australia Cup SA Preliminary Rounds; HPG Homes State League 1,27,27,3103,4,6,0,0,0,false
nmYnBXDZzN,2026,,,0,0,0,0,0,0,0,0,false
nmYnBXDpYN,2024,Adelaide University,Under 17 JPL B; U17 Carl's Junior Boys Cup; State League 2 Under 18's,18,16,1430,1,0,0,0,0,false
nmYnBXDpYN,2025,Adelaide University,Under 18's; Federation Cup Reserves; HPG Homes State League 2 South - Under 18's,20,18,1620,5,1,0,0,0,false
nmYnBXDpYN,2026,Adelaide University,Federation Cup Reserves; Reserves; HPG Homes State League 2 South - Reserves,13,2,652,0,0,0,0,0,false
nmYnBj1MDN,2026,Vipers FC,Hahn Australia Cup SA Preliminary Rounds; Senior Men's Trials; HPG Homes State League 2 South; HPG Homes State League 2 (Seniors) Finals Series,21,17,1667,9,0,0,0,0,false
nmYnBj1wyN,2026,Angle Vale,Hahn Australia Cup SA Preliminary Rounds; Senior Men's Trials; HPG Homes State League 2 North,18,9,835,0,2,0,0,0,false
nmYnBraAzN,2026,Modbury Jets,HPG Homes State League 1 Reserves; Federation Cup Reserves; HPG Homes State League 1; Senior Men's Trials,17,9,1188,1,4,0,0,0,false
nmYnBrl6pN,2026,South Adelaide,Hahn Australia Cup SA Preliminary Rounds; HPG Homes State League 1,21,17,2003,0,0,0,0,0,false
nmYnBrnVxN,2026,Pontian Eagles,Hahn Australia Cup SA Preliminary Rounds; Senior Men's Trials; HPG Homes State League 2 North; HPG Homes State League 2 (Seniors) Finals Series,23,22,2022,22,2,0,0,0,false
nmYnDZqM3N,2026,Modbury Jets,HPG Homes State League 1; Senior Men's Trials,12,9,1026,0,1,0,0,0,false
nmYnG6JEbN,2026,Barossa United,HPG Homes State League 2 North - Under 18's; HPG Homes State League 2 North - Reserves,8,3,270,0,0,0,0,0,false
nmYnMBeaaN,2023,Adelaide Blue Eagles,Australia Cup SA Preliminary Rounds; State League 1; State League 1 Reserves; 23 Senior Men's Trial Matches,19,17,690,0,3,0,0,0,true
nmYnMBeaaN,2025,Adelaide Blue Eagles,HPG Homes State League 1; Australia Cup SA Preliminary Rounds; HPG Homes State League 1 Reserves,21,21,1950,0,1,0,0,2,true
nmYnMBeaaN,2026,Cove FC,Hahn Australia Cup SA Preliminary Rounds; HPG Homes State League 1; Senior Men's Trials,21,20,2460,0,2,0,0,5,true
nmYnML2QaN,2025,Salisbury United,Nova Under 15's YSL B Mixed; U15 Carl's Jr. Youth State Cup; Nova Under 16's YSL A Mixed; Under 16 YSL Top Half; Nova Under 14's YPL C Mixed,25,13,1195,8,1,0,0,0,false
nmYnML2QaN,2026,Elizabeth Downs Soccer Club,U16 Carl's Jr. Youth Premier Cup; Nova Under 16's YPL C North Mixed; HPG Homes State League 2 North - Under 18's,16,12,1140,6,3,0,0,0,false
nmYnMOGZaN,2023,Adelaide Victory,Australia Cup SA Preliminary Rounds; State League 1 Reserves; State League 1; 23 Senior Men's Trial Matches,20,14,205,3,2,0,0,0,false
nmYnMOGZaN,2024,Adelaide Victory,State League 1 Reserves; Federation Cup Reserves; State League 1,16,11,1145,1,2,0,0,0,false
nmYnMOGZaN,2025,Gawler Eagles,Senior Men's Trials; HPG Homes State League 2 North; Australia Cup SA Preliminary Rounds; HPG Homes State League 2 (Seniors) Final Series,17,17,1502,0,1,0,0,0,false
nmYnMOGZaN,2026,Gawler Eagles,Hahn Australia Cup SA Preliminary Rounds; Senior Men's Trials; HPG Homes State League 2 North,22,22,1844,1,0,0,0,0,false
nmYnMXGMyN,2025,Eastern United,HPG Homes State League 2 South - Reserves; Federation Cup Reserves; HPG Homes State League 2 South,27,20,1751,0,2,0,0,0,false
nmYnMXGMyN,2026,Eastern United,Federation Cup Reserves; HPG Homes State League 1 Reserves,24,13,1835,0,2,0,0,0,false
nmYnMy0LzN,2025,Salisbury United,Under 15 Trials; Under 15 Trials - No Match Officials; Nova Under 15's YPL C Mixed; U15 Carl's Jr. Youth Premier Cup; Nova Under 16's YPL C Mixed,27,20,1840,11,0,0,0,0,false
nmYnMy0LzN,2026,Salisbury United,Nova Under 16's YPL B Mixed; U16 Carl's Jr. Youth Premier Cup; HPG Homes State League 1 Under 18's,28,21,1995,7,0,0,0,0,false
nmYnR4q4bN,2026,Angle Vale,HPG Homes State League 2 North - Under 18's,4,3,270,0,0,0,0,0,false
nmYnRapB3N,2026,Northern Demons,HPG Homes State League 2 North - Reserves; HPG Homes State League 2 North,8,5,442,3,2,0,0,0,false
nmYnX8xJ1N,2026,Adelaide Olympic,HPG Homes State League 1 Under 18's; Federation Cup U18's; HPG Homes State League 1 Reserves,22,12,1682,10,7,0,0,0,false
nmYnX90PpN,2026,Seaford Rangers,Federation Cup Reserves; HPG Homes State League 2 South - Reserves,18,9,1207,0,0,0,0,0,false
nmYnX90YYN,2026,Cumberland United,Federation Cup U18's; HPG Homes State League 1 Under 18's; HPG Homes State League 1 Reserves,26,20,2400,1,2,0,0,0,false
nmYnX9271N,2026,Plympton FC,HPG Homes State League 2 South,2,0,117,0,2,0,0,0,false
nmYnX9p5rN,2026,Salisbury United,Nova Under 16's YPL B Mixed; U16 Carl's Jr. Youth Premier Cup; HPG Homes State League 1 Under 18's,34,25,2425,0,4,0,0,0,false
nmYnX9qlzN,2026,Pontian Eagles,HPG Homes State League 2 North - Reserves,3,0,32,0,0,0,0,0,false
nmYnX9vkrN,2026,Western Strikers,Hahn Australia Cup SA Preliminary Rounds; HPG Homes State League 2 South; HPG Homes State League 2 (Seniors) Finals Series,20,15,1667,0,3,0,0,0,false
nmYnXAgL3N,2026,Adelaide Hills Hawks,Senior Men's Trials; Federation Cup Reserves; HPG Homes State League 2 South; HPG Homes State League 2 South - Reserves,16,12,1385,0,1,0,0,2,true
nmYnXD5j3N,2026,Western Strikers,Federation Cup Reserves; HPG Homes State League 2 South; HPG Homes State League 2 South - Reserves; Hahn Australia Cup SA Preliminary Rounds; HPG Homes State League 2 (Reserves) Final Series; HPG Homes State League 2 (Seniors) Finals Series,17,17,1947,0,0,0,0,2,true
nmYnXD6A3N,2023,Port Adelaide,Under 13's JPL A; Under 13's JSL C; U13 Carl's Junior Boys Cup,27,20,1590,6,0,0,0,0,false
nmYnXD6A3N,2024,Port Adelaide,Under 14 Trials; Under 14 JPL B; U14 Carl's Junior Boys Cup; Under 14 JSL C,25,22,1950,1,0,0,0,0,false
nmYnXD6A3N,2025,Port Adelaide,Under 15 Trials; Nova Under 15's YPL B Mixed; U15 Carl's Jr. Youth Premier Cup,25,25,2250,4,0,0,0,0,false
nmYnXD6A3N,2026,Port Adelaide,Nova Under 16's YPL B Mixed; HPG Homes State League 2 North - Under 18's; HPG Homes State League 2 (18s) Final Series,29,26,2475,0,0,0,0,0,false
nmYnXOLpYN,2026,Cove FC,Federation Cup U18's; HPG Homes State League 1 Under 18's,24,9,1080,1,5,0,0,0,false
nmYnXVenrN,2023,Adelaide City; FK Beograd,RAA NPL Under 18's; Federation Cup U18's; RAA NPL Reserves; Under 17's JPL A; U18 Trial Matches,19,8,780,0,0,0,0,0,false
nmYnXVenrN,2024,FK Beograd,U18 Trial Matches; Reserves Trial Matches; RAA NPL Under 18's; RAA NPL Reserves; Federation Cup U18's,39,26,2231,1,2,0,0,0,false
nmYnXVenrN,2025,FK Beograd,RAA NPL Reserves; Federation Cup Reserves,23,18,1631,0,3,0,0,0,false
nmYnXVenrN,2026,Adelaide Hills Hawks,Hahn Australia Cup SA Preliminary Rounds; Senior Men's Trials; HPG Homes State League 2 South; HPG Homes State League 2 South - Reserves,23,16,1899,1,1,0,0,0,false
nmYnXX6orN,2026,Eastern United,Hahn Australia Cup SA Preliminary Rounds; HPG Homes State League 1,11,3,665,0,0,0,0,0,false
nmYnXXAMbN,2026,Adelaide Atletico VSC,HPG Homes State League 1 Reserves,2,2,126,0,0,0,0,0,false
nmYnXlg8DN,2026,Western Strikers,Nova Under 15's YPL B Mixed; U15 Carl's Jr. Youth Premier Cup; HPG Homes State League 2 South - Under 18's; Nova Under 16's YPL B Mixed; HPG Homes State League 2 (18s) Final Series,38,15,1420,2,3,0,0,0,false
nmYnXlgX3N,2023,Adelaide Olympic; Noarlunga United,RAA NPL Reserves; State League 2 Reserves; State League 2; 23 Senior Men's Trial Matches,17,12,1184,2,6,1,0,0,false
nmYnXlgX3N,2024,Noarlunga United,Senior Men's Trial Matches; State League 2; Federation Cup Reserves,20,18,1376,0,4,1,0,0,false
nmYnXlgX3N,2025,Seaford Rangers,Senior Men's Trials; HPG Homes State League 2 South; Australia Cup SA Preliminary Rounds; HPG Homes State League 2 (Seniors) Final Series,21,20,1794,1,9,1,0,0,false
nmYnXlgX3N,2026,Seaford Rangers,Hahn Australia Cup SA Preliminary Rounds; HPG Homes State League 2 South; HPG Homes State League 2 (Seniors) Finals Series,20,19,2223,1,5,0,0,0,false
nmYnXlw0aN,2026,Western Strikers; Adelaide Titans Football Club,Federation Cup Reserves; HPG Homes State League 2 South; HPG Homes State League 2 South - Reserves; Hahn Australia Cup SA Preliminary Rounds,17,6,1163,7,1,0,0,0,false
nmYnXn99aN,2026,Adelaide University,Under 16 Trials; Nova Under 16's YPL C South Mixed; U16 Carl's Jr. Youth Premier Cup; HPG Homes State League 2 South - Under 18's,20,16,1480,2,0,0,0,0,false
nmYnXngwyN,2023,Modbury Vista,Under 14 Trials; Under 14's JPL A; U14 Carl's Junior Boys Cup,23,22,1850,14,0,0,0,0,false
nmYnXngwyN,2024,Modbury Vista; Modbury Jets,Under 15 Trials; Under 15 JPL A; U16 Carl's Junior Boys Cup; Under 16 JPL A; Under 17 JPL B,25,17,1520,4,0,0,0,0,false
nmYnXngwyN,2025,MetroStars,Nova Under 16's YPL A Mixed; U16 Carl's Jr. Youth Premier Cup,19,15,1395,8,1,0,0,0,false
nmYnXngwyN,2026,Modbury Vista,Federation Cup U18's; Under 18's; HPG Homes State League 2 North - Under 18's; HPG Homes State League 2 North - Reserves; HPG Homes State League 2 (18s) Final Series; HPG Homes State League 2 (Reserves) Final Series,33,17,1873,16,0,0,0,0,false
nmYnXo1bbN,2026,Angle Vale,Under 15 Trials; Nova Under 15's YPL C  North Mixed; HPG Homes State League 2 North - Under 18's,12,11,1010,1,3,0,0,0,false
nmYnXoM6pN,2023,Seaford Rangers,Australia Cup SA Preliminary Rounds; State League 2; 23 Senior Men's Trial Matches,28,25,466,5,3,0,0,0,false
nmYnXoM6pN,2024,Seaford Rangers,Senior Men's Trial Matches; Australia Cup SA Preliminary Rounds; State League 2; State League 2 Reserves,25,19,1457,4,3,0,0,0,false
nmYnXoM6pN,2025,Seaford Rangers,HPG Homes State League 2 South - Reserves; Australia Cup SA Preliminary Rounds; HPG Homes State League 2 South; HPG Homes State League 2 (Seniors) Final Series,13,8,931,4,2,0,0,0,false
nmYnXoM6pN,2026,Seaford Rangers,HPG Homes State League 2 South - Reserves,1,1,64,0,0,0,0,0,false
nmYnXoOXyN,2026,Vipers FC,Under 18's; HPG Homes State League 2 South - Under 18's; Federation Cup U18's; HPG Homes State League 2 South - Reserves; HPG Homes State League 2 (18s) Final Series,23,18,2216,7,3,0,0,0,false
nmYnXoOkrN,2026,Vipers FC,Hahn Australia Cup SA Preliminary Rounds; Senior Men's Trials; HPG Homes State League 2 South; HPG Homes State League 2 (Seniors) Finals Series,18,17,1733,2,7,2,0,0,false
nmYnXr12yN,2026,Plympton FC,Federation Cup U18's; HPG Homes State League 2 South - Under 18's,3,2,240,0,1,0,0,0,false
nmYnXrM9xN,2026,Noarlunga United,Hahn Australia Cup SA Preliminary Rounds; HPG Homes State League 2 South; HPG Homes State League 2 South - Reserves; Senior Men's Trials,14,9,1015,0,2,0,0,0,false
nmYnXrOvaN,2023,Modbury Jets,Under 15's JSL A; U15 Carl's Junior Boys Cup,23,17,1510,3,0,0,0,0,false
nmYnXrOvaN,2024,Croydon FC,Under 16 Trials - No Match Officials; Under 16 JPL B; U16 Carl's Junior Boys Cup; Under 16 JSL A,24,11,980,9,1,0,0,0,false
nmYnXrOvaN,2025,Adelaide Blue Eagles,HPG Homes State League 1 Under 18's; Federation Cup U18's; Nova Under 17's YPL B Mixed,25,8,730,11,1,0,0,0,false
nmYnXrOvaN,2026,Vipers FC,Federation Cup U18's; Under 18's; HPG Homes State League 2 South - Under 18's; HPG Homes State League 2 (18s) Final Series,27,22,2640,23,4,1,0,0,false
nmYnXw7axN,2026,Cove FC,Federation Cup U18's; HPG Homes State League 1 Under 18's; Under 17's B Mixed,28,22,2590,2,2,0,0,0,false
nmYnXwMq3N,2026,Adelaide Titans Football Club,HPG Homes State League 2 South - Under 18's; HPG Homes State League 2 South - Reserves; HPG Homes State League 2 South,18,11,1701,3,1,1,0,0,false
nmYnXzQVxN,2023,Adelaide Cobras,Under 13's JPL B; U13 Carl's Junior Boys Cup,21,21,1780,0,0,0,0,0,false
nmYnXzQVxN,2024,Adelaide Cobras,Under 14 Trials; Under 14 JPL B; U14 Carl's Junior Boys Cup,23,22,1900,0,2,0,0,0,false
nmYnXzQVxN,2025,Adelaide Cobras,Under 15 Trials; Nova Under 15's YPL B Mixed; U15 Carl's Jr. Youth Premier Cup; Nova Under 16's YPL B Mixed,27,24,2245,2,3,0,0,0,false
nmYnXzQVxN,2026,Adelaide Cobras,Under 16 Trials - No Match Officials; Nova Under 16's YPL A Mixed; U16 Carl's Jr. Youth Premier Cup; HPG Homes State League 1 Under 18's,27,23,2190,6,2,0,0,0,false
nmYnpQWLYN,2026,Adelaide Titans Football Club,HPG Homes State League 2 South - Reserves,2,0,126,0,1,0,0,0,false
nmYnpoZQbN,2023,Adelaide Atletico,Under 14's JSL C; U14 Carl's Junior Boys Cup,21,21,1670,7,0,0,0,0,false
nmYnpoZQbN,2024,Adelaide Atletico,Under 15 JSL B; U15 Carl's Junior Boys Cup,16,16,1430,4,0,0,0,0,false
nmYnpoZQbN,2025,Adelaide Atletico VSC,Nova Under 16's YPL C Mixed; U16 Carl's Jr. Youth Premier Cup; HPG Homes State League 2 North - Under 18's,23,19,1775,4,1,0,0,0,false
nmYnpoZQbN,2026,Adelaide University,Federation Cup U18's; Under 18's; HPG Homes State League 2 South - Under 18's,21,14,1620,6,1,0,0,0,false
nmYnwYjvzN,2024,West Adelaide,Reserves Trial Matches; State League 1 Reserves; Australia Cup SA Preliminary Rounds; State League 1,26,17,1414,9,5,0,0,0,false
nmYnwYjvzN,2025,Vipers FC; Adelaide Titans Football Club,Reserves; HPG Homes State League 1 Reserves; HPG Homes State League 2 South - Reserves; HPG Homes State League 2 South,15,5,672,3,0,0,0,0,false
nmYnwYjvzN,2026,Adelaide Titans Football Club,Hahn Australia Cup SA Preliminary Rounds; HPG Homes State League 2 South,9,5,619,1,2,0,0,0,false
nmYnweM41N,2026,Mount Barker United,Federation Cup U18's; Under 18's; HPG Homes State League 2 South - Under 18's,20,16,1890,2,0,0,0,0,false
nmYz204qrN,2024,Salisbury United,Reserves Trial Matches; State League 1 Reserves; Federation Cup Reserves,25,24,1868,11,3,1,0,0,false
nmYz204qrN,2025,Salisbury United,HPG Homes State League 1 Reserves; Federation Cup Reserves,21,17,1587,8,5,0,0,0,false
nmYz204qrN,2026,Adelaide Hills Hawks,Hahn Australia Cup SA Preliminary Rounds; Senior Men's Trials; HPG Homes State League 2 South; HPG Homes State League 2 South - Reserves,16,9,1046,1,0,0,0,0,false
nmYz22q5xN,2026,Plympton FC,Reserves; HPG Homes State League 2 South - Reserves,17,13,1682,1,2,0,0,0,false
nmYz29A1yN,2024,Adelaide Titans Football Club,Australia Cup SA Preliminary Rounds,1,1,81,0,1,0,0,0,false
nmYz29A1yN,2025,Adelaide Titans Football Club,HPG Homes State League 2 South; HPG Homes State League 2 South - Reserves,12,7,639,0,0,0,0,0,false
nmYz29A1yN,2026,,,0,0,0,0,0,0,0,0,false
nmYz2g9YpN,2023,Noarlunga United,Under 13's JSL C; U13 Carl's Junior Boys Cup; Under 13's JPL C; U13 JPL C - Bottom Half,20,12,950,0,0,0,0,0,false
nmYz2g9YpN,2024,Noarlunga United,Under 14 Trials - No Match Officials; Under 14 JSL C; U14 Carl's Junior Boys Cup,18,13,1030,1,0,0,0,0,false
nmYz2g9YpN,2025,Noarlunga United,Nova Under 15's YPL B Mixed; U15 Carl's Jr. Youth Premier Cup,20,14,1315,0,0,0,0,0,false
nmYz2g9YpN,2026,Noarlunga United,U16 Carl's Jr. Youth Premier Cup; Under 16 Trials; Nova Under 16's YPL C South Mixed; HPG Homes State League 2 South - Under 18's,26,18,1705,1,1,0,0,0,false
nmYzP5yp1N,2025,Salisbury Inter,Reserves; HPG Homes State League 2 North - Reserves; Federation Cup Reserves,8,8,742,0,0,1,0,0,false
nmYzP5yp1N,2026,Salisbury Inter,HPG Homes State League 2 North - Reserves,13,10,888,1,1,1,0,0,false
nmYzx0M1bN,2024,Pontian Eagles,State League 2 Under 18's; State League 2 Reserves,18,12,1174,1,1,0,0,0,false
nmYzx0M1bN,2025,Pontian Eagles,Reserves; HPG Homes State League 1 Reserves; Federation Cup Reserves,23,13,1372,2,2,0,0,0,false
nmYzx0M1bN,2026,Pontian Eagles,Federation Cup Reserves; HPG Homes State League 2 North - Reserves; HPG Homes State League 2 (Reserves) Final Series,11,0,226,4,0,0,0,0,false
pN6907pOm0,2023,Adelaide University; Pontian Eagles,Australia Cup SA Preliminary Rounds; State League 2; State League 2 Reserves; 23 Senior Men's Trial Matches,24,19,862,2,3,0,0,0,false
pN6907pOm0,2024,Pontian Eagles,Senior Men's Trial Matches; Federation Cup Reserves; Australia Cup SA Preliminary Rounds; State League 2 Reserves; State League 2,31,17,1361,0,5,0,0,0,false
pN6907pOm0,2025,Port Adelaide,HPG Homes State League 2 North,15,12,1000,0,2,0,0,0,false
pN6907pOm0,2026,Port Adelaide,Hahn Australia Cup SA Preliminary Rounds; Senior Men's Trials; HPG Homes State League 2 North,23,23,2113,0,2,0,0,0,false
pN696eGAm0,2023,Modbury Jets,RAA NPL Reserves; Federation Cup Reserves,28,20,2630,0,2,1,0,0,false
pN696eGAm0,2024,Playford City,Reserves Trial Matches; Senior Men's Trial Matches; State League 1 Reserves; State League 1; Federation Cup Reserves,34,30,2435,0,4,0,0,0,false
pN696eGAm0,2025,Salisbury Inter,Senior Men's Trials; HPG Homes State League 2 North; Australia Cup SA Preliminary Rounds; HPG Homes State League 2 (Seniors) Final Series,24,24,2095,0,4,0,0,0,false
pN696eGAm0,2026,Salisbury Inter,Hahn Australia Cup SA Preliminary Rounds; Senior Men's Trials; HPG Homes State League 2 North; HPG Homes State League 2 (Seniors) Finals Series,18,11,1182,1,0,0,0,0,false
pN696nqpm0,2023,Playford City,Under 15's JPL B; Under 14's JPL B; U14 Carl's Junior Boys Cup,20,7,590,1,1,0,0,0,true
pN696nqpm0,2024,Para Hills Knights,Under 15 Trials - No Match Officials; Under 15 JSL A; Under 15 JPL B; U15 Carl's Junior Boys Cup,27,25,2230,4,1,0,0,1,true
pN696nqpm0,2025,Playford City; Elizabeth Grove,Under 16 Trials; Under 16 Trials - No Match Officials; Nova Under 16's YPL B Mixed; U16 Carl's Jr. Youth Premier Cup; HPG Homes State League 2 North - Under 18's; HPG Homes State League 2 North; HPG Homes State League 2 North - Reserves,27,22,2011,4,1,0,0,0,true
pN696nqpm0,2026,Northern Demons,Federation Cup U18's; HPG Homes State League 2 North - Under 18's; HPG Homes State League 2 North - Reserves; HPG Homes State League 2 North,30,23,2117,6,3,0,0,0,true
pN69G187m0,2023,Salisbury United,Under 14's JPL C; U14 Carl's Junior Boys Cup; Under 14's JSL C,23,20,1770,0,0,0,0,0,false
pN69G187m0,2024,Salisbury United,Under 15 JPL C; U15 Carl's Junior Boys Cup,19,18,1610,4,1,0,0,0,false
pN69G187m0,2025,Salisbury United,Under 18's; Under 16 Trials; Nova Under 16's YPL C Mixed; U16 Carl's Jr. Youth Premier Cup; HPG Homes State League 1 Under 18's,30,21,1965,10,1,0,0,0,false
pN69G187m0,2026,Salisbury United,HPG Homes State League 1 Under 18's; Federation Cup U18's; Under 17's B Mixed; HPG Homes State League 1 Reserves,28,20,2395,1,2,0,0,0,false
pN69M4jOm0,2023,Adelaide City,RAA NPL Reserves; Federation Cup Reserves; Australia Cup SA Preliminary Rounds; RAA NPL,28,21,2157,16,3,0,0,0,false
pN69M4jOm0,2024,Adelaide City,Reserves Trial Matches; RAA NPL Reserves; Federation Cup Reserves; RAA NPL,31,25,2124,22,5,0,0,0,false
pN69M4jOm0,2025,Adelaide City,Reserves; Senior Men's Trials; RAA NPL; RAA NPL Reserves,17,11,1024,6,0,1,0,0,false
pN69M4jOm0,2026,Adelaide Atletico VSC,Hahn Australia Cup SA Preliminary Rounds; HPG Homes State League 1; HPG Homes State League 1 Reserves,27,12,1672,2,1,0,0,0,false
pN69Myy0m0,2023,Adelaide City,Under 17's JPL A; Federation Cup U18's; U17 Carl's Junior Boys Cup; RAA NPL Under 18's; RAA NPL Reserves,34,18,1610,0,0,0,0,1,true
pN69Myy0m0,2024,Adelaide Victory,U18 Trial Matches; Reserves Trial Matches; Australia Cup SA Preliminary Rounds; State League 1 Under 18's; State League 1 Reserves; Federation Cup U18's; Federation Cup Reserves; State League 1,31,25,2138,0,0,0,0,1,true
pN69Myy0m0,2025,Adelaide Atletico VSC,Senior Men's Trials; Reserves; HPG Homes State League 2 North - Reserves; HPG Homes State League 2 North; Australia Cup SA Preliminary Rounds; Federation Cup Reserves; HPG Homes State League 2 (Seniors) Final Series; HPG Homes State League 2 (Reserves) Final Series,30,29,2746,0,2,0,0,8,true
pN69Myy0m0,2026,Adelaide Atletico VSC,Hahn Australia Cup SA Preliminary Rounds; HPG Homes State League 1 Reserves; HPG Homes State League 1; Federation Cup Reserves,25,25,3000,0,0,0,0,3,true
pN69WblQm0,2023,Adelaide Olympic,RAA NPL Reserves; Under 15's JPL A; Under 17's JPL A; U15 Carl's Junior Boys Cup; U17 Carl's Junior Boys Cup; RAA NPL Under 18's,31,30,2710,0,4,0,0,9,true
pN69WblQm0,2024,Adelaide Olympic,Reserves Trial Matches; Federation Cup U18's; Under 16 JPL A; RAA NPL Under 18's; U16 Carl's Junior Boys Cup,31,30,2700,0,1,0,0,1,true
pN69WblQm0,2025,Adelaide Olympic,HPG Homes State League 1 Under 18's; HPG Homes State League 1 Reserves; Federation Cup U18's; Federation Cup Reserves,24,20,2129,0,2,0,0,9,true
pN69WblQm0,2026,Adelaide Olympic,Hahn Australia Cup SA Preliminary Rounds; HPG Homes State League 1 Reserves; HPG Homes State League 1; Federation Cup U18's; Federation Cup Reserves,29,27,3386,0,2,0,0,6,true
pN69a210m0,2023,Sturt Lions,RAA NPL Reserves; RAA NPL; Australia Cup SA Preliminary Rounds,24,10,41,0,4,0,0,0,false
pN69a210m0,2024,Sturt Lions; Adelaide Cobras,Senior Men's Trial Matches; Reserves Trial Matches; State League 1 Reserves; Federation Cup Reserves; State League 1,27,23,2103,9,6,1,0,0,false
pN69a210m0,2025,Adelaide Cobras,Senior Men's Trials; HPG Homes State League 1 Reserves; HPG Homes State League 1; Australia Cup SA Preliminary Rounds,21,11,1065,3,2,0,0,0,false
pN69a210m0,2026,Adelaide Cobras,Hahn Australia Cup SA Preliminary Rounds; HPG Homes State League 1; HPG Homes State League 1 Reserves,24,15,1847,1,3,0,0,0,false
pN69bwPOm0,2026,Mount Barker United,Federation Cup Reserves,1,1,73,0,0,0,0,0,false
pN6OrgrnK0,2023,Adelaide City,Under 15's JPL A; Under 15's JSL B; U15 Carl's Junior Boys Cup; Under 16's JSL A; Under 17's JPL A,17,9,810,0,0,0,0,0,false
pN6OrgrnK0,2024,Adelaide City,Under 16 JPL B; Under 17 JPL A; U16 Carl's Junior Boys Cup; Under 16 JSL A,29,24,2150,2,5,0,0,0,false
pN6OrgrnK0,2025,Adelaide City,Nova Under 17's YPL A Mixed; U17 Carl's Jr. Youth Premier Cup,20,20,1885,1,3,0,0,0,false
pN6OrgrnK0,2026,Cove FC,Federation Cup U18's; HPG Homes State League 1 Under 18's; HPG Homes State League 1 Reserves,24,22,2682,2,4,0,0,0,false
pN6R44bWpN,2026,Adelaide Atletico VSC,Hahn Australia Cup SA Preliminary Rounds; HPG Homes State League 1,20,18,2027,1,4,0,0,0,false
pN6R44vDDN,2023,Sturt Lions,Under 15's JPL A; U15 Carl's Junior Boys Cup,20,17,1520,8,2,0,0,0,false
pN6R44vDDN,2024,South Adelaide,Under 16 JPL A; U16 Carl's Junior Boys Cup; RAA NPL Under 18's; Under 17 JPL B,25,18,1610,16,4,0,0,0,false
pN6R44vDDN,2025,South Adelaide,Under 18's; HPG Homes State League 1 Under 18's; Federation Cup U18's,25,20,1860,2,2,0,0,0,false
pN6R44vDDN,2026,South Adelaide,HPG Homes State League 1 Under 18's; HPG Homes State League 1 Reserves; Federation Cup U18's; Federation Cup Reserves,37,23,3472,27,5,1,0,0,false
pN6R44vxON,2026,Seaford Rangers,Hahn Australia Cup SA Preliminary Rounds; HPG Homes State League 2 South; HPG Homes State League 2 (Seniors) Finals Series,15,12,1342,1,3,0,0,0,false
pN6R44yJQN,2023,Adelaide Croatia Raiders,Under 14's JPL A; U14 Carl's Junior Boys Cup,18,13,1170,0,0,0,0,0,false
pN6R44yJQN,2024,Adelaide Croatia Raiders,Reserves WNPL & WSL Trials; Under 15 JSL A; Under 15 JPL A; U15 Carl's Junior Boys Cup; Seniors WNPL & WSL Trials; Under 17 JPL A; U17 Carl's Junior Boys Cup; Under 15 Girls Trials,30,18,1605,2,3,0,0,0,false
pN6R44yJQN,2025,Adelaide Atletico VSC,Under 18's; HPG Homes State League 2 North - Under 18's; Federation Cup U18's; Nova Under 17's YPL B Mixed; Nova Under 16's YPL C Mixed,29,16,1480,1,1,0,0,0,false
pN6R44yJQN,2026,Adelaide Atletico VSC,HPG Homes State League 1 Under 18's,18,17,2040,4,1,0,0,0,false
pN6R4GxAQN,2026,Northern Demons,Hahn Australia Cup SA Preliminary Rounds; Federation Cup Reserves; HPG Homes State League 2 North - Reserves; HPG Homes State League 2 North,20,20,1847,0,0,0,0,4,true
pN6R4PwDQN,2026,Adelaide University,Senior Men's Trials; Hahn Australia Cup SA Preliminary Rounds; HPG Homes State League 2 South; HPG Homes State League 2 South - Reserves,21,15,1618,4,0,0,0,0,false
pN6R4oqR2N,2023,West Beach FC,Under 14's JSL A; U14 Carl's Junior Boys Cup,19,19,1510,0,0,0,0,0,false
pN6R4oqR2N,2024,West Beach FC,Under 15 JSL A; U15 Carl's Junior Boys Cup,18,17,1530,1,0,0,0,0,false
pN6R4oqR2N,2025,Port Adelaide,Nova Under 16's YPL B Mixed; U16 Carl's Jr. Youth Premier Cup,16,13,1220,0,0,0,0,0,false
pN6R4oqR2N,2026,Port Adelaide,Federation Cup U18's; Under 18's; HPG Homes State League 2 North - Under 18's; HPG Homes State League 2 North - Reserves; HPG Homes State League 2 (18s) Final Series,21,21,1980,0,2,0,0,0,false
pN6R4pro0N,2023,Football SA State Squads,Under 14's JPL A; U14 Carl's Junior Boys Cup; Under 15's JPL A,25,14,1200,1,0,0,0,0,false
pN6R4pro0N,2024,Football SA State Squads,Under 16 Trials; Under 15 Trials; Under 15 JPL A; Under 16 JPL A; U15 Carl's Junior Boys Cup; U16 Carl's Junior Boys Cup,24,15,1330,1,1,0,0,0,false
pN6R4pro0N,2025,Football SA State Squads,Under 18's; RAA NPL Under 18's; Under 16 Trials; Nova Under 16's YPL A Mixed; U16 Carl's Jr. Youth Premier Cup,32,29,2670,1,0,0,0,0,false
pN6R4pro0N,2026,Cumberland United,Federation Cup U18's; HPG Homes State League 1 Under 18's; HPG Homes State League 1 Reserves,33,25,3327,0,1,0,0,0,false
pN6R4v29BN,2026,Cove FC,Federation Cup Reserves; HPG Homes State League 1 Reserves; HPG Homes State League 1,25,18,1894,6,1,0,0,0,false
pN6RAAvg0N,2026,Modbury Vista,HPG Homes State League 2 North - Reserves; HPG Homes State League 2 (Reserves) Final Series,11,9,714,0,2,0,0,0,false
pN6RAjO2ON,2026,Cove FC,HPG Homes State League 1 Reserves; Senior Men's Trials,6,5,485,0,0,0,0,0,false
pN6RDXaE7N,2023,Elizabeth Grove,Under 13's JSL B; U13 Carl's Junior Boys Cup,20,19,1500,0,0,0,0,11,true
pN6RDXaE7N,2024,Elizabeth Grove,Under 14 JSL A; U14 Carl's Junior Boys Cup,18,18,1430,0,0,0,0,1,true
pN6RDXaE7N,2025,Elizabeth Grove,Under 15 Trials; Nova Under 15's YPL C Mixed; U15 Carl's Jr. Youth Premier Cup,25,25,2325,1,0,0,0,4,true
pN6RDXaE7N,2026,Elizabeth Grove,Federation Cup U18's; Federation Cup Reserves; HPG Homes State League 2 North - Under 18's; HPG Homes State League 2 North - Reserves; Nova Under 16's YPL C Mixed Finals Series,22,20,1870,0,0,0,0,2,true
pN6RJ0eJON,2026,Elizabeth Grove,HPG Homes State League 2 North; Federation Cup Reserves; HPG Homes State League 2 North - Reserves,18,16,1476,2,5,0,0,0,false
pN6RJ42LBN,2026,Salisbury United,Hahn Australia Cup SA Preliminary Rounds; HPG Homes State League 1,12,12,1304,0,1,1,0,0,false
pN6RJ5QQDN,2023,Salisbury United,State League 2; Australia Cup SA Preliminary Rounds,24,23,700,8,1,1,0,0,false
pN6RJ5QQDN,2024,Salisbury United,Senior Men's Trial Matches; Australia Cup SA Preliminary Rounds; State League 1,28,28,2398,6,2,0,0,0,false
pN6RJ5QQDN,2025,Salisbury United,Senior Men's Trials; HPG Homes State League 1,18,15,1328,4,1,0,0,0,false
pN6RJ5QQDN,2026,Salisbury Inter,Hahn Australia Cup SA Preliminary Rounds; Senior Men's Trials; HPG Homes State League 2 North; HPG Homes State League 2 (Seniors) Finals Series,20,20,1950,4,2,1,0,0,false
pN6RJ83Z0N,2026,Ghan United,Federation Cup U18's; Under 16's YSL Mixed; HPG Homes State League 2 South - Under 18's; Under 16 YSL Mixed Top Half,29,27,2940,24,9,0,0,0,false
pN6RJQzjDN,2026,Adelaide Croatia Raiders,Hahn Australia Cup SA Preliminary Rounds; HPG Homes State League 1; HPG Homes State League 1 Reserves,20,9,1553,5,2,1,0,0,false
pN6RLPraDN,2023,Adelaide Croatia Raiders,Under 12's JPL Blue; U12 Carl's Junior Boys Cup; Under 12 JPL A; Under 12 JSL A,22,22,1630,5,1,0,0,0,true
pN6RLPraDN,2024,Adelaide Croatia Raiders,Under 13 Trials - No Match Officials; Under 13 JPL A; U13 Carl's Junior Boys Cup; Under 14 JPL A; U14 Carl's Junior Boys Cup; Under 15 Girls Trials; Under 13 JSL B,33,26,2050,8,1,0,0,0,false
pN6RLPraDN,2025,Adelaide Croatia Raiders,Nova Under 14's YPL A Mixed; Nova Under 15's YPL A Mixed; U14 Carl's Jr. Youth Premier Cup; Nova Under 16's YPL A Mixed,33,25,2090,5,2,0,0,0,false
pN6RLPraDN,2026,Adelaide Croatia Raiders,Under 15 Trials; HPG Homes State League 1 Under 18's; Nova Under 16's YPL A Mixed; U16 Carl's Jr. Youth Premier Cup; HPG Homes State League 1 Reserves,40,34,3418,9,1,0,0,0,false
pN6RgGJ9pN,2026,Gawler Eagles,Hahn Australia Cup SA Preliminary Rounds; Senior Men's Trials; Reserves; HPG Homes State League 2 North - Reserves; HPG Homes State League 2 North; Federation Cup Reserves,21,15,1515,0,2,0,0,2,true
pN6RjVv6pN,2026,Barossa United,Federation Cup Reserves; HPG Homes State League 2 North - Reserves; HPG Homes State League 2 North,17,17,1472,1,5,1,0,0,false
pN6RqDpGBN,2025,Elizabeth Grove,Reserves; Senior Men's Trials; HPG Homes State League 2 North - Reserves; HPG Homes State League 2 North; Federation Cup Reserves; Australia Cup SA Preliminary Rounds,26,23,2049,0,0,0,0,5,true
pN6RqDpGBN,2026,Northern Demons; Elizabeth Grove,Hahn Australia Cup SA Preliminary Rounds; HPG Homes State League 2 North; HPG Homes State League 2 North - Reserves,12,10,866,4,0,0,0,1,true
pN6RqJ8QbN,2025,Cumberland United,Under 17 Trials; Nova Under 17's YPL A Mixed; U17 Carl's Jr. Youth Premier Cup,17,14,1300,5,1,0,0,0,false
pN6RqJ8QbN,2026,Plympton FC,Federation Cup Reserves; Reserves; HPG Homes State League 2 South - Reserves; HPG Homes State League 2 South,20,17,2003,4,4,0,0,0,false
pN6RqJVn7N,2023,Eastern United,State League 1 Under 18's; State League 1 Reserves; Federation Cup U18's; State League 1; 23 Senior Men's Trial Matches; 23 Reserves Trial Matches,34,23,2846,5,4,0,0,0,false
pN6RqJVn7N,2024,Eastern United,Senior Men's Trial Matches; Australia Cup SA Preliminary Rounds; State League 2; State League 2 Under 18's; State League 2 Reserves,34,23,1926,7,4,0,0,0,false
pN6RqJVn7N,2025,Eastern United,Australia Cup SA Preliminary Rounds; Federation Cup U18's; Federation Cup Reserves; HPG Homes State League 2 South; HPG Homes State League 2 South - Under 18's; HPG Homes State League 2 South - Reserves; HPG Homes State League 2 (Seniors) Final Series,22,19,1767,4,3,0,0,0,false
pN6RqJVn7N,2026,Eastern United,Federation Cup U18's; HPG Homes State League 1 Reserves; HPG Homes State League 1; Federation Cup Reserves; Senior Men's Trials,26,13,1793,6,2,0,0,0,false
pN6RqJk0QN,2025,Adelaide Titans Football Club,HPG Homes State League 2 South; Australia Cup SA Preliminary Rounds,16,14,1165,0,3,0,0,0,false
pN6RqJk0QN,2026,Adelaide Titans Football Club,HPG Homes State League 2 South,13,11,1077,1,4,0,0,0,false
pN6RqJkQQN,2023,Adelaide Croatia Raiders,State League 1; State League 1 Reserves,18,16,597,4,2,0,0,0,false
pN6RqJkQQN,2024,Adelaide Blue Eagles,Senior Men's Trial Matches; Australia Cup SA Preliminary Rounds; State League 1,28,24,2270,8,1,0,0,0,false
pN6RqJkQQN,2025,Adelaide Blue Eagles,HPG Homes State League 1; Australia Cup SA Preliminary Rounds,24,23,2026,6,3,0,0,0,false
pN6RqJkQQN,2026,Adelaide Blue Eagles,Hahn Australia Cup SA Preliminary Rounds; HPG Homes State League 1,23,23,2576,6,2,0,0,0,false
pN6Rqg382N,2025,Salisbury United,HPG Homes State League 1; Australia Cup SA Preliminary Rounds,14,3,432,0,1,0,0,0,false
pN6Rqg382N,2026,Salisbury United,HPG Homes State League 1; Hahn Australia Cup SA Preliminary Rounds,10,1,484,0,0,0,0,0,false
pN6VPpx0N0,2023,Ghan United,Australia Cup SA Preliminary Rounds,1,0,51,0,0,0,0,0,false
pN6VPpx0N0,2025,Ghan United,HPG Homes State League 2 North - Reserves; HPG Homes State League 2 (Reserves) Final Series,14,12,1152,0,5,2,0,0,false
pN6VPpx0N0,2026,Ghan United,Federation Cup Reserves; HPG Homes State League 2 South - Reserves; HPG Homes State League 2 South,17,11,1522,4,7,0,0,0,false
pN6VX59QN0,2023,Adelaide University,Under 15's JPL B; Under 16's JSL B; U15 Carl's Junior Boys Cup; U16 Carl's Junior Boys Cup; Under 16's JPL B; U15 JPL B - Bottom Half,25,22,1960,4,0,0,0,0,true
pN6VX59QN0,2024,Adelaide University,Under 16 Trials; Under 16 JPL B; U16 Carl's Junior Boys Cup,20,20,1780,1,0,0,0,0,true
pN6VX59QN0,2025,Adelaide Blue Eagles,Nova Under 17's YPL B Mixed; HPG Homes State League 1 Under 18's; U17 Carl's Jr. Youth Premier Cup,23,14,1295,22,0,0,0,0,false
pN6VX59QN0,2026,Adelaide Blue Eagles,HPG Homes State League 1 Under 18's; Federation Cup U18's,19,16,1920,6,0,0,0,0,false
pN6VXoAbN0,2023,Adelaide University,State League 2 Under 18's; Under 17's JPL A; U17 Carl's Junior Boys Cup,16,9,800,1,0,0,0,0,false
pN6VXoAbN0,2024,Modbury Jets,U18 Trial Matches; RAA NPL Under 18's; Federation Cup U18's,29,6,480,0,2,0,0,0,false
pN6VXoAbN0,2025,Adelaide Olympic,HPG Homes State League 1 Reserves; Federation Cup Reserves; HPG Homes State League 1,23,22,1666,1,0,0,0,0,false
pN6VXoAbN0,2026,Fulham United,HPG Homes State League 1 Reserves; Federation Cup Reserves,9,2,386,0,0,0,0,0,false
pN6p6kYWnd,2024,Para Hills Knights,Under 15 JPL B; Under 16 JPL A; U15 Carl's Junior Boys Cup; U17 Carl's Junior Boys Cup; Under 17 JPL B,23,20,1770,2,0,0,0,0,false
pN6p6kYWnd,2025,Salisbury United,Nova Under 16's YPL C Mixed; U16 Carl's Jr. Youth Premier Cup; HPG Homes State League 1 Under 18's,26,23,2140,13,0,0,0,0,false
pN6p6kYWnd,2026,Salisbury United,HPG Homes State League 1 Under 18's; Federation Cup U18's; Federation Cup Reserves; HPG Homes State League 1 Reserves,25,22,2768,4,0,0,0,0,false
pN6p6nD67d,2024,Noarlunga United,U18 Trial Matches; State League 2 Under 18's; Federation Cup U18's,29,26,2400,1,0,0,0,0,false
pN6p6nD67d,2025,Noarlunga United,Reserves; Under 18's; HPG Homes State League 2 South - Under 18's; Federation Cup U18's; HPG Homes State League 2 South - Reserves; HPG Homes State League 2 South,33,24,2408,9,2,0,0,0,false
pN6p6nD67d,2026,Noarlunga United,Federation Cup Reserves; HPG Homes State League 2 South - Reserves; HPG Homes State League 2 (Reserves) Final Series,20,18,2081,2,1,0,0,0,false
pN6pbEl6Bd,2026,Mount Barker United,Federation Cup Reserves; Reserves; HPG Homes State League 2 South - Reserves; HPG Homes State League 2 South,25,19,1907,5,0,0,0,0,false
pN6pylAMBd,2024,Seaford Rangers,Under 15 JPL C,8,8,720,6,0,0,0,0,false
pN6pylAMBd,2025,Seaford Rangers,Under 18's; Reserves; HPG Homes State League 2 South - Under 18's; Federation Cup U18's; HPG Homes State League 2 (18s) Final Series,25,9,840,4,0,0,0,0,false
pN6pylAMBd,2026,Seaford Rangers,Federation Cup U18's; Under 18's; HPG Homes State League 2 South - Under 18's; HPG Homes State League 2 South - Reserves,26,20,2685,6,1,0,0,0,false
pmvQLPEBDd,2026,Port Adelaide; Angle Vale,Hahn Australia Cup SA Preliminary Rounds; Senior Men's Trials; HPG Homes State League 2 North - Reserves; HPG Homes State League 2 North,14,9,848,2,2,0,0,0,false
pmvQeq2XEd,2025,Adelaide Hills Hawks,Nova Under 16's YPL C Mixed; U16 Carl's Jr. Youth Premier Cup,11,0,0,1,0,0,0,0,false
pmvQeq2XEd,2026,Adelaide Hills Hawks,Federation Cup U18's; HPG Homes State League 2 South - Under 18's; HPG Homes State League 2 (18s) Final Series,22,10,1200,0,0,0,0,0,false
pmvQobMryd,2024,Adelaide Titans Football Club,Australia Cup SA Preliminary Rounds,1,0,47,0,0,0,0,0,false
pmvQobMryd,2025,Adelaide Hills Hawks,Senior Men's Trials; HPG Homes State League 2 South - Reserves; Federation Cup Reserves,14,12,1098,2,2,0,0,0,false
pmvQobMryd,2026,Adelaide Hills Hawks,Federation Cup Reserves; HPG Homes State League 2 South - Reserves,2,2,202,0,0,0,0,0,false
pmvQoon7rd,2023,Playford City,State League 1 Under 18's; State League 1 Reserves,16,12,1536,5,2,1,0,0,false
pmvQoon7rd,2024,MetroStars,RAA NPL Reserves; RAA NPL,16,15,1294,9,1,0,0,0,false
pmvQoon7rd,2025,Adelaide Cobras; Cumberland United,HPG Homes State League 1; Australia Cup SA Preliminary Rounds,19,14,1187,0,2,0,0,0,false
pmvQoon7rd,2026,Cumberland United,Hahn Australia Cup SA Preliminary Rounds; HPG Homes State League 1; HPG Homes State League 1 Reserves,26,24,2438,7,3,0,0,0,false
pmvQow240d,2023,Noarlunga United,Under 15's JPL B,5,5,450,0,1,0,0,1,true
pmvQow240d,2024,Noarlunga United,Under 16 JPL B; Under 16 Trials - No Match Officials; U16 Carl's Junior Boys Cup,23,22,1955,0,0,0,0,0,true
pmvQow240d,2025,Noarlunga United,Under 18's; Federation Cup U18's; HPG Homes State League 2 South - Under 18's; HPG Homes State League 2 South - Reserves; HPG Homes State League 2 South,16,11,990,0,0,0,0,2,true
pmvQow240d,2026,Noarlunga United,Federation Cup U18's; HPG Homes State League 2 South - Under 18's; HPG Homes State League 2 South - Reserves; Federation Cup Reserves; HPG Homes State League 2 South; Hahn Australia Cup SA Preliminary Rounds,22,22,2640,0,0,0,0,3,true
pmvQowBq6d,2023,Barossa United,Under 15's JSL B; Under 14's JSL B; U14 Carl's Junior Boys Cup,17,9,710,1,0,0,0,0,false
pmvQowBq6d,2024,Barossa United,Under 14 JSL C; U14 Carl's Junior Boys Cup,14,14,1110,3,0,0,0,1,true
pmvQowBq6d,2025,Barossa United,Nova Under 15's YSL C Mixed,16,15,1425,6,0,0,0,1,true
pmvQowBq6d,2026,Barossa United,HPG Homes State League 2 North - Under 18's,1,1,90,0,0,0,0,0,false
pmvQowzJRd,2026,Barossa United,Federation Cup Reserves; HPG Homes State League 2 North - Reserves; HPG Homes State League 2 North,18,10,909,1,0,0,0,0,false
pmvQozAerd,2023,Playford City,Under 16's JPL A; Under 15's JPL B; U16 Carl's Junior Boys Cup; U16 JPL A - Top Half; U15 JPL B - Bottom Half,20,2,180,3,0,0,0,0,false
pmvQozAerd,2024,MetroStars,Under 16 JPL A; U16 Carl's Junior Boys Cup; Under 16 JSL A; Under 17 JPL A,18,11,980,1,0,0,0,0,false
pmvQozAerd,2025,Playford City,Under 17 Trials; Nova Under 17's YPL B Mixed; U17 Carl's Jr. Youth Premier Cup; RAA NPL Under 18's,15,13,1215,5,1,0,0,0,false
pmvQozAerd,2026,,,0,0,0,0,0,0,0,0,false
pmvpQnXLKv,2023,Mount Barker United,Under 13's JPL B; U13 Carl's Junior Boys Cup; Under 14's JDL Mixed,27,19,1570,3,0,0,0,0,false
pmvpQnXLKv,2024,Mount Barker United,Under 14 Trials; Under 14 JPL A; U14 Carl's Junior Boys Cup; Under 16 JSL B; Under 14 JSL B,23,20,1590,6,0,0,0,0,false
pmvpQnXLKv,2025,Adelaide City,Nova Under 15's YSL A Mixed; U15 Carl's Jr. Youth State Cup,9,9,855,3,0,0,0,0,false
pmvpv30oKv,2023,Adelaide Comets,Under 15's JSL A; U15 Carl's Junior Boys Cup; Under 15's JPL A,20,12,1070,4,0,0,0,0,false
pmvpv30oKv,2024,Adelaide City,Under 17 Trials; Under 16 JPL B; U16 Carl's Junior Boys Cup; Under 17 JPL A; U17 Carl's Junior Boys Cup,23,19,1700,4,0,0,0,0,false
pmvpv30oKv,2025,Adelaide City,Under 17 Trials; Nova Under 17's YPL A Mixed; U17 Carl's Jr. Youth Premier Cup; RAA NPL Under 18's,23,22,2025,11,0,0,0,0,false
pmvpv30oKv,2026,Adelaide Cobras,HPG Homes State League 1 Reserves; HPG Homes State League 1 Under 18's; Federation Cup Reserves,18,12,1461,4,1,0,0,0,false
pmvpvJBRKv,2023,Port Adelaide,Under 13's JPL A,21,20,1600,0,0,0,0,0,false
pmvpvJBRKv,2024,Port Adelaide,Under 14 Trials; Under 14 JPL B; U14 Carl's Junior Boys Cup,20,17,1495,1,0,0,0,0,true
pmvpvJBRKv,2025,Port Adelaide,Under 15 Trials; Nova Under 15's YPL B Mixed; U15 Carl's Jr. Youth Premier Cup,21,19,1775,1,1,0,0,0,false
pmvpvJBRKv,2026,Port Adelaide,Nova Under 16's YPL B Mixed; HPG Homes State League 2 North - Under 18's,24,20,1900,0,2,0,0,1,true
pmvpvL65Kv,2024,Sturt Lions,Senior Men's Trial Matches; State League 1 Reserves,3,2,140,0,0,0,0,0,false
pmvpvL65Kv,2025,Adelaide Titans Football Club,HPG Homes State League 2 South - Reserves; HPG Homes State League 2 South,13,9,725,0,0,0,0,0,false
pmvpvL65Kv,2026,Plympton FC,Senior Men's Trials; HPG Homes State League 2 South,17,16,1760,0,3,0,0,0,false
pmvv51R9Dm,2025,South Adelaide; Salisbury Inter,HPG Homes State League 1; HPG Homes State League 1 Reserves; Australia Cup SA Preliminary Rounds; HPG Homes State League 2 North - Reserves; HPG Homes State League 2 North; HPG Homes State League 2 (Seniors) Final Series,24,14,1415,8,0,0,0,0,false
pmvv51R9Dm,2026,Salisbury Inter,Federation Cup Reserves; HPG Homes State League 2 North - Reserves; HPG Homes State League 2 North,17,15,1300,4,0,0,0,0,false
pmvv51RZ8m,2025,Elizabeth Downs Soccer Club,Australia Cup SA Preliminary Rounds,1,1,53,0,0,0,0,0,false
pmvv51RZ8m,2026,Elizabeth Downs Soccer Club,Hahn Australia Cup SA Preliminary Rounds; HPG Homes State League 2 North; HPG Homes State League 2 North - Reserves,8,3,306,0,0,0,0,0,false
pmvv56bLDm,2025,South Adelaide,HPG Homes State League 1; HPG Homes State League 1 Reserves,4,4,211,0,1,0,0,0,false
pmvv56bLDm,2026,Cove FC,Hahn Australia Cup SA Preliminary Rounds; HPG Homes State League 1; Senior Men's Trials,21,17,1892,0,3,0,0,0,false
pmvv56wD6m,2025,,,0,0,0,0,0,0,0,0,false
pmvv56wD6m,2026,Cove FC,Hahn Australia Cup SA Preliminary Rounds; HPG Homes State League 1; Senior Men's Trials,19,18,1965,1,3,0,0,0,false
pmvv57B8ym,2025,Fulham United,HPG Homes State League 1; Australia Cup SA Preliminary Rounds; HPG Homes State League 1 Reserves,7,5,497,1,2,0,0,0,false
pmvv57B8ym,2026,Fulham United,Hahn Australia Cup SA Preliminary Rounds; HPG Homes State League 1,3,1,200,0,0,0,0,0,false
pmvv57nDom,2025,Mount Barker United,Federation Cup U18's; HPG Homes State League 2 South - Under 18's; HPG Homes State League 2 South - Reserves,18,18,1650,3,2,0,0,0,false
pmvv57nDom,2026,Mount Barker United,Federation Cup U18's; Under 18's; HPG Homes State League 2 South - Under 18's; HPG Homes State League 2 South - Reserves,21,17,2045,14,1,0,0,0,false
pmvv5XjDym,2025,Modbury Jets,RAA NPL Reserves; Federation Cup Reserves,20,18,1619,3,1,0,0,0,false
pmvv5XjDym,2026,Modbury Jets,Federation Cup Reserves; HPG Homes State League 1 Reserves,26,21,2683,2,1,0,0,0,false
pmvv5gevom,2025,Salisbury United,Nova Under 16's YPL C Mixed; U16 Carl's Jr. Youth Premier Cup; Nova Under 16's YSL A Mixed; Under 16 YSL Top Half,24,13,1235,5,1,0,0,0,false
pmvv5gevom,2026,Salisbury United,Under 17 Trials - No Match Officials; Under 17's B Mixed; U17 Carl's Jr. Youth Premier Cup; HPG Homes State League 1 Under 18's,26,16,1515,6,4,0,0,0,false
pmvv5gvwRm,2025,Noarlunga United,Nova Under 15's YSL C Mixed,19,18,1710,1,0,0,0,0,true
pmvv5gvwRm,2026,Noarlunga United,U16 Carl's Jr. Youth Premier Cup; Under 16 Trials; Under 16's YSL Mixed; Nova Under 16's YPL C South Mixed; HPG Homes State League 2 South - Under 18's; Under 16 YSL Mixed Bottom Half,31,19,1825,0,0,0,0,2,true
pmvv5jjXLm,2025,Seaford Rangers,Senior Men's Trials; HPG Homes State League 2 South; Australia Cup SA Preliminary Rounds; HPG Homes State League 2 (Seniors) Final Series,24,23,1987,0,3,0,0,0,false
pmvv5jjXLm,2026,Seaford Rangers,Hahn Australia Cup SA Preliminary Rounds; Senior Men's Trials; HPG Homes State League 2 South; HPG Homes State League 2 (Seniors) Finals Series,20,19,2102,2,1,0,0,0,false
pmvv617x6m,2026,South Adelaide,Hahn Australia Cup SA Preliminary Rounds; HPG Homes State League 1,17,15,1665,4,3,0,0,0,false
pmvv61GVym,2026,Modbury Jets; Modbury Vista,Hahn Australia Cup SA Preliminary Rounds; HPG Homes State League 1; HPG Homes State League 1 Reserves; HPG Homes State League 2 North; HPG Homes State League 2 (Seniors) Finals Series,20,17,1513,2,3,0,0,0,false
pmvv66geym,2026,Pontian Eagles,Hahn Australia Cup SA Preliminary Rounds; Senior Men's Trials; HPG Homes State League 2 North; HPG Homes State League 2 North - Reserves; HPG Homes State League 2 (Seniors) Finals Series; HPG Homes State League 2 (Reserves) Final Series,20,20,1920,0,3,0,0,8,true
pmvv66gnRm,2023,Cumberland United,Senior Men's Trials; State League 1 Under 18's; Federation Cup U18's; State League 1 Reserves,29,14,1872,4,6,0,0,0,false
pmvv66gnRm,2024,West Adelaide,Reserves Trial Matches; Federation Cup Reserves; State League 1 Reserves,19,6,886,4,3,0,0,0,false
pmvv66gnRm,2025,West Adelaide,HPG Homes State League 1 Reserves; Federation Cup Reserves,24,15,1680,2,4,0,0,0,false
pmvv66gnRm,2026,Pontian Eagles; Cumberland United,Federation Cup Reserves; HPG Homes State League 2 North - Reserves; HPG Homes State League 1 Reserves,20,19,1757,4,1,0,0,0,false
pmvv6JagDm,2026,Cove FC,HPG Homes State League 1,13,10,1024,1,3,0,0,0,false
pmvv6lWORm,2023,Adelaide Hills Hawks,Under 16's JPL B; State League 2 Under 18's; U16 Carl's Junior Boys Cup,33,24,2330,1,1,0,0,0,false
pmvv6lWORm,2024,Adelaide Hills Hawks,Reserves Trial Matches; U18 Trial Matches; Federation Cup U18's; Federation Cup Reserves; State League 2 Under 18's; State League 2 Reserves,27,18,1671,8,0,0,0,0,false
pmvv6lWORm,2025,Adelaide Hills Hawks,Reserves; Senior Men's Trials; Australia Cup SA Preliminary Rounds; HPG Homes State League 2 South; HPG Homes State League 2 South - Reserves,18,14,1193,0,1,0,0,0,false
pmvv6lWORm,2026,Modbury Vista,Federation Cup Reserves; Reserves; Senior Men's Trials; HPG Homes State League 2 North; HPG Homes State League 2 North - Reserves,7,4,385,1,1,0,0,0,false
pmvv6lWjDm,2026,Angle Vale,Federation Cup Reserves; Senior Men's Trials; HPG Homes State League 2 North,20,20,1772,3,4,0,0,0,false
pmvv6ly8Dm,2026,Angle Vale,Federation Cup U18's; Reserves,2,2,210,0,0,0,0,0,false
pmvv6p5qRm,2023,Vipers FC,Under 15's JPL B; U15 JPL B - Bottom Half,14,14,1260,0,0,0,0,0,true
pmvv6p5qRm,2024,Vipers FC,Under 16 JSL B; State League 1 Under 18's; U16 Carl's Junior Boys Cup,26,24,2140,1,0,0,0,7,true
pmvv6p5qRm,2025,Vipers FC; Port Adelaide,Under 18's; HPG Homes State League 2 North - Under 18's; HPG Homes State League 2 North - Reserves; Federation Cup U18's; Federation Cup Reserves; Australia Cup SA Preliminary Rounds; HPG Homes State League 2 North; HPG Homes State League 2 (18s) Final Series,29,28,2670,0,1,0,0,5,true
pmvv6p5qRm,2026,Port Adelaide,Hahn Australia Cup SA Preliminary Rounds; Federation Cup U18's; Federation Cup Reserves; Under 18's; HPG Homes State League 2 North; HPG Homes State League 2 North - Under 18's; HPG Homes State League 2 North - Reserves; HPG Homes State League 2 (18s) Final Series; HPG Homes State League 2 (Reserves) Final Series,20,18,1740,0,2,0,0,0,true
pmvv6q480m,2023,Adelaide Croatia Raiders,State League 1 Under 18's; Federation Cup U18's; Under 17's JPL A; State League 1 Reserves,25,16,1959,16,3,0,0,0,false
pmvv6q480m,2024,West Adelaide,U18 Trial Matches; State League 1 Under 18's; Federation Cup U18's; State League 1 Reserves,27,24,2260,35,2,1,0,0,false
pmvv6q480m,2025,West Adelaide,Reserves; HPG Homes State League 1 Reserves; Federation Cup Reserves; HPG Homes State League 1,29,27,2615,25,2,0,0,0,false
pmvv6q480m,2026,Adelaide Olympic,HPG Homes State League 1 Reserves; HPG Homes State League 1; Hahn Australia Cup SA Preliminary Rounds,26,17,2171,21,2,0,0,0,false
pmvv6q4g6m,2026,South Adelaide,Hahn Australia Cup SA Preliminary Rounds; HPG Homes State League 1,21,20,2184,7,3,0,0,0,false
pmvvJ8qjDm,2025,Northern Wolves,Nova Under 15's YSL B Mixed; U15 Carl's Jr. Youth State Cup,19,19,1805,3,0,0,0,0,false
pmvvJ8qjDm,2026,Salisbury United,Nova Under 16's YPL B Mixed; U16 Carl's Jr. Youth Premier Cup; HPG Homes State League 1 Under 18's,22,14,1380,1,4,0,0,0,false
pmvvJRpg0m,2025,Ghan United,HPG Homes State League 2 North - Reserves; HPG Homes State League 2 North; HPG Homes State League 2 (Reserves) Final Series,19,18,1706,0,5,0,0,0,false
pmvvJRpg0m,2026,Ghan United,Federation Cup Reserves; HPG Homes State League 2 South - Reserves,3,3,360,0,1,1,0,0,false
pmvvjwWjom,2026,Adelaide Titans Football Club,Federation Cup Reserves; HPG Homes State League 2 South - Reserves,18,12,1308,4,2,0,0,0,false
pmvvq1W3ym,2026,,,0,0,0,0,0,0,0,0,false
pmvvq4Br6m,2026,Noarlunga United,Hahn Australia Cup SA Preliminary Rounds; HPG Homes State League 2 South; HPG Homes State League 2 South - Reserves; Senior Men's Trials,16,6,898,4,1,0,0,0,false
pmvvq4YoEm,2026,Modbury Vista,Hahn Australia Cup SA Preliminary Rounds; Federation Cup Reserves; Reserves; Senior Men's Trials; HPG Homes State League 2 North - Reserves; HPG Homes State League 2 North; HPG Homes State League 2 (Reserves) Final Series; HPG Homes State League 2 (Seniors) Finals Series,25,15,1554,6,7,1,0,0,false
pmvvq4ynDm,2026,Ghan United,Hahn Australia Cup SA Preliminary Rounds; Senior Men's Trials; HPG Homes State League 2 South; HPG Homes State League 2 (Seniors) Finals Series,20,19,2312,3,5,0,0,0,false
pmvvq7anRm,2026,Adelaide Hills Hawks,Hahn Australia Cup SA Preliminary Rounds; Senior Men's Trials; HPG Homes State League 2 South - Reserves; HPG Homes State League 2 South,14,13,1325,1,3,0,0,0,false
pmvvq7pgDm,2026,Western Strikers,Federation Cup U18's; HPG Homes State League 2 South - Under 18's; HPG Homes State League 2 South - Reserves; HPG Homes State League 2 (18s) Final Series,21,18,2253,12,0,0,0,0,false
pmvvq9jw6m,2026,Adelaide Blue Eagles,Hahn Australia Cup SA Preliminary Rounds; HPG Homes State League 1; HPG Homes State League 1 Reserves,27,19,2195,2,3,0,0,0,false
pmvvqMB50m,2026,Pontian Eagles,Federation Cup U18's,1,0,0,0,0,0,0,0,false
pmvvqMB7ym,2026,Plympton FC,Federation Cup Reserves; Hahn Australia Cup SA Preliminary Rounds; Senior Men's Trials; Reserves; HPG Homes State League 2 South; HPG Homes State League 2 South - Reserves,15,15,1693,0,2,1,0,1,true
pmvvqMkMom,2026,Noarlunga United,Federation Cup Reserves; HPG Homes State League 2 South; HPG Homes State League 2 South - Reserves; Hahn Australia Cup SA Preliminary Rounds; HPG Homes State League 2 (Reserves) Final Series,16,16,1764,0,2,0,0,5,true
pmvvqMkn8m,2023,Croydon FC,Under 16's JPL A; RAA NPL Under 18's; Under 17's JPL A; U16 Carl's Junior Boys Cup; U16 JPL A - Bottom Half,28,18,1610,4,7,0,0,0,false
pmvvqMkn8m,2024,Adelaide Olympic,U18 Trial Matches; RAA NPL Under 18's; Federation Cup U18's,24,12,1110,1,3,0,0,0,false
pmvvqMkn8m,2025,FK Beograd,RAA NPL Under 18's; RAA NPL Reserves; Federation Cup Reserves,16,7,812,1,1,0,0,0,false
pmvvqMkn8m,2026,Adelaide Olympic,HPG Homes State League 1 Reserves; Federation Cup Reserves,16,10,1193,1,5,1,0,0,false
pmvvqMoG0m,2026,Western Strikers,Hahn Australia Cup SA Preliminary Rounds; HPG Homes State League 2 South; HPG Homes State League 2 (Seniors) Finals Series,23,23,2611,23,3,1,0,0,false
pmvvqQL48m,2024,Gawler Eagles,Under 16 JSL A,9,9,810,1,1,0,0,0,false
pmvvqQL48m,2025,Para Hills Knights,Nova Under 16's YPL B Mixed; U16 Carl's Jr. Youth Premier Cup,23,22,2060,1,1,0,0,0,false
pmvvqQL48m,2026,Elizabeth Downs Soccer Club,Under 18's; Reserves; HPG Homes State League 2 North - Under 18's; Federation Cup U18's,19,18,1650,1,2,0,0,0,false
pmvvqQP3ym,2024,Sacred Heart,Australia Cup SA Preliminary Rounds,1,1,66,0,0,0,0,0,false
pmvvqQP3ym,2025,Adelaide Titans Football Club,HPG Homes State League 2 South - Reserves; Federation Cup Reserves,17,15,1369,0,4,1,0,0,false
pmvvqQP3ym,2026,Adelaide Titans Football Club,Federation Cup Reserves; HPG Homes State League 2 South - Reserves; HPG Homes State League 2 South,14,13,1474,2,1,0,0,0,false
pmvvqQZ5Dm,2026,Adelaide University,Reserves; HPG Homes State League 2 South - Reserves,15,13,1153,3,0,0,0,0,false
pmvvqaVDLm,2026,Adelaide Olympic,HPG Homes State League 1 Reserves; Federation Cup Reserves,14,6,844,0,3,0,0,0,false
pmvvqaVz0m,2026,Adelaide Olympic,HPG Homes State League 1 Under 18's; HPG Homes State League 1 Reserves; Federation Cup Reserves,21,13,1688,7,1,0,0,0,false
pmvvqqZE5m,2026,Adelaide Atletico VSC,HPG Homes State League 1 Under 18's; Federation Cup U18's; HPG Homes State League 1 Reserves; HPG Homes State League 1,22,17,2029,4,3,0,0,0,false
pmvvqqZXDm,2026,Adelaide Atletico VSC,Hahn Australia Cup SA Preliminary Rounds; HPG Homes State League 1,23,21,2433,3,3,0,0,0,false
pmvvqqyvRm,2023,Western Strikers,Federation Cup Reserves; State League 2 Reserves; State League 2,22,20,2464,0,3,0,0,2,true
pmvvqqyvRm,2024,Western Strikers,Reserves Trial Matches; Senior Men's Trial Matches; State League 1 Reserves; State League 1; Australia Cup SA Preliminary Rounds; Federation Cup Reserves,23,22,1786,0,5,1,0,2,true
pmvvqqyvRm,2025,Western Strikers,Federation Cup Reserves; HPG Homes State League 2 South - Reserves; HPG Homes State League 2 South; HPG Homes State League 2 (Reserves) Final Series,9,7,691,0,1,0,0,2,true
pmvvqqyvRm,2026,Western Strikers,Hahn Australia Cup SA Preliminary Rounds; HPG Homes State League 2 South - Reserves; Federation Cup Reserves; HPG Homes State League 2 South; HPG Homes State League 2 (Reserves) Final Series,15,12,1573,0,1,0,0,9,true
pmvvqrXqRm,2026,Cove FC,Under 16 Trials; Nova Under 16's YPL C South Mixed; U16 Carl's Jr. Youth Premier Cup; Federation Cup U18's; HPG Homes State League 1 Under 18's; Nova Under 16's YPL C Mixed Finals Series,26,17,1610,32,0,0,0,0,false
pmvvqvpa6m,2023,Seaford Rangers,Under 14's JPL C,16,15,1350,0,0,0,0,0,false
pmvvqvpa6m,2025,Seaford Rangers,Nova Under 16's YPL C Mixed,19,15,1425,1,1,0,0,0,false
pmvvqvpa6m,2026,Seaford Rangers,Federation Cup U18's; Under 18's; HPG Homes State League 2 South - Under 18's,19,4,450,1,0,0,0,0,false
pmvvqzww6m,2026,Noarlunga United,U16 Carl's Jr. Youth Premier Cup; Nova Under 16's YPL C South Mixed; Under 16 Trials; HPG Homes State League 2 South - Under 18's,15,14,1325,1,1,0,0,0,false
pmvw41zyNv,2023,Adelaide City,Under 15's JPL A; Under 15's JSL A; Under 16's JSL A; U15 Carl's Junior Boys Cup; Under 15's JSL B; U16 JPL A - Top Half,26,20,1790,3,1,0,0,0,false
pmvw41zyNv,2024,Fulham United,U18 Trial Matches; State League 1 Under 18's; Federation Cup U18's; Under 16 JPL B; State League 1 Reserves,30,25,2118,5,1,0,0,0,false
pmvw41zyNv,2025,Fulham United,Under 18's; HPG Homes State League 1 Under 18's; HPG Homes State League 1 Reserves; Federation Cup U18's; Federation Cup Reserves; Nova Under 17's YPL A Mixed,34,23,2301,8,8,0,0,0,false
pmvw41zyNv,2026,Fulham United,HPG Homes State League 1 Reserves; HPG Homes State League 1; HPG Homes State League 1 Under 18's; Federation Cup Reserves; Hahn Australia Cup SA Preliminary Rounds; Senior Men's Trials,33,23,2668,5,3,1,0,0,false
pmvw4r9DNv,2023,South Adelaide,RAA NPL Reserves; Federation Cup Reserves; 23 Reserves Trial Matches,18,11,1172,3,2,0,0,0,false
pmvw4r9DNv,2024,South Adelaide,RAA NPL Reserves; Federation Cup Reserves,21,15,1227,1,1,0,0,0,false
pmvw4r9DNv,2025,South Adelaide,Reserves; HPG Homes State League 1 Reserves,17,12,1154,0,0,0,0,0,false
pmvw4r9DNv,2026,South Adelaide,HPG Homes State League 1 Reserves; Federation Cup Reserves,19,12,1147,3,0,0,0,0,false
pmvw4rR5Nv,2023,South Adelaide,RAA NPL Under 18's; Federation Cup U18's; Federation Cup Reserves,11,7,840,2,0,0,0,0,false
pmvw4rR5Nv,2024,Cumberland United,U18 Trial Matches; State League 1 Under 18's; Under 17 JPL A; Federation Cup U18's; State League 1 Reserves,32,22,2009,0,1,0,0,0,false
pmvw4rR5Nv,2025,Cumberland United,HPG Homes State League 1 Under 18's; Federation Cup U18's; HPG Homes State League 1 Reserves,27,21,2017,0,0,0,0,0,true
pmvw4rR5Nv,2026,Cumberland United,HPG Homes State League 1 Reserves,23,16,1862,0,2,0,0,0,false
pmvwA45ENv,2023,Adelaide Blue Eagles,Under 16's JPL A; Under 17's JPL A; U16 Carl's Junior Boys Cup; U16 JPL A - Bottom Half; U18 Trial Matches,23,20,1790,1,0,0,0,0,false
pmvwA45ENv,2024,Adelaide Blue Eagles,U18 Trial Matches; State League 1 Under 18's; Federation Cup U18's,23,17,1560,0,0,0,0,0,false
pmvwA45ENv,2025,Adelaide Blue Eagles,HPG Homes State League 1 Under 18's; Federation Cup U18's,22,19,1740,1,1,0,0,0,false
pmvwA45ENv,2026,Adelaide Blue Eagles,HPG Homes State League 1 Reserves; Federation Cup Reserves,8,1,277,0,0,0,0,0,false
pmvwADXRNv,2023,Adelaide Hills Hawks,Under 14 Trials; Under 14's JPL B; U14 Carl's Junior Boys Cup,19,10,880,4,0,0,0,0,false
pmvwADXRNv,2024,Adelaide Hills Hawks,Under 15 JPL B,3,2,180,1,0,0,0,0,false
pmvwADXRNv,2025,Adelaide Hills Hawks,Nova Under 16's YPL C Mixed; U16 Carl's Jr. Youth Premier Cup; HPG Homes State League 2 South - Under 18's,24,12,1140,6,0,0,0,0,false
pmvwADXRNv,2026,Adelaide Hills Hawks,HPG Homes State League 2 South - Under 18's; HPG Homes State League 2 South - Reserves; HPG Homes State League 2 (18s) Final Series,16,1,162,0,0,0,0,0,false
pmvwB41ENv,2023,Modbury Vista,Federation Cup Reserves; State League 2 Reserves; State League 2; 23 Reserves Trial Matches,27,14,914,13,3,0,0,0,false
pmvwB41ENv,2024,Modbury Vista,Reserves Trial Matches; Senior Men's Trial Matches; Federation Cup Reserves; State League 2 Reserves; State League 2,31,24,1982,14,2,1,0,0,false
pmvwB41ENv,2025,Northern Demons,Senior Men's Trials; HPG Homes State League 2 North; Australia Cup SA Preliminary Rounds,23,19,1654,6,2,0,0,0,false
pmvwB41ENv,2026,Modbury Vista,Hahn Australia Cup SA Preliminary Rounds; Senior Men's Trials; HPG Homes State League 2 North; HPG Homes State League 2 North - Reserves; HPG Homes State League 2 (Seniors) Finals Series,28,11,1150,8,0,0,0,0,false
pmvwBA6yNv,2023,South Adelaide,RAA NPL,20,15,-236,1,2,0,0,0,false
pmvwBA6yNv,2024,Seaford Rangers,State League 2,1,0,15,0,0,0,0,0,false
pmvwBA6yNv,2025,Adelaide Atletico VSC,Australia Cup SA Preliminary Rounds; HPG Homes State League 2 North; HPG Homes State League 2 (Seniors) Final Series,26,26,2467,1,2,0,0,0,false
pmvwBA6yNv,2026,,,0,0,0,0,0,0,0,0,false
pmvwBAgDNv,2023,Port Adelaide,Senior Men's Trials; State League 1 Under 18's; Federation Cup U18's; Under 16's JPL B,26,8,840,0,2,0,0,0,false
pmvwBAgDNv,2024,Para Hills Knights,U18 Trial Matches; Reserves Trial Matches; RAA NPL Under 18's; Under 17 JPL B; Federation Cup U18's,26,13,1050,5,1,0,0,0,false
pmvwBAgDNv,2025,FK Beograd; Playford City,Under 18's; Nova Under 17's YPL A Mixed; RAA NPL Under 18's; RAA NPL Reserves,21,15,1296,0,0,0,0,0,false
pmvwBAgDNv,2026,Fulham United,HPG Homes State League 1 Reserves; Federation Cup Reserves; HPG Homes State League 1 Under 18's,24,15,2036,1,2,1,0,0,false
pmvwBozyNv,2023,Cumberland United,Under 12's JPL Blue; U12 Carl's Junior Boys Cup; Under 12 JPL A,20,18,1350,0,0,0,0,7,true
pmvwBozyNv,2024,Cumberland United,Under 13 Trials - No Match Officials; Under 13 JPL A; U13 Carl's Junior Boys Cup; Under 13 JSL A,24,24,1875,0,0,0,0,3,true
pmvwBozyNv,2025,Cumberland United,Nova Under 14's YPL A Mixed; U14 Carl's Jr. Youth Premier Cup; Nova Under 15's YPL A Mixed,21,21,1735,0,0,0,0,3,true
pmvwBozyNv,2026,Cumberland United,Nova Under 15's YPL A Mixed; U15 Carl's Jr. Youth Premier Cup; U16 Carl's Jr. Youth Premier Cup; HPG Homes State League 1 Under 18's,27,26,2470,0,2,0,0,3,true
pmvwO38ENv,2023,Cove FC,State League 2,3,3,0,0,2,1,0,0,false
pmvwO38ENv,2024,Pontian Eagles; Port Adelaide,Senior Men's Trial Matches; Australia Cup SA Preliminary Rounds; State League 2,21,20,1698,2,4,0,0,0,false
pmvwO38ENv,2025,,,0,0,0,0,0,0,0,0,false
pmvwO38ENv,2026,,,0,0,0,0,0,0,0,0,false
pmvwOv3LNv,2023,Adelaide Cobras,State League 1 Under 18's,21,17,2040,4,2,1,0,0,false
pmvwOv3LNv,2024,Port Adelaide; Adelaide University,Reserves Trial Matches; Federation Cup Reserves; State League 2 Reserves,26,9,966,8,3,0,0,0,false
pmvwOv3LNv,2025,Northern Demons,HPG Homes State League 2 North; HPG Homes State League 2 North - Reserves,2,1,81,0,0,0,0,0,false
pmvwOv3LNv,2026,Adelaide Cobras,HPG Homes State League 1 Reserves,1,0,48,0,0,0,0,0,false
pmvwOvqDNv,2023,Eastern United,State League 1 Under 18's; Federation Cup U18's; State League 1 Reserves; 23 Reserves Trial Matches,24,15,1671,1,1,0,0,0,false
pmvwOvqDNv,2024,,,0,0,0,0,0,0,0,0,false
pmvwOvqDNv,2026,Pontian Eagles,HPG Homes State League 2 North - Reserves,3,0,55,1,0,0,0,0,false
pmvwVX65Nv,2023,West Adelaide; Eastern United,RAA NPL Reserves; Federation Cup Reserves; State League 1 Reserves,14,7,888,0,1,0,0,0,false
pmvwVX65Nv,2025,Mount Barker United,Reserves; Senior Men's Trials; HPG Homes State League 2 South; Australia Cup SA Preliminary Rounds; HPG Homes State League 2 South - Reserves,14,11,940,1,1,0,0,0,false
pmvwVX65Nv,2026,Mount Barker United,Hahn Australia Cup SA Preliminary Rounds; Senior Men's Trials; HPG Homes State League 2 South; HPG Homes State League 2 South - Reserves,13,11,1044,0,4,1,0,0,false
pmvwVpJ6Nv,2023,Adelaide University,State League 2 Reserves; Federation Cup Reserves,6,1,329,1,1,0,0,0,false
pmvwVpJ6Nv,2026,Seaford Rangers,Federation Cup Reserves; HPG Homes State League 2 South - Reserves,4,1,365,0,0,0,0,0,false
pmvwVzJDNv,2023,Adelaide Croatia Raiders,Under 12's JPL Blue; U12 Carl's Junior Boys Cup; Under 12 JPL A; Under 12 JSL A,24,20,1490,6,1,0,0,0,true
pmvwVzJDNv,2024,Adelaide Croatia Raiders,Under 13 Trials - No Match Officials; Under 13 JPL A; Under 13 JSL B; U13 Carl's Junior Boys Cup; U14 Carl's Junior Boys Cup; Under 15 Girls Trials; Under 14 JPL A,30,24,1895,6,0,0,0,0,false
pmvwVzJDNv,2025,Football SA State Squads,Under 14 Trials; Nova Under 15's YPL A Mixed; Nova Under 14's YPL A Mixed; U14 Carl's Jr. Youth Premier Cup,25,20,1760,1,1,0,0,0,false
pmvwVzJDNv,2026,Adelaide Croatia Raiders,Under 15 Trials; Nova Under 16's YPL A Mixed; U16 Carl's Jr. Youth Premier Cup; HPG Homes State League 1 Under 18's,26,22,2090,0,1,0,0,0,false
pmvwZ200Nv,2023,Salisbury Inter,Under 15's JSL A; Under 15's JSL B; U15 Carl's Junior Boys Cup; Under 16's JSL A; Under 14's JSL C,43,40,3560,4,2,0,0,9,true
pmvwZ200Nv,2024,Para Hills Knights,U18 Trial Matches; Reserves Trial Matches; RAA NPL Under 18's; Under 16 JPL A; Federation Cup U18's; U16 Carl's Junior Boys Cup,38,18,1530,0,2,0,0,0,true
pmvwZ200Nv,2025,Salisbury Inter,Reserves; Under 18's; Senior Men's Trials; HPG Homes State League 2 North - Under 18's; HPG Homes State League 2 North - Reserves; Federation Cup U18's; Federation Cup Reserves; HPG Homes State League 2 North,27,23,2123,0,2,0,0,2,true
pmvwZ200Nv,2026,Salisbury Inter,Hahn Australia Cup SA Preliminary Rounds; Federation Cup U18's; Federation Cup Reserves; Senior Men's Trials; HPG Homes State League 2 North - Under 18's; HPG Homes State League 2 North - Reserves; HPG Homes State League 2 North; HPG Homes State League 2 (18s) Final Series,22,21,2040,0,0,0,0,8,true
pmvwZQPyNv,2023,,,0,0,0,0,0,0,0,0,false
pmvwZQPyNv,2025,Elizabeth Downs Soccer Club,Australia Cup SA Preliminary Rounds,0,0,0,0,0,0,0,0,false
pmvwZQPyNv,2026,Barossa United,Hahn Australia Cup SA Preliminary Rounds; HPG Homes State League 2 North,17,17,1528,1,1,0,0,0,false
pmvwb9QrNv,2023,Vipers FC,State League 1 Reserves,2,1,194,0,0,0,0,0,false
pmvwb9QrNv,2026,Barossa United,Hahn Australia Cup SA Preliminary Rounds; HPG Homes State League 2 North; HPG Homes State League 2 North - Reserves,13,8,802,3,1,0,0,0,false
pmvwo4Y8Nv,2023,Adelaide Hills Hawks,State League 2 Reserves; Federation Cup Reserves; State League 2; 23 Reserves Trial Matches; 23 Senior Men's Trial Matches,22,11,1242,11,7,0,0,0,false
pmvwo4Y8Nv,2024,Adelaide Hills Hawks,Senior Men's Trial Matches; Federation Cup Reserves; State League 2 Reserves; State League 2,23,12,1112,9,9,1,0,0,false
pmvwo4Y8Nv,2026,Adelaide Hills Hawks,Federation Cup Reserves; HPG Homes State League 2 South - Reserves,10,9,1058,1,4,2,0,0,false
pmvwoOBRNv,2023,Adelaide Hills Hawks,Under 14 Trials; Under 14's JPL B; U14 Carl's Junior Boys Cup,24,22,1900,1,0,0,0,0,false
pmvwoOBRNv,2024,Adelaide Hills Hawks,Under 15 Trials; Under 15 JPL B; U15 Carl's Junior Boys Cup; Under 16 JPL B,22,21,1865,6,0,0,0,0,false
pmvwoOBRNv,2025,Adelaide Hills Hawks,Nova Under 16's YPL C Mixed; HPG Homes State League 2 South - Under 18's; U16 Carl's Jr. Youth Premier Cup,26,20,1855,14,1,0,0,1,true
pmvwoOBRNv,2026,Adelaide Hills Hawks,Federation Cup U18's; HPG Homes State League 2 South - Under 18's; HPG Homes State League 2 South - Reserves; HPG Homes State League 2 (18s) Final Series,29,20,2645,0,1,1,0,0,false
pmvwojMENv,2023,Sturt Lions; Noarlunga United,RAA NPL Under 18's; State League 2 Under 18's; State League 2 Reserves; Federation Cup U18's; Federation Cup Reserves; Australia Cup SA Preliminary Rounds; State League 2; 23 Reserves Trial Matches; 23 Senior Men's Trial Matches,32,24,2344,16,3,0,0,0,false
pmvwojMENv,2024,Noarlunga United,Reserves Trial Matches; Senior Men's Trial Matches; Australia Cup SA Preliminary Rounds; State League 2 Reserves; State League 2,28,20,1647,12,2,0,0,0,false
pmvwojMENv,2025,Sturt Lions; Noarlunga United,Reserves; Federation Cup Reserves; HPG Homes State League 2 South - Reserves,21,20,1832,14,2,0,0,0,false
pmvwojMENv,2026,Noarlunga United,Federation Cup Reserves; HPG Homes State League 2 South - Reserves; HPG Homes State League 2 South; HPG Homes State League 2 (Reserves) Final Series,20,18,2115,9,3,0,0,0,false
pmvwoq1yNv,2023,Port Adelaide,Under 13 Trials; Under 13's JPL A; U13 Carl's Junior Boys Cup,23,22,1670,2,0,0,0,0,false
pmvwoq1yNv,2024,Port Adelaide,Under 14 Trials; Under 14 JPL B; U14 Carl's Junior Boys Cup,26,26,2270,19,1,0,0,0,false
pmvwoq1yNv,2025,Port Adelaide,Under 15 Trials; Nova Under 15's YPL B Mixed,21,21,1885,6,1,0,0,0,false
pmvwoq1yNv,2026,Port Adelaide,Federation Cup U18's; Under 18's; Nova Under 16's YPL B Mixed; HPG Homes State League 2 North - Under 18's; HPG Homes State League 2 (18s) Final Series,31,22,2085,2,2,0,0,0,false
vdW82QXzkm,2026,Vipers FC,Hahn Australia Cup SA Preliminary Rounds; Senior Men's Trials; HPG Homes State League 2 South; HPG Homes State League 2 South - Reserves; HPG Homes State League 2 (Seniors) Finals Series; HPG Homes State League 2 (Reserves) Final Series,19,10,1432,2,0,0,0,0,false
vdW82o3wnm,2026,Barossa United,HPG Homes State League 2 North - Reserves,2,2,210,0,0,0,0,0,true
vdW82vvrnm,2023,Noarlunga United,Under 15's JPL B; U15 Carl's Junior Boys Cup; U15 JPL B - Top Half; Under 14's JSL C,15,9,790,0,0,0,0,0,false
vdW82vvrnm,2024,Noarlunga United,Under 16 JPL B; State League 2 Under 18's; Under 16 Trials - No Match Officials; U16 Carl's Junior Boys Cup,23,18,1595,0,1,0,0,0,false
vdW82vvrnm,2025,Noarlunga United,Nova Under 16's YPL B Mixed; U16 Carl's Jr. Youth Premier Cup; HPG Homes State League 2 South - Under 18's; HPG Homes State League 2 South - Reserves,30,26,2489,3,7,1,0,0,false
vdW82vvrnm,2026,Noarlunga United,Federation Cup U18's; HPG Homes State League 2 South - Under 18's; HPG Homes State League 2 South - Reserves; Federation Cup Reserves; HPG Homes State League 2 South; HPG Homes State League 2 (Reserves) Final Series,20,19,2038,2,8,0,0,0,false
vdW86V1YEm,2024,Modbury Vista,Under 14 JPL B,19,19,1695,0,1,0,0,0,true
vdW86V1YEm,2025,Modbury Vista,Under 15 Trials; Nova Under 15's YPL C Mixed; Nova Under 16's YPL C Mixed; U15 Carl's Jr. Youth Premier Cup,45,31,2885,0,1,0,0,8,true
vdW86V1YEm,2026,Modbury Vista,Under 16 Trials; Federation Cup U18's; Under 18's; HPG Homes State League 2 North - Under 18's; Nova Under 16's YPL C North Mixed; U16 Carl's Jr. Youth Premier Cup; HPG Homes State League 2 North - Reserves; Under 17's B Mixed; HPG Homes State League 2 (18s) Final Series; Nova Under 16's YPL C Mixed Finals Series; HPG Homes State League 2 (Reserves) Final Series,43,26,2445,0,0,0,0,12,true
vdW86lweDm,2024,Mount Barker United,Under 16 JSL B,13,10,900,0,1,0,0,0,false
vdW86lweDm,2025,Mount Barker United,Federation Cup U18's; HPG Homes State League 2 South - Under 18's,15,1,90,0,0,0,0,0,true
vdW86lweDm,2026,Mount Barker United,Federation Cup U18's; Under 18's; HPG Homes State League 2 South - Under 18's,13,1,120,0,1,1,0,0,true
vdW8y9Bxnm,2024,FK Beograd,Reserves Trial Matches; Senior Men's Trial Matches; RAA NPL Reserves; Federation Cup Reserves,28,20,1693,0,2,0,0,0,false
vdW8y9Bxnm,2026,Plympton FC,HPG Homes State League 2 South - Reserves; HPG Homes State League 2 South,10,6,858,0,1,0,0,0,false
vdW8yqVLEm,2024,Cove FC,U18 Trial Matches; State League 2 Under 18's,23,8,630,2,3,0,0,0,false
vdW8yqVLEm,2025,Adelaide Titans Football Club,HPG Homes State League 2 South - Reserves; Australia Cup SA Preliminary Rounds; HPG Homes State League 2 South,19,7,923,0,5,0,0,0,false
vdW8yqVLEm,2026,Adelaide Titans Football Club,Federation Cup Reserves; HPG Homes State League 2 South - Reserves,9,4,729,0,1,0,0,0,false
vdWDO8Bgjm,2026,Adelaide University,Reserves; HPG Homes State League 2 South - Reserves,7,1,362,0,0,0,0,0,false
vdWDOA2vkm,2024,Cove FC,Under 14 JPL C,7,5,400,2,0,0,0,0,false
vdWDOA2vkm,2025,Western Strikers,Nova Under 14's YPL B Mixed; Nova Under 15's YPL B Mixed; U14 Carl's Jr. Youth Premier Cup; Seniors,33,20,1705,38,0,0,0,0,false
vdWDOA2vkm,2026,Western Strikers,Nova Under 15's YPL B Mixed; Nova Under 16's YPL B Mixed; U15 Carl's Jr. Youth Premier Cup; HPG Homes State League 2 South - Under 18's; HPG Homes State League 2 South - Reserves; HPG Homes State League 2 (18s) Final Series,45,33,3488,62,1,0,0,0,false
vdWDOAzD4m,2026,Vipers FC,Under 16 Trials; Under 15 Trials; Under 18's; Nova Under 16's YPL A Mixed; HPG Homes State League 2 South - Under 18's; U16 Carl's Jr. Youth Premier Cup; U17 Carl's Jr. Youth Premier Cup; HPG Homes State League 2 (18s) Final Series,39,27,2575,2,5,0,0,0,false
vdWDOE3JEm,2026,Adelaide Olympic,HPG Homes State League 1 Reserves; Federation Cup Reserves,22,14,1529,2,0,0,0,0,false
vdWDOLqRym,2023,Sturt Lions,Under 15's JSL A; U15 Carl's Junior Boys Cup; Under 15's JSL B; Under 15's JPL A,27,23,2050,5,0,0,0,0,false
vdWDOLqRym,2024,Sturt Lions,Under 16 JPL B; U16 Carl's Junior Boys Cup; Under 16 JSL A; Under 17 JPL B,29,16,1420,2,0,0,0,0,false
vdWDOLqRym,2025,Sturt Lions,Under 17 Trials - No Match Officials; Nova Under 17's YPL A Mixed; U17 Carl's Jr. Youth Premier Cup,26,24,2170,2,6,0,0,0,false
vdWDOLqRym,2026,,,0,0,0,0,0,0,0,0,false
vdWDOO36Dm,2026,Port Adelaide,Under 18's; Nova Under 16's YPL B Mixed; HPG Homes State League 2 North - Under 18's,33,24,2260,6,0,0,0,0,false
vdWDOO7VBm,2024,Eastern United,State League 2; State League 2 Reserves,4,4,360,0,0,0,0,2,true
vdWDOO7VBm,2026,Eastern United,Hahn Australia Cup SA Preliminary Rounds; HPG Homes State League 1; HPG Homes State League 1 Reserves; Senior Men's Trials,6,3,435,0,0,0,0,0,true
vdWDOOa1vm,2023,Sturt Lions,RAA NPL Reserves; Federation Cup Reserves,24,20,2394,0,2,0,0,0,false
vdWDOOa1vm,2024,Noarlunga United; South Adelaide,Senior Men's Trial Matches; Australia Cup SA Preliminary Rounds; State League 2 Reserves; State League 2; RAA NPL Reserves,18,15,1216,0,0,0,0,0,false
vdWDOOa1vm,2025,South Adelaide,HPG Homes State League 1 Reserves; Federation Cup Reserves,17,17,1421,0,0,0,0,0,false
vdWDOOa1vm,2026,South Adelaide,HPG Homes State League 1 Reserves; HPG Homes State League 1; Federation Cup Reserves,21,16,1894,1,4,0,0,0,false
vdWDORbWym,2023,WT Birkalla,U12 Carl's Junior Boys Cup; Under 12's JSL Green; Under 12 JSL A; Under 14's JDL Mixed,18,16,1120,5,0,0,0,0,false
vdWDORbWym,2024,WT Birkalla; Cumberland United,Under 13 Trials - No Match Officials; Under 13 Trials; Under 13 JSL A; U13 Carl's Junior Boys Cup,27,24,1885,5,0,0,0,0,false
vdWDORbWym,2025,Cumberland United,Under 14 Trials; Nova Under 14's YPL A Mixed; U14 Carl's Jr. Youth Premier Cup,28,13,1060,1,0,0,0,0,false
vdWDORbWym,2026,Adelaide Titans Football Club,U16 Carl's Jr. Youth Premier Cup; Nova Under 16's YPL C South Mixed; HPG Homes State League 2 South - Under 18's; HPG Homes State League 2 South - Reserves,27,23,2301,7,1,0,0,0,false
vdWDOWrZ4m,2026,Cove FC,Federation Cup Reserves; Hahn Australia Cup SA Preliminary Rounds; HPG Homes State League 1 Reserves,27,23,2111,1,5,0,0,0,false
vdWDOX2pEm,2026,Plympton FC,Federation Cup Reserves; Reserves; HPG Homes State League 2 South - Reserves; HPG Homes State League 2 South - Under 18's; HPG Homes State League 2 South,14,10,1252,0,1,0,0,0,false
vdWDOXE1Bm,2026,Adelaide Atletico VSC,HPG Homes State League 1 Reserves; Federation Cup Reserves,12,4,692,1,3,0,0,0,false
vdWDOYlOzm,2026,Modbury Jets,Under 16 Trials - No Match Officials; Nova Under 16's YPL B Mixed; U16 Carl's Jr. Youth Premier Cup; HPG Homes State League 1 Under 18's; Federation Cup U18's,40,27,2535,1,3,0,0,0,false
vdWDOZb7ym,2026,Ghan United,Under 16's YSL Mixed; Under 16 YSL Mixed Top Half; HPG Homes State League 2 South - Under 18's,10,7,690,0,1,0,0,0,false
vdWDOwM2jm,2023,Cumberland United,Under 15 Trials; Under 15's JSL A; Under 15's JPL A; U15 Carl's Junior Boys Cup,26,22,1880,7,3,0,0,0,false
vdWDOwM2jm,2024,Cumberland United,Under 16 JSL A; U16 Carl's Junior Boys Cup,16,16,1410,9,2,1,0,0,false
vdWDOwM2jm,2025,Cumberland United,Under 17 Trials; Under 17 Trials - No Match Officials; Nova Under 17's YPL A Mixed; U17 Carl's Jr. Youth Premier Cup,22,21,1915,2,3,1,0,0,false
vdWDOwM2jm,2026,Plympton FC,Federation Cup U18's; Federation Cup Reserves; Reserves; HPG Homes State League 2 South - Under 18's; HPG Homes State League 2 South - Reserves,24,17,2262,1,4,0,0,0,false
vdWDOxxDnm,2026,Fulham United,HPG Homes State League 1 Reserves,4,2,320,1,1,0,0,0,false
vdWDP2eknm,2026,Elizabeth Grove,Federation Cup U18's; HPG Homes State League 2 North - Under 18's; HPG Homes State League 2 North - Reserves; HPG Homes State League 2 North,23,16,1528,10,1,0,0,0,false
vdWDPgbODm,2026,Port Adelaide,Federation Cup Reserves; HPG Homes State League 2 North - Reserves; Senior Men's Trials; HPG Homes State League 2 (Reserves) Final Series,19,18,1460,2,10,0,0,0,false
vdWDPggDkm,2026,Modbury Vista,Federation Cup Reserves; HPG Homes State League 2 North - Reserves; HPG Homes State League 2 North; HPG Homes State League 2 (Reserves) Final Series,21,21,1989,0,2,1,0,0,false
vdWDR0gLBm,2026,Pontian Eagles,Federation Cup Reserves; HPG Homes State League 2 North - Reserves; HPG Homes State League 2 (Reserves) Final Series,21,19,1687,8,3,0,0,0,false
vdWDRrbqDm,2025,Mount Barker United,HPG Homes State League 2 South; HPG Homes State League 2 South - Reserves,11,11,990,0,0,0,0,1,true
vdWDRrbqDm,2026,Adelaide Cobras,Hahn Australia Cup SA Preliminary Rounds; HPG Homes State League 1; HPG Homes State League 1 Reserves,12,12,1404,0,0,0,0,1,true
vdWDRvRaDm,2026,Vipers FC,Hahn Australia Cup SA Preliminary Rounds; Senior Men's Trials; HPG Homes State League 2 South; HPG Homes State League 2 South - Reserves; HPG Homes State League 2 (Seniors) Finals Series,22,14,1608,6,1,0,0,0,false
vdWDbOeG4m,2025,Elizabeth Grove,Nova Under 13's YPL C Mixed; U13 Carl's Jr. Youth Premier Cup; Nova Under 14's YPL C Mixed; Nova Under 15's YPL C Mixed,26,11,825,8,0,0,0,0,false
vdWDbOeG4m,2026,Elizabeth Grove,Under 14 Trials; Nova Under 14's YPL C North Mixed; U14 Carl's Jr. Youth Premier Cup; U15 Carl's Jr. Youth Premier Cup; Nova Under 16's YPL C North Mixed; Nova Under 15's YPL C  North Mixed; HPG Homes State League 2 North - Under 18's; Nova Under 14's YPL C Mixed Finals Series,26,20,1680,36,1,0,0,0,false
vdWDbPogjm,2025,Adelaide Croatia Raiders,Under 16 Trials - No Match Officials; Under 16 Trials; Nova Under 16's YPL A Mixed; U16 Carl's Jr. Youth Premier Cup; RAA NPL Under 18's,31,25,2320,4,4,1,0,0,false
vdWDbPogjm,2026,Adelaide Croatia Raiders,HPG Homes State League 1 Under 18's; Federation Cup U18's; Federation Cup Reserves; HPG Homes State League 1 Reserves,28,20,2614,3,5,0,0,0,false
vdWDbRVDzm,2025,Adelaide Cobras,Reserves; HPG Homes State League 1 Reserves; Federation Cup Reserves,15,12,1224,8,1,0,0,0,false
vdWDbRVDzm,2026,Adelaide Atletico VSC,HPG Homes State League 1 Reserves; HPG Homes State League 1,8,7,664,1,1,0,0,0,false
vdWDbRVvkm,2023,WT Birkalla,State League 1 Reserves; Australia Cup SA Preliminary Rounds; State League 1; Federation Cup Reserves,30,23,1926,7,3,0,0,0,false
vdWDbRVvkm,2024,Western Strikers; Sturt Lions,Senior Men's Trial Matches; Australia Cup SA Preliminary Rounds; State League 1,21,16,1394,0,3,0,0,0,false
vdWDbRVvkm,2025,Seaford Rangers,Senior Men's Trials; HPG Homes State League 2 South; Australia Cup SA Preliminary Rounds; HPG Homes State League 2 (Seniors) Final Series,24,23,2157,1,8,0,0,0,false
vdWDbRVvkm,2026,Seaford Rangers,Senior Men's Trials; HPG Homes State League 2 South; HPG Homes State League 2 (Seniors) Finals Series,17,16,1854,1,6,0,0,0,false
vdWDbp9YEm,2025,Croydon FC,Senior Men's Trials; RAA NPL; Australia Cup SA Preliminary Rounds,19,15,1482,0,6,0,0,0,false
vdWDbp9YEm,2026,Adelaide Olympic,Hahn Australia Cup SA Preliminary Rounds; HPG Homes State League 1,24,19,2295,1,5,0,0,0,false
vdWDeLYQDm,2026,Ghan United,HPG Homes State League 2 South - Under 18's,15,2,240,0,2,0,0,0,false
vdWDpr9gzm,2026,Adelaide Blue Eagles,Hahn Australia Cup SA Preliminary Rounds; HPG Homes State League 1; HPG Homes State League 1 Reserves,17,11,1127,0,5,0,0,0,false
vdWgD3vzdO,2025,Adelaide Titans Football Club,HPG Homes State League 2 South; Australia Cup SA Preliminary Rounds; HPG Homes State League 2 South - Reserves,24,19,1657,0,2,0,0,0,false
vdWgD3vzdO,2026,Adelaide Titans Football Club,Federation Cup Reserves; HPG Homes State League 2 South - Reserves,14,14,1621,0,1,0,0,0,false
vdWgDEOzdO,2023,Noarlunga United,Under 14's JPL B,16,5,450,0,0,0,0,0,false
vdWgDEOzdO,2024,Noarlunga United,Under 15 Trials; Under 15 JPL B; U15 Carl's Junior Boys Cup,15,10,895,1,0,0,0,0,false
vdWgDEOzdO,2025,Noarlunga United; Cove FC,Nova Under 16's YPL B Mixed; U16 Carl's Jr. Youth Premier Cup; Nova Under 17's YPL B Mixed,14,13,1220,1,0,0,0,0,false
vdWgDEOzdO,2026,Cove FC,HPG Homes State League 1 Under 18's; Under 17's B Mixed,4,0,0,0,0,0,0,0,false
vdWgDbyGdO,2023,Barossa United,Under 13's JSL C; U13 Carl's Junior Boys Cup; Under 15's JSL B,18,14,1120,8,0,0,0,0,false
vdWgDbyGdO,2024,Barossa United,Under 14 JSL C; U14 Carl's Junior Boys Cup,13,12,950,4,0,0,0,0,false
vdWgDbyGdO,2025,Barossa United,Nova Under 15's YSL C Mixed; U15 Carl's Jr. Youth State Cup,20,19,1805,8,0,0,0,0,false
vdWgDbyGdO,2026,Barossa United,HPG Homes State League 2 North - Under 18's,17,17,1530,3,0,0,0,0,false
vdWv07eyKO,2023,South Adelaide,Under 14's JSL A; U14 Carl's Junior Boys Cup,17,17,1350,20,1,0,0,0,true
vdWv07eyKO,2024,South Adelaide,Under 15 JPL A; Under 16 Trials - No Match Officials; U15 Carl's Junior Boys Cup,26,17,1510,14,0,0,0,0,false
vdWv07eyKO,2025,South Adelaide,Under 16 Trials; Nova Under 16's YPL A Mixed; U16 Carl's Jr. Youth Premier Cup,21,18,1665,3,2,0,0,0,false
vdWv07eyKO,2026,Noarlunga United,Federation Cup U18's; HPG Homes State League 2 South - Under 18's,20,19,2280,4,1,1,0,0,false
vdWv2Mv4KO,2023,Adelaide Croatia Raiders,State League 1 Reserves; Federation Cup Reserves,18,11,1265,7,2,0,0,0,false
vdWv2Mv4KO,2024,Port Adelaide,State League 2 Reserves; State League 2,21,14,1324,11,0,0,0,0,false
vdWv2Mv4KO,2025,Port Adelaide,HPG Homes State League 2 North; Australia Cup SA Preliminary Rounds; HPG Homes State League 2 North - Reserves,17,15,1296,6,2,0,0,0,false
vdWv2Mv4KO,2026,Port Adelaide,Hahn Australia Cup SA Preliminary Rounds; Senior Men's Trials; HPG Homes State League 2 North,19,11,1050,7,2,0,0,0,false
vdWv2ORyKO,2023,Northern Demons; Adelaide Cobras; West Adelaide,Australia Cup SA Preliminary Rounds; State League 2; State League 1 Reserves; State League 1; 23 Senior Men's Trial Matches,23,23,929,25,1,0,0,0,false
vdWv2ORyKO,2024,West Adelaide,Senior Men's Trial Matches; Australia Cup SA Preliminary Rounds; State League 1,21,19,1471,7,2,0,0,0,false
vdWv2ORyKO,2025,Elizabeth Downs Soccer Club,Australia Cup SA Preliminary Rounds,1,0,67,2,0,0,0,0,false
vdWv2ORyKO,2026,Salisbury United,Hahn Australia Cup SA Preliminary Rounds; HPG Homes State League 1; HPG Homes State League 1 Reserves,11,5,626,0,1,0,0,0,false
vdWv2nLEKO,2023,Noarlunga United,State League 2 Reserves; State League 2; Australia Cup SA Preliminary Rounds; 23 Senior Men's Trial Matches,25,19,436,2,5,0,0,0,false
vdWv2nLEKO,2024,Noarlunga United,Senior Men's Trial Matches; State League 2,24,24,1800,5,3,0,0,0,false
vdWv2nLEKO,2025,Noarlunga United,Senior Men's Trials; HPG Homes State League 2 South; Australia Cup SA Preliminary Rounds; HPG Homes State League 2 South - Reserves,19,19,1750,2,3,0,0,0,false
vdWv2nLEKO,2026,Noarlunga United,Hahn Australia Cup SA Preliminary Rounds; HPG Homes State League 2 South; Senior Men's Trials,22,22,2195,2,2,0,0,0,false
vdWv3gB4KO,2023,Sturt Lions,Under 17 Trials - No Match Officials; Under 17's JPL A; U17 Carl's Junior Boys Cup; Under 17's JPL C,24,20,1700,10,0,0,0,0,false
vdWv3gB4KO,2024,Adelaide Cobras,State League 1 Under 18's; Federation Cup U18's; State League 1 Reserves,27,20,1915,12,2,0,0,0,false
vdWv3gB4KO,2025,Adelaide Cobras,Reserves; HPG Homes State League 1 Reserves; Federation Cup Reserves,18,17,1383,5,1,0,0,0,false
vdWv3gB4KO,2026,Adelaide Cobras,HPG Homes State League 1 Reserves; Federation Cup Reserves,20,13,1587,4,1,0,0,0,false
vdWv3xLvKO,2023,Adelaide Blue Eagles,Under 14's JPL B; Under 13's JPL B; U14 Carl's Junior Boys Cup; Under 14's JSL B,22,20,1760,2,1,0,0,0,false
vdWv3xLvKO,2024,Adelaide Blue Eagles,Under 15 Trials; Under 15 JPL C; Under 14 JPL B; U15 Carl's Junior Boys Cup; Under 14 Trials - No Match Officials; Under 15 JSL B,25,20,1785,4,2,0,0,0,false
vdWv3xLvKO,2025,Adelaide Blue Eagles,Nova Under 16's YPL C Mixed; U16 Carl's Jr. Youth Premier Cup; Nova Under 15's YPL C Mixed; HPG Homes State League 1 Under 18's,27,21,1965,1,2,0,0,0,false
vdWv3xLvKO,2026,Adelaide Blue Eagles,Nova Under 16's YPL C South Mixed; U17 Carl's Jr. Youth Premier Cup; Under 17's A Mixed; HPG Homes State League 1 Reserves; HPG Homes State League 1; HPG Homes State League 1 Under 18's,31,20,2196,16,8,1,0,0,false
vdWv552DKO,2023,Gawler Eagles; Pontian Eagles; Mount Barker United,Australia Cup SA Preliminary Rounds; State League 2 Reserves; Federation Cup Reserves; State League 2; 23 Senior Men's Trial Matches,24,20,2042,1,3,0,0,0,false
vdWv552DKO,2024,Mount Barker United,Senior Men's Trial Matches; Australia Cup SA Preliminary Rounds; State League 2; State League 2 Reserves,20,13,1113,0,4,0,0,0,false
vdWv552DKO,2026,Angle Vale,Federation Cup Reserves; Senior Men's Trials; HPG Homes State League 2 North - Reserves; HPG Homes State League 2 North,17,13,1000,0,1,0,0,0,false
vdWvn1OyKO,2023,Adelaide Hills Hawks,Under 15 Trials; Under 15's JPL B; U15 Carl's Junior Boys Cup; U15 JPL B - Top Half; U18 Trial Matches,21,19,1610,7,2,0,0,0,false
vdWvn1OyKO,2024,Adelaide Hills Hawks,Under 16 JPL B; U16 Carl's Junior Boys Cup; State League 2 Under 18's,23,17,1610,7,5,1,0,0,false
vdWvn1OyKO,2025,Adelaide Croatia Raiders; Adelaide Hills Hawks,Under 18's; Federation Cup U18's; HPG Homes State League 2 South - Under 18's; HPG Homes State League 2 South - Reserves; HPG Homes State League 2 (18s) Final Series,30,16,1624,5,4,1,0,0,false
vdWvn1OyKO,2026,Adelaide Hills Hawks,Federation Cup Reserves; HPG Homes State League 2 South - Reserves,17,13,1560,3,4,0,0,0,false
vdWvq2vnKO,2023,Cumberland United,Under 15 Trials; Under 17 Trials; Under 15's JPL A; U15 Carl's Junior Boys Cup; Under 15's JSL A; U17 Carl's Junior Boys Cup,20,17,1350,1,0,0,0,4,true
vdWvq2vnKO,2024,Cumberland United,Under 17 JPL A; U17 Carl's Junior Boys Cup; State League 1 Under 18's,20,19,1700,0,0,0,0,1,true
vdWvq2vnKO,2025,Western Strikers,Reserves; Under 18's; HPG Homes State League 2 South - Reserves; Federation Cup U18's; HPG Homes State League 2 South - Under 18's,22,10,930,0,0,0,0,2,true
vdWvq2vnKO,2026,Western Strikers,Federation Cup U18's; HPG Homes State League 2 South - Under 18's; HPG Homes State League 2 South - Reserves; HPG Homes State League 2 (18s) Final Series,14,14,1680,0,0,0,0,1,true
vdWvqLxBKO,2025,Campbelltown City,RAA NPL; RAA NPL Reserves; Australia Cup SA Preliminary Rounds; Federation Cup Reserves,1,1,90,0,0,0,0,0,true
vdWvqLxBKO,2026,Modbury Jets,Federation Cup Reserves; Hahn Australia Cup SA Preliminary Rounds; HPG Homes State League 1 Reserves; HPG Homes State League 1; Senior Men's Trials,24,24,2880,0,0,0,0,6,true
vmZ88wyMKq,2023,Barossa United,Under 13's JSL C; U13 Carl's Junior Boys Cup,19,14,1110,0,0,0,0,0,false
vmZ88wyMKq,2024,Barossa United,Under 14 JSL C; U14 Carl's Junior Boys Cup,16,12,950,0,0,0,0,0,false
vmZ88wyMKq,2025,Barossa United,Nova Under 15's YSL C Mixed; U15 Carl's Jr. Youth State Cup,20,20,1900,0,1,0,0,0,false
vmZ88wyMKq,2026,Barossa United,Federation Cup U18's; HPG Homes State League 2 North - Under 18's,16,10,900,1,0,0,0,0,false
vmZ89MzRKq,2023,Modbury Jets,Under 14's JSL C; U14 Carl's Junior Boys Cup,19,19,1510,0,0,0,0,8,true
vmZ89MzRKq,2024,Para Hills Knights,Under 15 JSL A; Under 15 JPL B; Under 17 JPL B; U15 Carl's Junior Boys Cup; U16 Carl's Junior Boys Cup; Under 16 JPL A,24,24,2130,0,0,0,0,0,true
vmZ89MzRKq,2025,Para Hills Knights,Under 16 Trials; Under 17 Trials; Nova Under 16's YPL B Mixed; U16 Carl's Jr. Youth Premier Cup,23,23,2115,0,2,0,0,4,true
vmZ89MzRKq,2026,Fulham United,HPG Homes State League 1 Under 18's; Federation Cup U18's; HPG Homes State League 1 Reserves,9,3,360,1,0,0,0,0,true
vmZ8lGYbKq,2023,Seaford Rangers,State League 2 Under 18's; State League 2 Reserves; Federation Cup U18's; U18 Trial Matches; 23 Reserves Trial Matches,28,25,2730,0,4,0,0,0,false
vmZ8lGYbKq,2024,Seaford Rangers,U18 Trial Matches; Federation Cup U18's; State League 2 Under 18's; State League 2 Reserves,30,15,1471,9,3,0,0,0,false
vmZ8lGYbKq,2025,Seaford Rangers,Senior Men's Trials; Reserves; HPG Homes State League 2 South - Reserves; Federation Cup Reserves,24,17,1803,2,3,0,0,0,false
vmZ8lGYbKq,2026,Seaford Rangers,Federation Cup Reserves; HPG Homes State League 2 South - Reserves,12,10,1019,1,1,1,0,0,false
vmZ8w0L0Kq,2023,Adelaide Atletico,Under 14's JSL C; U14 Carl's Junior Boys Cup; Under 16's JSL B,23,21,1670,16,0,0,0,0,false
vmZ8w0L0Kq,2024,Adelaide Atletico,Under 15 JSL B; U15 Carl's Junior Boys Cup; Under 17 JPL C,24,21,1875,17,1,0,0,0,false
vmZ8w0L0Kq,2025,Adelaide Atletico VSC,Nova Under 16's YPL C Mixed; Nova Under 17's YPL B Mixed; HPG Homes State League 2 North - Under 18's; U16 Carl's Jr. Youth Premier Cup,39,30,2785,19,1,0,0,0,true
vmZ8w0L0Kq,2026,Adelaide Atletico VSC,HPG Homes State League 1 Under 18's; Federation Cup U18's; HPG Homes State League 1 Reserves,27,22,2826,3,0,0,0,0,false
vmZ923pGdq,2023,Adelaide Croatia Raiders,State League 1 Under 18's; Federation Cup U18's; Under 17's JPL A,25,17,1980,4,1,0,0,0,false
vmZ923pGdq,2024,MetroStars,U18 Trial Matches; RAA NPL Under 18's; Federation Cup U18's,27,17,1530,1,0,0,0,0,false
vmZ923pGdq,2025,Modbury Jets,RAA NPL Reserves; Federation Cup Reserves; RAA NPL,22,21,1848,1,1,0,0,0,false
vmZ923pGdq,2026,Modbury Jets,HPG Homes State League 1 Reserves; Hahn Australia Cup SA Preliminary Rounds,7,6,720,0,0,1,0,0,false
vmZ92ZO0dq,2023,Salisbury United; Northern Demons,State League 2 Reserves,9,7,658,2,1,0,0,0,false
vmZ92ZO0dq,2024,Mount Barker United; Pontian Eagles,Reserves Trial Matches; Federation Cup Reserves; State League 2 Reserves; State League 2,21,17,1407,2,0,0,0,0,false
vmZ92ZO0dq,2025,Elizabeth Grove,Reserves; Senior Men's Trials; HPG Homes State League 2 North - Reserves; HPG Homes State League 2 North; Federation Cup Reserves,5,3,315,0,0,0,0,0,false
vmZ92ZO0dq,2026,Angle Vale,HPG Homes State League 2 North - Reserves; HPG Homes State League 2 North,14,11,898,9,1,0,0,0,false
vmZ9DMvRdq,2023,Adelaide Cobras,State League 1 Reserves; Federation Cup Reserves,18,10,1270,3,0,0,0,0,false
vmZ9DMvRdq,2024,Fulham United,Reserves Trial Matches; State League 1 Reserves; Federation Cup Reserves; State League 1,27,19,1440,3,0,0,0,0,false
vmZ9DMvRdq,2025,Fulham United,Reserves; HPG Homes State League 1 Reserves; Federation Cup Reserves,25,22,1957,3,0,0,0,0,false
vmZ9DMvRdq,2026,Adelaide University,Senior Men's Trials; Reserves; HPG Homes State League 2 South - Reserves; Hahn Australia Cup SA Preliminary Rounds; HPG Homes State League 2 South,18,16,1756,1,0,0,0,0,false
vmZ9OxvDdq,2023,Adelaide Comets,Under 14's JSL A; U14 Carl's Junior Boys Cup; Under 14's JPL A,25,15,1170,12,2,0,0,0,false
vmZ9OxvDdq,2024,Adelaide Comets,Under 15 Trials; Under 15 JPL A; U15 Carl's Junior Boys Cup; Under 15 JSL A,32,25,2220,5,0,0,0,0,false
vmZ9OxvDdq,2025,WT Birkalla,Nova Under 16's YPL A Mixed; U16 Carl's Jr. Youth Premier Cup; RAA NPL Under 18's,25,17,1585,3,2,0,0,0,false
vmZ9OxvDdq,2026,Port Adelaide,Federation Cup U18's; Under 18's; HPG Homes State League 2 North - Under 18's; HPG Homes State League 2 (18s) Final Series,15,14,1350,8,1,0,0,0,false
vmZ9QX1Ddq,2023,Seaford Rangers,Australia Cup SA Preliminary Rounds; State League 2,24,24,521,1,7,0,0,0,false
vmZ9QX1Ddq,2024,Cove FC,Senior Men's Trial Matches; Australia Cup SA Preliminary Rounds; State League 2; State League 2 Reserves,7,6,468,0,2,0,0,0,false
vmZ9QX1Ddq,2025,Cove FC,Senior Men's Trials; HPG Homes State League 1; Australia Cup SA Preliminary Rounds; HPG Homes State League 1 Reserves,23,12,1255,1,5,0,0,0,false
vmZ9QX1Ddq,2026,Seaford Rangers,Hahn Australia Cup SA Preliminary Rounds; Senior Men's Trials; HPG Homes State League 2 South; HPG Homes State League 2 (Seniors) Finals Series,18,15,1855,0,5,0,0,0,false
vmZ9gkjRdq,2026,Angle Vale,Hahn Australia Cup SA Preliminary Rounds; Senior Men's Trials; HPG Homes State League 2 North,21,21,1907,0,0,0,0,0,false
vmZ9jE6Jdq,2023,Adelaide Croatia Raiders,Under 13's JPL A; U13 Carl's Junior Boys Cup; Under 14's JSL A,25,25,1980,0,0,0,0,3,true
vmZ9jE6Jdq,2026,Modbury Jets,Federation Cup U18's; Under 16's YSL Mixed; HPG Homes State League 1 Under 18's; U16 Carl's Jr. Youth Premier Cup; Nova Under 16's YPL B Mixed; HPG Homes State League 1 Reserves,36,23,2210,2,4,1,0,4,true
vmZ9k8rBdq,2023,Western Strikers,Australia Cup SA Preliminary Rounds; State League 2,25,18,790,0,7,0,0,0,false
vmZ9k8rBdq,2024,Western Strikers,Australia Cup SA Preliminary Rounds; State League 1,22,21,1956,2,5,0,0,0,false
vmZ9k8rBdq,2025,Western Strikers,Senior Men's Trials; HPG Homes State League 2 South; Australia Cup SA Preliminary Rounds; HPG Homes State League 2 (Seniors) Final Series,20,17,1510,0,2,0,0,0,false
vmZ9k8rBdq,2026,Western Strikers,Hahn Australia Cup SA Preliminary Rounds; HPG Homes State League 2 South,18,18,1828,1,3,1,0,0,false
vmZ9qP8Jdq,2023,Gawler Eagles,Under 16 Trials; Under 17's JPL C; State League 2 Under 18's; Under 16's JPL B; U17 Carl's Junior Boys Cup; U18 Trial Matches,32,17,1460,4,1,0,0,0,false
vmZ9qP8Jdq,2024,Gawler Eagles,U18 Trial Matches; State League 2 Under 18's; Federation Cup U18's; State League 2 Reserves,29,23,1759,1,1,0,0,0,false
vmZ9qP8Jdq,2025,Gawler Eagles,HPG Homes State League 2 North - Under 18's; Federation Cup U18's; HPG Homes State League 2 North - Reserves; HPG Homes State League 2 (18s) Final Series,24,23,2220,1,6,1,0,0,false
vmZ9qP8Jdq,2026,Gawler Eagles,Federation Cup Reserves; Reserves; HPG Homes State League 2 North - Reserves,7,2,254,0,0,0,0,0,false
vmZ9qPDldq,2023,Adelaide Blue Eagles,State League 1 Under 18's; State League 1 Reserves; Federation Cup Reserves; 23 Senior Men's Trial Matches,34,25,3018,3,3,0,0,0,false
vmZ9qPDldq,2024,Adelaide Blue Eagles,Reserves Trial Matches; State League 1 Reserves; Federation Cup Reserves,13,10,913,0,1,0,0,0,false
vmZ9qPDldq,2025,Adelaide Blue Eagles,HPG Homes State League 1 Reserves; Federation Cup Reserves,24,21,1987,1,3,0,0,0,false
vmZ9qPDldq,2026,Salisbury United,HPG Homes State League 1 Reserves; Hahn Australia Cup SA Preliminary Rounds; HPG Homes State League 1,22,17,2254,2,0,0,0,0,false
vmZpB6jQMK,2026,Adelaide Titans Football Club,Federation Cup U18's; HPG Homes State League 2 South - Under 18's,14,2,240,0,1,0,0,0,false
vmZpB71jbK,2026,Modbury Jets,Hahn Australia Cup SA Preliminary Rounds; HPG Homes State League 1; HPG Homes State League 1 Reserves; Senior Men's Trials,24,19,1824,0,2,2,0,0,false
vmZpBajD2K,2026,Adelaide Croatia Raiders,Hahn Australia Cup SA Preliminary Rounds; HPG Homes State League 1; HPG Homes State League 1 Reserves,23,15,1922,1,2,0,0,0,false
vmZpV12kGK,2023,Adelaide Hills Hawks,Under 16's JPL B; State League 2 Under 18's; U16 Carl's Junior Boys Cup; U18 Trial Matches,24,19,1610,4,0,0,0,0,false
vmZpV12kGK,2024,Adelaide Hills Hawks,Reserves Trial Matches; U18 Trial Matches; Federation Cup U18's; State League 2 Under 18's; State League 2 Reserves,30,23,2072,5,0,0,0,0,false
vmZpV12kGK,2025,Adelaide Hills Hawks,Reserves; Senior Men's Trials; Federation Cup Reserves; HPG Homes State League 2 South - Reserves; HPG Homes State League 2 South - Under 18's; HPG Homes State League 2 South,24,21,1876,3,2,0,0,0,false
vmZpV12kGK,2026,Adelaide Hills Hawks,HPG Homes State League 2 South - Reserves; Federation Cup Reserves; HPG Homes State League 2 South,22,19,2239,0,1,0,0,0,false
vmZpVGY3LK,2026,Ghan United,Federation Cup Reserves; HPG Homes State League 2 South - Reserves,5,1,247,0,0,0,0,0,true
vmZpVJBDJK,2026,Cumberland United,HPG Homes State League 1 Reserves; HPG Homes State League 1 Under 18's,26,25,3000,0,0,0,0,5,true
vmZpVJVX0K,2024,Playford City,U18 Trial Matches; State League 1 Under 18's; Federation Cup U18's; State League 1 Reserves,31,22,2384,23,6,2,0,0,false
vmZpVJVX0K,2025,Playford City,Reserves; RAA NPL Reserves; Federation Cup Reserves,23,23,2000,11,7,1,0,0,false
vmZpVJVX0K,2026,Elizabeth Grove,Hahn Australia Cup SA Preliminary Rounds; Senior Men's Trials; HPG Homes State League 2 North,19,19,1623,3,8,0,0,0,false
vmZpVQE2BK,2026,Pontian Eagles,Federation Cup U18's; HPG Homes State League 2 North - Under 18's,16,9,810,1,0,0,0,0,false
vmZpVVEnBK,2026,Elizabeth Downs Soccer Club,Hahn Australia Cup SA Preliminary Rounds; Senior Men's Trials; HPG Homes State League 2 North; HPG Homes State League 2 North - Reserves; HPG Homes State League 2 (Seniors) Finals Series,22,15,1439,1,1,1,0,0,false
vmZpVVgwDK,2026,Adelaide Atletico VSC,HPG Homes State League 1 Reserves; Federation Cup Reserves,19,4,1174,4,2,1,0,0,false
vmZpVVjn2K,2026,Adelaide Atletico VSC,Hahn Australia Cup SA Preliminary Rounds; HPG Homes State League 1; HPG Homes State League 1 Reserves,22,7,1255,1,1,0,0,0,false
vmZpVe6GDK,2026,Salisbury United,HPG Homes State League 1 Under 18's; Under 17 Trials - No Match Officials; Under 17's B Mixed; Federation Cup U18's,24,9,900,19,3,0,0,0,false
vmZpVlXLlK,2023,Modbury Jets,Under 14's JPL B; Under 14's JSL C; U14 Carl's Junior Boys Cup,23,21,1800,0,1,0,0,0,false
vmZpVlXLlK,2024,Modbury Jets,Under 15 Trials - No Match Officials; Under 15 JPL B; U15 Carl's Junior Boys Cup; Under 15 JSL A,22,22,1955,1,2,0,0,0,false
vmZpVlXLlK,2025,Modbury Jets,RAA NPL Under 18's; RAA NPL Reserves; Federation Cup U18's; Nova Under 17's YPL A Mixed,24,19,1715,0,4,0,0,0,false
vmZpVlXLlK,2026,Modbury Jets,Federation Cup U18's; HPG Homes State League 1 Under 18's; HPG Homes State League 1 Reserves,27,23,2858,0,2,0,0,0,false
vmZpVpp6bK,2026,Adelaide University,Federation Cup U18's; Under 18's; Reserves; HPG Homes State League 2 South - Under 18's; HPG Homes State League 2 South - Reserves,26,19,2514,6,2,0,0,0,false
vmZpVvx6JK,2023,Adelaide Croatia Raiders,Under 15's JPL A; U15 Carl's Junior Boys Cup; Under 17's JPL A,25,23,2050,0,0,0,0,0,false
vmZpVvx6JK,2024,Adelaide Croatia Raiders,Under 16 Trials; Under 16 JPL A; U16 Carl's Junior Boys Cup,25,7,540,2,0,0,0,0,false
vmZpVvx6JK,2025,West Adelaide,Nova Under 17's YPL A Mixed; U17 Carl's Jr. Youth Premier Cup,15,13,1220,3,0,0,0,0,false
vmZpVvx6JK,2026,Salisbury Inter,Federation Cup U18's; Federation Cup Reserves; HPG Homes State League 2 North - Under 18's; HPG Homes State League 2 North - Reserves; HPG Homes State League 2 (18s) Final Series,30,23,2360,0,3,0,0,0,false
vmZpVxY4bK,2026,Angle Vale,Federation Cup Reserves; Reserves; HPG Homes State League 2 North - Reserves,16,4,480,0,1,0,0,0,false
vmZpVxb4DK,2026,Ghan United,Federation Cup U18's; HPG Homes State League 2 South - Under 18's,17,9,1080,0,3,1,0,0,false
vmZpVzykLK,2023,Port Adelaide,Under 13's JSL C; U13 Carl's Junior Boys Cup,18,18,1430,8,0,0,0,0,false
vmZpVzykLK,2024,Port Adelaide,Under 14 Trials - No Match Officials; Under 14 JSL C; U14 Carl's Junior Boys Cup; Under 14 JPL B,22,19,1515,1,0,0,0,0,false
vmZpVzykLK,2025,Port Adelaide,Under 15 Trials; Nova Under 15's YPL B Mixed; U15 Carl's Jr. Youth Premier Cup; Nova Under 16's YPL B Mixed,29,3,270,6,0,0,0,0,false
vmZpVzykLK,2026,Port Adelaide,Federation Cup U18's; Nova Under 16's YPL B Mixed; HPG Homes State League 2 North - Under 18's,31,16,1540,3,0,0,0,0,false
vmZpVzyoJK,2026,Gawler Eagles,Reserves; HPG Homes State League 2 North - Reserves; Federation Cup Reserves,16,10,987,1,0,0,0,0,false
vmZpYDjg2K,2026,Mount Barker United,Federation Cup Reserves; Reserves; HPG Homes State League 2 South - Reserves; HPG Homes State League 2 South,18,5,1084,4,2,0,0,0,false
vmZpbBRz2K,2025,,,0,0,0,0,0,0,0,0,false
vmZpbBRz2K,2026,Adelaide Olympic,Hahn Australia Cup SA Preliminary Rounds; HPG Homes State League 1,4,4,346,0,2,0,0,0,false
vmZpbL0lBK,2025,Croydon FC,RAA NPL Reserves; Australia Cup SA Preliminary Rounds; RAA NPL,22,22,1780,0,2,0,0,0,false
vmZpbL0lBK,2026,Croydon FC; Adelaide Croatia Raiders,Hahn Australia Cup SA Preliminary Rounds; RAA NPL; RAA NPL Reserves; HPG Homes State League 1,16,15,1245,0,2,0,0,0,false
vmZpbL93DK,2025,Fulham United,Reserves; HPG Homes State League 1 Reserves; Federation Cup Reserves,20,6,622,1,0,0,0,0,false
vmZpbL93DK,2026,Adelaide Blue Eagles,HPG Homes State League 1 Reserves,22,17,2168,4,0,0,0,0,false
vmZpbLa0bK,2025,Salisbury Inter,Senior Men's Trials; HPG Homes State League 2 North; Australia Cup SA Preliminary Rounds; HPG Homes State League 2 (Seniors) Final Series,26,19,1683,9,4,0,0,0,false
vmZpbLa0bK,2026,Salisbury Inter,Hahn Australia Cup SA Preliminary Rounds; Senior Men's Trials; HPG Homes State League 2 North; HPG Homes State League 2 (Seniors) Finals Series,20,17,1422,9,6,1,0,0,false
vmZpbXplMK,2025,Elizabeth Grove,Nova Under 14's YPL C Mixed; U14 Carl's Jr. Youth Premier Cup,24,22,1855,0,0,0,0,0,false
vmZpbXplMK,2026,Elizabeth Grove,Nova Under 15's YPL C  North Mixed; HPG Homes State League 2 North - Under 18's; U15 Carl's Jr. Youth Premier Cup; Nova Under 16's YPL C North Mixed; Nova Under 15's YPL C Mixed Finals Series,20,18,1705,2,4,0,0,0,false
vmZpbl2G2K,2023,Modbury Vista,Under 15's JPL B; U15 Carl's Junior Boys Cup; Under 16's JPL B; U15 JPL B - Bottom Half,18,12,1080,0,0,0,0,0,false
vmZpbl2G2K,2024,Gawler Eagles; Salisbury Inter,U18 Trial Matches; Under 16 JSL B; U16 Carl's Junior Boys Cup,24,21,1520,7,1,0,0,0,false
vmZpbl2G2K,2025,Salisbury Inter,Under 18's; HPG Homes State League 2 North - Under 18's; Federation Cup U18's; HPG Homes State League 2 North - Reserves,23,20,1845,2,2,0,0,0,false
vmZpbl2G2K,2026,Salisbury Inter,Federation Cup U18's; HPG Homes State League 2 North - Under 18's; Federation Cup Reserves; HPG Homes State League 2 North - Reserves; HPG Homes State League 2 (18s) Final Series,27,23,2357,6,3,0,0,0,false
vmZpblRQMK,2023,Gawler Eagles,U14 Carl's Junior Boys Cup; Under 14's JPL C; Under 16's JPL B,16,15,1310,8,0,0,0,0,false
vmZpblRQMK,2025,Gawler Eagles,Under 18's; Under 16 Trials; HPG Homes State League 2 North - Under 18's; Federation Cup U18's; Nova Under 16's YPL C Mixed; HPG Homes State League 2 (18s) Final Series,26,19,1735,4,6,0,0,0,false
vmZpblRQMK,2026,Gawler Eagles,Federation Cup U18's; Under 18's; Reserves; HPG Homes State League 2 North - Under 18's,17,12,1110,4,4,1,0,0,false
vmZpbw0bbK,2025,Para Hills Knights,Under 15 Trials; Nova Under 15's YPL B Mixed; U15 Carl's Jr. Youth Premier Cup; Nova Under 16's YPL B Mixed,24,20,1855,0,0,0,0,0,false
vmZpbw0bbK,2026,Adelaide Titans Football Club,U16 Carl's Jr. Youth Premier Cup; Nova Under 16's YPL C South Mixed; HPG Homes State League 2 South - Under 18's,24,19,1830,0,2,0,0,0,false
vmZpbzqQbK,2023,Adelaide Comets,RAA NPL Reserves; Australia Cup SA Preliminary Rounds; RAA NPL,25,18,1648,16,1,0,0,0,false
vmZpbzqQbK,2024,Adelaide Comets,Reserves Trial Matches; RAA NPL; Australia Cup SA Preliminary Rounds; RAA NPL Reserves,22,10,923,10,0,0,0,0,false
vmZpbzqQbK,2025,Fulham United,HPG Homes State League 1; Australia Cup SA Preliminary Rounds,25,25,2218,13,2,0,0,0,false
vmZpbzqQbK,2026,Fulham United,Hahn Australia Cup SA Preliminary Rounds; HPG Homes State League 1; Senior Men's Trials,14,12,1271,10,1,0,0,0,false
vmZv2WaDBm,2024,Salisbury United,Under 17 JPL C; U17 Carl's Junior Boys Cup; Under 17 JPL B,22,15,1330,18,3,1,0,0,false
vmZv2WaDBm,2025,Salisbury Inter,Under 18's; HPG Homes State League 2 North - Under 18's; Federation Cup U18's; HPG Homes State League 2 North - Reserves,21,12,1136,1,3,0,0,0,false
vmZv2WaDBm,2026,Salisbury United,HPG Homes State League 1 Reserves; Federation Cup Reserves,15,5,1019,0,0,0,0,0,false
vmZvoP7jRm,2023,,,0,0,0,0,0,0,0,0,false
vmZvoP7jRm,2024,WT Birkalla,Reserves Trial Matches; State League 1 Reserves,16,6,548,2,1,0,0,0,false
vmZvoP7jRm,2025,Adelaide Titans Football Club,HPG Homes State League 2 South; Australia Cup SA Preliminary Rounds,22,21,1877,2,2,0,0,0,false
vmZvoP7jRm,2026,Adelaide Titans Football Club,Senior Men's Trials; HPG Homes State League 2 South,6,4,587,0,1,0,0,0,false
vmZvoPLE0m,2023,Cove FC,State League 2 Reserves; State League 2,3,3,286,0,0,0,0,1,true
vmZvoPLE0m,2024,Noarlunga United,Senior Men's Trial Matches; Australia Cup SA Preliminary Rounds; State League 2,20,19,1622,0,0,0,0,6,true
vmZvoPLE0m,2025,Noarlunga United,HPG Homes State League 2 South; Australia Cup SA Preliminary Rounds,17,15,1352,0,0,0,0,0,true
vmZvoPLE0m,2026,Noarlunga United,Hahn Australia Cup SA Preliminary Rounds; HPG Homes State League 2 South,1,1,120,0,0,0,0,0,true
wNl42OB46N,2026,Modbury Jets,HPG Homes State League 1 Reserves; Federation Cup Reserves; HPG Homes State League 1; Senior Men's Trials,26,26,2763,2,2,0,0,0,false
wNl42OEBrN,2026,Ghan United,Federation Cup U18's; Under 16's YSL Mixed; HPG Homes State League 2 South - Under 18's; HPG Homes State League 2 South - Reserves; Under 16 YSL Mixed Top Half,29,20,2199,12,5,1,0,0,false
wNl4V2DR5N,2025,South Adelaide,HPG Homes State League 1; Australia Cup SA Preliminary Rounds,18,16,1436,0,1,0,0,0,false
wNl4V2DR5N,2026,South Adelaide,HPG Homes State League 1,13,12,1432,2,0,0,0,0,false
wNl4V3XlZN,2025,Seaford Rangers,Senior Men's Trials; HPG Homes State League 2 South; Australia Cup SA Preliminary Rounds,19,18,1594,0,6,1,0,0,false
wNl4V3XlZN,2026,Seaford Rangers,Hahn Australia Cup SA Preliminary Rounds; HPG Homes State League 2 South,2,2,240,2,0,0,0,0,false
wNl4V6loYN,2025,Salisbury Inter,Nova Under 16's YSL A Mixed; Nova Under 17's YPL B Mixed; U17 Carl's Jr. Youth Premier Cup; HPG Homes State League 2 North - Under 18's; Under 16 YSL Bottom Half,21,18,1690,2,0,0,0,0,false
wNl4V6loYN,2026,Salisbury Inter,Federation Cup U18's; HPG Homes State League 2 North - Under 18's; HPG Homes State League 2 (18s) Final Series,23,19,1830,0,1,0,0,0,false
wNl4V7OLDN,2025,FK Beograd,Reserves; Senior Men's Trials; Australia Cup SA Preliminary Rounds; RAA NPL Reserves; RAA NPL,23,12,1085,6,4,0,0,0,false
wNl4V7OLDN,2026,Fulham United,Hahn Australia Cup SA Preliminary Rounds; HPG Homes State League 1,13,8,945,5,1,1,0,0,false
wNl4V9BEMN,2025,Mount Barker United,HPG Homes State League 2 South - Reserves; Federation Cup U18's; HPG Homes State League 2 South - Under 18's,19,19,1740,4,4,0,0,0,false
wNl4V9BEMN,2026,Mount Barker United,Federation Cup U18's; Under 18's; Reserves; HPG Homes State League 2 South - Under 18's; Federation Cup Reserves; HPG Homes State League 2 South - Reserves,22,16,2065,3,8,1,0,0,false
wNl4V9jGYN,2025,South Adelaide,Nova Under 15's YPL A Mixed; U15 Carl's Jr. Youth Premier Cup; Nova Under 16's YPL A Mixed,25,12,1140,6,0,0,0,0,false
wNl4V9jGYN,2026,Adelaide Cobras,Under 16 Trials - No Match Officials; Nova Under 16's YPL A Mixed; U16 Carl's Jr. Youth Premier Cup; HPG Homes State League 1 Under 18's,30,20,1905,9,1,0,0,0,false
wNl4VEvjZN,2025,Gawler Eagles,Reserves; HPG Homes State League 2 North - Reserves,18,13,1130,5,9,0,0,0,false
wNl4VEvjZN,2026,Gawler Eagles,Federation Cup Reserves; Reserves; HPG Homes State League 2 North - Reserves,10,2,396,1,2,2,0,0,false
wNl4VJGRAN,2025,Playford City,Under 17 Trials; RAA NPL Under 18's,1,0,80,0,0,0,0,0,false
wNl4VJGRAN,2026,Angle Vale,Federation Cup U18's; Reserves; HPG Homes State League 2 North - Under 18's; HPG Homes State League 2 North - Reserves,13,13,1200,2,0,0,0,0,false
wNl4VZnDeN,2025,Angle Vale,Nova Under 13's YSL D Mixed; U13 Carl's Jr. Youth State Cup,18,13,965,34,0,0,0,0,false
wNl4VZnDeN,2026,Angle Vale,Under 14 Trials; Nova Under 14's YPL C North Mixed; U14 Carl's Jr. Youth Premier Cup; Nova Under 15's YPL C  North Mixed; HPG Homes State League 2 North - Under 18's; Nova Under 16's YPL C North Mixed,24,13,1080,16,0,0,0,0,false
wNl4Vxv7ZN,2025,Northern Demons,HPG Homes State League 2 North; Australia Cup SA Preliminary Rounds,22,17,1304,4,4,0,0,0,false
wNl4Vxv7ZN,2026,Northern Demons,Hahn Australia Cup SA Preliminary Rounds; HPG Homes State League 2 North,16,15,1215,0,1,0,0,0,false
wNl4r1VR8N,2026,Eastern United,Federation Cup U18's; HPG Homes State League 1 Under 18's,2,0,0,0,0,0,0,0,false
wNl4r1wA5N,2026,Modbury Jets,Under 16 Trials - No Match Officials; Nova Under 16's YPL B Mixed; HPG Homes State League 1 Under 18's,19,5,475,1,1,0,0,0,false
wNl4r3BY8N,2026,Northern Demons,HPG Homes State League 2 North,13,12,1072,0,6,1,0,0,false
wNl4r4WRYN,2026,Adelaide University,Under 16 Trials; Under 18's; Nova Under 16's YPL C South Mixed; HPG Homes State League 2 South - Under 18's; U16 Carl's Jr. Youth Premier Cup,30,18,1820,2,0,0,0,0,false
wNl4r5By6N,2026,Gawler Eagles,Federation Cup U18's; Under 18's; HPG Homes State League 2 North - Under 18's,15,11,1020,0,0,0,0,0,false
wNl4r6VBeN,2026,Adelaide Titans Football Club; Eastern United,U16 Carl's Jr. Youth Premier Cup; HPG Homes State League 2 South - Under 18's; Nova Under 16's YPL C South Mixed; HPG Homes State League 1 Under 18's,14,14,1630,5,1,0,0,0,false
wNl4r97jZN,2026,Adelaide Titans Football Club,HPG Homes State League 2 South - Reserves,16,14,1533,0,2,0,0,0,false
wNl4rMe4ZN,2026,Adelaide Cobras,HPG Homes State League 1 Under 18's; Federation Cup U18's; Federation Cup Reserves; HPG Homes State League 1 Reserves,16,10,1314,0,1,0,0,0,false
wNl4rQ6GAN,2023,West Adelaide,RAA NPL Under 18's; Federation Cup U18's; RAA NPL Reserves; Under 17's JPL B,24,22,2610,0,0,0,0,0,false
wNl4rQ6GAN,2024,West Adelaide; Adelaide Comets,Reserves Trial Matches; State League 1 Reserves; Federation Cup Reserves; RAA NPL Under 18's; Federation Cup U18's; RAA NPL Reserves,18,11,1103,0,2,0,0,0,false
wNl4rQ6GAN,2025,Adelaide Blue Eagles,HPG Homes State League 1 Reserves; Federation Cup Reserves; HPG Homes State League 1,21,20,1666,5,0,0,0,0,false
wNl4rQ6GAN,2026,Adelaide Blue Eagles,HPG Homes State League 1 Reserves; HPG Homes State League 1,21,16,1728,1,0,1,0,0,false
wNl4rQ75eN,2026,Angle Vale,Under 14 Trials; Nova Under 14's YPL C North Mixed; U14 Carl's Jr. Youth Premier Cup; Nova Under 15's YPL C  North Mixed; HPG Homes State League 2 North - Under 18's; Nova Under 16's YPL C North Mixed,27,19,1585,0,3,0,0,0,false
wNl4rQ7PYN,2026,Para Hills Knights; Ghan United,RAA NPL; HPG Homes State League 2 South; HPG Homes State League 2 (Seniors) Finals Series,10,9,1087,0,0,0,0,0,false
wNl4rQ7brN,2026,Vipers FC,Senior Men's Trials; HPG Homes State League 2 South; Federation Cup Reserves; HPG Homes State League 2 (Seniors) Finals Series,21,21,2296,2,3,0,0,0,false
wNl4rQ7jAN,2026,Pontian Eagles,Federation Cup U18's; HPG Homes State League 2 North - Under 18's,16,9,840,15,4,0,0,0,false
wNl4rQVq5N,2026,Port Adelaide,Hahn Australia Cup SA Preliminary Rounds; Senior Men's Trials; HPG Homes State League 2 North,18,17,1570,0,3,0,0,0,false
wNl4rQwoYN,2026,Ghan United,Federation Cup Reserves; HPG Homes State League 2 South - Reserves,11,7,884,0,0,0,0,0,false
wNl4rXo2QN,2023,Plympton FC,Under 16's JSL B; U16 Carl's Junior Boys Cup,22,22,1970,0,2,0,0,0,false
wNl4rXo2QN,2024,Plympton FC,Under 17 JPL C; U17 Carl's Junior Boys Cup,19,19,1690,0,1,1,0,0,false
wNl4rXo2QN,2026,Plympton FC,Federation Cup U18's; HPG Homes State League 2 South - Under 18's; HPG Homes State League 2 South - Reserves,22,13,1717,1,1,0,0,0,false
wNl4razwDN,2026,Adelaide Olympic,HPG Homes State League 1 Reserves; Federation Cup Reserves,25,24,2473,4,3,0,0,0,false
wNl4rjovQN,2026,Adelaide Croatia Raiders,HPG Homes State League 1 Reserves; Federation Cup Reserves; HPG Homes State League 1,22,22,2274,6,2,0,0,0,false
wNl4rrz0eN,2023,Adelaide Croatia Raiders,Under 14's JPL A; U14 Carl's Junior Boys Cup,22,11,990,0,2,0,0,0,false
wNl4rrz0eN,2024,Modbury Jets,Under 15 Trials - No Match Officials; Under 15 JSL A; Under 15 JPL B; Under 16 JPL A; U15 Carl's Junior Boys Cup; Under 17 JPL B,26,24,2135,1,2,0,0,0,false
wNl4rrz0eN,2025,Pontian Eagles,HPG Homes State League 1 Under 18's,1,0,0,0,0,0,0,0,false
wNl4rrz0eN,2026,Pontian Eagles,Federation Cup U18's; HPG Homes State League 2 North - Under 18's; HPG Homes State League 2 North - Reserves,18,18,1650,0,1,0,0,0,false
wNl4rrzpMN,2026,Adelaide Atletico VSC,Hahn Australia Cup SA Preliminary Rounds; HPG Homes State League 1; HPG Homes State League 1 Reserves,7,4,413,0,0,0,0,0,false
wNlA4arrKj,2023,Para Hills Knights,Under 15's JSL B; U15 Carl's Junior Boys Cup; Under 15's JSL A; Under 15's JPL A,26,17,1520,1,3,0,0,0,false
wNlA4arrKj,2024,Salisbury United,Under 17 JPL C; Under 17 JPL B; U17 Carl's Junior Boys Cup,20,16,1430,2,3,0,0,0,false
wNlA4arrKj,2025,Salisbury United,HPG Homes State League 1 Under 18's; Nova Under 16's YPL C Mixed; U16 Carl's Jr. Youth Premier Cup,27,20,1855,3,7,0,0,0,false
wNlA4arrKj,2026,Salisbury United,HPG Homes State League 1 Under 18's; HPG Homes State League 1 Reserves; Federation Cup Reserves; Under 17's B Mixed,32,20,2433,2,5,1,0,0,false
wNlWDQ9emj,2023,Adelaide Comets,Under 14's JSL A; U14 Carl's Junior Boys Cup,18,17,1350,2,0,0,0,0,false
wNlWDQ9emj,2024,WT Birkalla,Under 15 Trials - No Match Officials; Under 15 JPL B; U15 Carl's Junior Boys Cup,17,12,1060,0,0,0,0,0,false
wNlWDQ9emj,2025,WT Birkalla,Under 16 Trials; Nova Under 16's YPL A Mixed; U16 Carl's Jr. Youth Premier Cup,21,14,1300,0,4,0,0,0,false
wNlWDQ9emj,2026,Plympton FC,Federation Cup U18's; HPG Homes State League 2 South - Under 18's; Under 17's A Mixed,17,10,1200,4,1,0,0,0,false
wNlWL4Y5mj,2023,Cumberland United,State League 1,1,1,120,0,0,0,0,0,false
wNlWL4Y5mj,2024,Cumberland United,State League 1,0,0,0,0,0,0,0,0,false
wNlWL4Y5mj,2025,Cumberland United,HPG Homes State League 1; Australia Cup SA Preliminary Rounds; HPG Homes State League 1 Reserves,16,16,1470,0,2,0,0,4,true
wNlWL4Y5mj,2026,Cumberland United; Playford City,Hahn Australia Cup SA Preliminary Rounds; HPG Homes State League 1; RAA NPL,13,13,1560,0,1,0,0,3,true
wNlWL4rrmj,2023,Eastern United,State League 1 Under 18's; State League 1 Reserves; Federation Cup U18's,8,7,915,0,1,1,0,0,false
wNlWL4rrmj,2025,Eastern United,HPG Homes State League 2 South - Reserves,6,5,285,0,1,0,0,0,false
wNlWL4rrmj,2026,,,0,0,0,0,0,0,0,0,false
wNlWMp28mj,2023,Plympton FC,Under 13's JSL B; U13 Carl's Junior Boys Cup,17,10,790,0,0,0,0,0,true
wNlWMp28mj,2024,Plympton FC,Under 14 JSL B; U14 Carl's Junior Boys Cup,19,15,1190,5,0,0,0,0,false
wNlWMp28mj,2025,Plympton FC,Under 15 Trials; Nova Under 16's YSL A Mixed; Nova Under 15's YSL B Mixed; U15 Carl's Jr. Youth State Cup,20,16,1505,5,1,0,0,0,false
wNlWMp28mj,2026,Plympton FC,Under 16 Trials; Under 17's A Mixed; U17 Carl's Jr. Youth Premier Cup; HPG Homes State League 2 South - Under 18's,22,17,1615,3,1,0,0,0,false
wNlWOLlZmj,2023,Cumberland United,Under 15 Trials; Under 15's JPL A; Under 16's JPL A; U16 Carl's Junior Boys Cup; U16 JPL A - Bottom Half; Under 17's JPL B,22,15,1250,1,3,0,0,0,false
wNlWOLlZmj,2024,Fulham United,U18 Trial Matches; Reserves Trial Matches; State League 1 Under 18's; Federation Cup U18's; State League 1 Reserves; Under 16 JPL B,30,23,1740,1,1,0,0,0,false
wNlWOLlZmj,2025,Fulham United,Under 18's; HPG Homes State League 1 Under 18's; HPG Homes State League 1 Reserves; Federation Cup U18's,24,22,2039,4,4,0,0,0,false
wNlWOLlZmj,2026,Fulham United,HPG Homes State League 1 Under 18's; HPG Homes State League 1 Reserves; Federation Cup Reserves,30,24,3010,5,4,0,0,0,false
wNlWOr68mj,2023,South Adelaide,RAA NPL Reserves; Federation Cup Reserves,21,20,2400,1,2,0,0,0,false
wNlWOr68mj,2026,South Adelaide,HPG Homes State League 1 Reserves; HPG Homes State League 1; Federation Cup Reserves,16,15,1766,1,0,0,0,0,false
wNlWzB65mj,2023,MetroStars,Under 15's JPL A; Under 17's JPL C; U15 Carl's Junior Boys Cup; U16 JPL A - Top Half,28,18,1590,4,0,0,0,0,false
wNlWzB65mj,2024,Modbury Jets,U18 Trial Matches; RAA NPL Under 18's; Federation Cup U18's; Under 17 JPL B,27,14,990,2,1,0,0,0,false
wNlWzB65mj,2025,Adelaide Atletico VSC,Under 18's; HPG Homes State League 2 North - Under 18's; Federation Cup U18's; Nova Under 17's YPL B Mixed,25,20,1865,6,1,0,0,0,false
wNlWzB65mj,2026,Adelaide Atletico VSC,HPG Homes State League 1 Under 18's; Federation Cup U18's,14,7,840,2,1,0,0,0,false
wNlWzO9Dmj,2023,Northern Demons,Under 14's JPL C; U14 Carl's Junior Boys Cup,16,8,720,0,0,0,0,0,false
wNlWzO9Dmj,2024,Northern Demons,Under 15 JPL C; U15 Carl's Junior Boys Cup,13,8,710,0,0,0,0,0,false
wNlWzO9Dmj,2025,Northern Demons,Nova Under 15's YSL C Mixed; U15 Carl's Jr. Youth State Cup,17,17,1615,1,0,0,0,0,true
wNlWzO9Dmj,2026,Northern Demons,HPG Homes State League 2 North - Under 18's,12,9,810,0,0,0,0,1,true
wNlX00GarN,2024,Para Hills Knights,Under 14 JPL C; Under 15 JSL A; U14 Carl's Junior Boys Cup,16,15,1190,0,1,0,0,2,true
wNlX00GarN,2025,Modbury Jets,Nova Under 15's YSL B Mixed; U15 Carl's Jr. Youth State Cup; Nova Under 17's YPL A Mixed; U17 Carl's Jr. Youth Premier Cup,30,29,2755,3,0,0,0,1,true
wNlX00GarN,2026,Modbury Jets,Under 16 Trials - No Match Officials; HPG Homes State League 1 Under 18's; Nova Under 16's YPL B Mixed; U16 Carl's Jr. Youth Premier Cup; Under 16's YSL Mixed; Under 16 YSL Mixed Top Half,21,18,1680,0,0,0,0,1,true
wNlXOGGoYN,2023,Adelaide Blue Eagles,Under 14's JPL B; U14 Carl's Junior Boys Cup,18,18,1600,0,1,0,0,0,true
wNlXOGGoYN,2024,Adelaide Blue Eagles,Under 15 JSL B; U15 Carl's Junior Boys Cup; Under 15 JPL C,26,25,2240,4,1,0,0,1,true
wNlXOGGoYN,2025,Adelaide Blue Eagles,Nova Under 16's YSL A Mixed; U16 Carl's Jr. Youth Premier Cup; Under 16 YSL Bottom Half,17,15,1410,2,2,0,0,0,false
wNlXOGGoYN,2026,Eastern United,Federation Cup U18's; HPG Homes State League 1 Under 18's,9,4,480,0,0,0,0,0,true
wNlXOGwO5N,2023,Adelaide University,Under 14's JPL C; U14 Carl's Junior Boys Cup,21,12,1040,6,0,0,0,0,false
wNlXOGwO5N,2024,MetroStars,Under 15 Trials; Under 15 JPL A; U15 Carl's Junior Boys Cup; Under 16 JSL A,25,6,540,2,0,0,0,0,false
wNlXOGwO5N,2025,MetroStars,Nova Under 16's YPL A Mixed; U16 Carl's Jr. Youth Premier Cup,18,6,570,0,0,0,0,0,false
wNlXOGwO5N,2026,MetroStars; Cumberland United,Under 17 Trials; Under 17's A Mixed; Under 17 Trials - No Match Officials; U17 Carl's Jr. Youth Premier Cup; HPG Homes State League 1 Under 18's,22,19,2070,5,0,0,0,0,false
wNlXOObvMN,2026,Elizabeth Downs Soccer Club,Reserves; Senior Men's Trials; Federation Cup Reserves; HPG Homes State League 2 North - Reserves; HPG Homes State League 2 North,18,13,1200,5,1,0,0,0,false
wNlXOqxyMN,2023,Adelaide Croatia Raiders,Under 16's JPL A; U16 Carl's Junior Boys Cup; Under 17's JPL A; U16 JPL A - Bottom Half; State League 1 Under 18's,19,14,1250,1,0,0,0,0,false
wNlXOqxyMN,2024,Adelaide Croatia Raiders,U18 Trial Matches; RAA NPL Under 18's; Federation Cup U18's; Under 17 JPL A,24,17,1470,4,0,0,0,0,false
wNlXOqxyMN,2025,Adelaide Croatia Raiders,Under 18's; Reserves; RAA NPL Under 18's; Federation Cup U18's; Federation Cup Reserves; RAA NPL Reserves,30,25,2490,1,0,0,0,0,false
wNlXOqxyMN,2026,Adelaide Croatia Raiders,HPG Homes State League 1 Reserves; Federation Cup Reserves; HPG Homes State League 1,22,20,2368,2,2,0,0,0,false
wNlXRO5VMN,2024,Cove FC,Under 16 JPL B; U16 Carl's Junior Boys Cup,23,12,1080,1,0,0,0,0,true
wNlXRO5VMN,2025,Cove FC,Under 17 Trials - No Match Officials; Nova Under 17's YPL B Mixed; U17 Carl's Jr. Youth Premier Cup,17,12,1110,3,0,0,0,0,true
wNlXRO5VMN,2026,Adelaide Titans Football Club,Federation Cup U18's; HPG Homes State League 2 South - Under 18's,11,0,0,1,0,0,0,0,false
wNlXReaZeN,2024,Adelaide Croatia Raiders,Under 16 JPL A; RAA NPL Under 18's; U16 Carl's Junior Boys Cup,32,23,2030,1,0,0,0,0,false
wNlXReaZeN,2025,Adelaide Croatia Raiders,RAA NPL Under 18's; RAA NPL Reserves; Federation Cup U18's,25,20,1982,3,1,1,0,0,false
wNlXReaZeN,2026,Adelaide Croatia Raiders,HPG Homes State League 1 Reserves; HPG Homes State League 1 Under 18's; Federation Cup U18's,24,13,1741,5,0,0,0,0,false
wNlXzOeM5N,2024,Eastern United,State League 2 Under 18's; State League 2 Reserves; State League 2,27,15,1417,18,3,0,0,0,false
wNlXzOeM5N,2025,Eastern United,HPG Homes State League 2 South - Reserves; Federation Cup Reserves,22,21,1956,10,5,0,0,0,false
wNlXzOeM5N,2026,Eastern United; Para Hills Knights,Federation Cup Reserves; HPG Homes State League 1 Reserves; RAA NPL Reserves,14,12,1281,2,4,0,0,0,false
wNlXzewRAN,2026,Ghan United,HPG Homes State League 2 South - Reserves,6,6,486,0,1,0,0,0,false
wNlqk7V8Kj,2023,Croydon FC,Federation Cup Reserves; RAA NPL Reserves,10,3,544,0,0,0,0,0,false
wNlqk7V8Kj,2024,Adelaide Olympic,RAA NPL Reserves; Federation Cup Reserves,18,14,1248,1,7,1,0,0,false
wNlqk7V8Kj,2025,Modbury Vista,HPG Homes State League 2 North; Australia Cup SA Preliminary Rounds; HPG Homes State League 2 North - Reserves; HPG Homes State League 2 (Seniors) Final Series,17,14,1116,0,5,0,0,0,false
wNlqk7V8Kj,2026,Pontian Eagles,Hahn Australia Cup SA Preliminary Rounds; Senior Men's Trials; HPG Homes State League 2 North; HPG Homes State League 2 North - Reserves; HPG Homes State League 2 (Seniors) Finals Series,16,13,1132,0,4,1,0,0,false
wOmey4rGm0,2023,Seaford Rangers,Australia Cup SA Preliminary Rounds; State League 2,24,24,789,17,2,0,0,0,false
wOmey4rGm0,2024,Seaford Rangers; Sturt Lions,Senior Men's Trial Matches; Australia Cup SA Preliminary Rounds; State League 1,23,17,1540,11,1,0,0,0,false
wOmey4rGm0,2025,Cove FC; Seaford Rangers,Senior Men's Trials; HPG Homes State League 1; HPG Homes State League 2 South; HPG Homes State League 2 (Seniors) Final Series,21,16,1432,5,3,0,0,0,false
wOmey4rGm0,2026,Seaford Rangers,Hahn Australia Cup SA Preliminary Rounds; HPG Homes State League 2 South; HPG Homes State League 2 (Seniors) Finals Series,20,12,1719,6,1,0,0,0,false
xK5B7vbad6,2023,Para Hills Knights,Under 14's JSL A; Under 14's JPL A,18,15,1200,4,1,0,0,0,false
xK5B7vbad6,2024,Campbelltown City,Under 15 JSL A; U15 Carl's Junior Boys Cup; Under 15 JPL A,29,23,2040,20,2,0,0,0,false
xK5B7vbad6,2025,Campbelltown City,Under 16 Trials; Nova Under 16's YSL A Mixed; U16 Carl's Jr. Youth Premier Cup; Nova Under 17's YPL A Mixed; Under 16 YSL Top Half,24,20,1855,13,0,0,0,0,false
xK5B7vbad6,2026,Modbury Jets,HPG Homes State League 1 Under 18's; Federation Cup U18's; HPG Homes State League 1 Reserves,19,13,1646,11,3,0,0,0,false
xK5BPvQWd6,2023,Noarlunga United,Under 15's JPL B; U15 Carl's Junior Boys Cup; U15 JPL B - Top Half,17,13,1160,1,0,0,0,0,false
xK5BPvQWd6,2024,Noarlunga United,Under 16 JPL B; Under 16 Trials - No Match Officials; U16 Carl's Junior Boys Cup,23,19,1695,3,0,0,0,0,false
xK5BPvQWd6,2025,Noarlunga United,HPG Homes State League 2 South - Under 18's; Federation Cup U18's,21,14,1290,1,1,0,0,0,false
xK5BPvQWd6,2026,Noarlunga United,Federation Cup U18's; HPG Homes State League 2 South - Under 18's; HPG Homes State League 2 South - Reserves; HPG Homes State League 2 (Reserves) Final Series,19,18,2193,0,1,0,0,0,false
xK5BRMwWd6,2023,South Adelaide,Under 16's JPL B; U16 Carl's Junior Boys Cup,19,2,180,3,0,0,0,0,false
xK5BRMwWd6,2024,Noarlunga United,U18 Trial Matches; State League 2 Under 18's; Federation Cup U18's,30,20,1800,3,2,0,0,0,false
xK5BRMwWd6,2025,Noarlunga United,Under 18's; HPG Homes State League 2 South - Under 18's; Federation Cup U18's; HPG Homes State League 2 South - Reserves,29,21,2038,10,5,0,0,0,false
xK5BRMwWd6,2026,Noarlunga United,Federation Cup Reserves; HPG Homes State League 2 South - Reserves; HPG Homes State League 2 South; HPG Homes State League 2 (Reserves) Final Series,22,19,1778,0,2,0,0,0,false
xK5BRjWad6,2023,MetroStars,RAA NPL Reserves; Federation Cup Reserves; Senior Men's Trials,21,13,1104,0,4,0,0,0,false
xK5BRjWad6,2024,Eastern United,State League 2 Reserves; State League 2; Federation Cup Reserves,26,22,2004,1,2,0,0,0,false
xK5BRjWad6,2025,Salisbury Inter,Senior Men's Trials; HPG Homes State League 2 North - Reserves; HPG Homes State League 2 North,9,6,433,0,0,0,0,0,false
xK5BRjWad6,2026,,,0,0,0,0,0,0,0,0,false
xK5Baq0vd6,2023,Adelaide Blue Eagles,State League 1 Under 18's; Federation Cup U18's; Under 17's JPL A,32,20,2250,2,3,0,0,0,false
xK5Baq0vd6,2024,Adelaide Blue Eagles,U18 Trial Matches; Reserves Trial Matches; State League 1 Under 18's; State League 1 Reserves; Federation Cup U18's,28,16,1595,1,3,0,0,0,false
xK5Baq0vd6,2025,Adelaide Blue Eagles; Adelaide Titans Football Club,HPG Homes State League 1 Reserves; Federation Cup Reserves; HPG Homes State League 2 South - Reserves,15,8,736,0,3,0,0,0,false
xK5Baq0vd6,2026,Adelaide Titans Football Club,Federation Cup Reserves; HPG Homes State League 2 South - Reserves; HPG Homes State League 2 South,17,10,1289,1,2,0,0,0,false
xK5BawJYd6,2023,MetroStars,Under 16's JPL A; U16 Carl's Junior Boys Cup; U16 JPL A - Top Half,22,21,1870,13,2,0,0,0,false
xK5BawJYd6,2024,Croydon FC,U18 Trial Matches; RAA NPL Under 18's; Federation Cup U18's; Under 17 JPL A,30,30,2370,14,3,0,0,0,false
xK5BawJYd6,2025,Croydon FC,Under 18's; RAA NPL Under 18's; Federation Cup U18's; RAA NPL Reserves,22,15,1459,8,3,1,0,0,false
xK5BawJYd6,2026,Croydon FC; Barossa United,Reserves; RAA NPL Reserves; Federation Cup Reserves; HPG Homes State League 2 North,19,11,1208,2,3,0,0,0,false
xK5Bb5n3d6,2023,Cumberland United,Under 14 Trials; Under 14's JSL A; U14 Carl's Junior Boys Cup,20,19,1430,6,0,0,0,0,false
xK5Bb5n3d6,2024,Cumberland United,Under 15 Trials; Under 15 JSL A; U15 Carl's Junior Boys Cup,24,20,1770,5,0,0,0,1,true
xK5Bb5n3d6,2025,Eastern United,Under 16 Trials - No Match Officials; Under 16 Trials; Nova Under 16's YPL C Mixed; HPG Homes State League 2 South - Under 18's,21,13,1235,4,1,0,0,0,false
xK5Bb5n3d6,2026,Adelaide Blue Eagles,U17 Carl's Jr. Youth Premier Cup; Under 17's A Mixed; HPG Homes State League 1 Under 18's,18,14,1330,5,2,0,0,0,false
xK5BbAlWd6,2023,Cumberland United,Under 16 Trials; Under 16's JPL A; U16 Carl's Junior Boys Cup; U16 JPL A - Bottom Half,16,11,880,2,1,0,0,0,false
xK5BbAlWd6,2024,Cumberland United,U18 Trial Matches; State League 1 Under 18's; Federation Cup U18's; State League 1 Reserves,22,17,1653,7,0,0,0,0,false
xK5BbAlWd6,2025,Cumberland United,HPG Homes State League 1 Under 18's; Federation Cup U18's,15,10,1020,6,0,0,0,0,false
xK5BbAlWd6,2026,Adelaide Hills Hawks,Federation Cup Reserves; HPG Homes State League 2 South,12,11,1205,7,1,0,0,0,false
xK5Bq1RVd6,2023,Plympton FC,Under 14's JSL B; U14 Carl's Junior Boys Cup,22,20,1590,2,0,0,0,0,false
xK5Bq1RVd6,2024,Plympton FC,Under 15 JSL A; U15 Carl's Junior Boys Cup,22,21,1880,0,0,0,0,0,false
xK5Bq1RVd6,2025,Plympton FC,Nova Under 16's YSL A Mixed; U16 Carl's Jr. Youth Premier Cup; Under 16 YSL Bottom Half,17,17,1600,4,0,0,0,0,false
xK5Bq1RVd6,2026,Plympton FC,Under 16 Trials; Reserves; HPG Homes State League 2 South - Under 18's; Under 17's A Mixed; U17 Carl's Jr. Youth Premier Cup,23,21,1955,3,0,0,0,0,false
xK5BqQP3d6,2023,Cumberland United,Senior Men's Trials; State League 1 Under 18's; Federation Cup U18's; State League 1 Reserves; Reserves,35,26,3326,0,2,1,0,0,false
xK5BqQP3d6,2024,Cumberland United,Reserves Trial Matches; State League 1 Reserves; Federation Cup Reserves,23,22,1966,0,0,0,0,0,false
xK5BqQP3d6,2025,Cumberland United,HPG Homes State League 1; HPG Homes State League 1 Reserves; Australia Cup SA Preliminary Rounds,23,20,1710,0,1,0,0,0,false
xK5BqQP3d6,2026,Cumberland United,HPG Homes State League 1; HPG Homes State League 1 Reserves; Hahn Australia Cup SA Preliminary Rounds,27,19,2315,0,0,0,0,0,false
xK5BqaB0d6,2023,Seaford Rangers,Australia Cup SA Preliminary Rounds; State League 2,24,24,450,7,6,1,0,0,false
xK5BqaB0d6,2024,Seaford Rangers; Cove FC,State League 2; Australia Cup SA Preliminary Rounds,8,7,669,3,1,0,0,0,false
xK5BqaB0d6,2025,Cove FC,Senior Men's Trials; HPG Homes State League 1,10,10,856,0,1,0,0,0,false
xK5BqaB0d6,2026,Seaford Rangers,Hahn Australia Cup SA Preliminary Rounds; HPG Homes State League 2 South,4,3,327,0,2,1,0,0,false
xK5Byxzjd6,2023,Cove FC,State League 2 Under 18's,4,3,360,0,0,0,0,1,true
xK5Byxzjd6,2024,Cove FC,State League 2 Under 18's; State League 2 Reserves,13,10,900,0,1,0,0,3,true
xK5Byxzjd6,2025,Cove FC,HPG Homes State League 1 Reserves; HPG Homes State League 1,6,5,453,0,0,0,0,2,true
xK5Byxzjd6,2026,Plympton FC,HPG Homes State League 2 South; HPG Homes State League 2 South - Reserves,10,9,1138,0,3,0,0,1,true
xK5VkZXYd6,2023,Adelaide Comets,Under 14's JSL A; U14 Carl's Junior Boys Cup; Under 14's JPL A; Under 17's JPL B; Under 15's JSL A,24,19,1530,9,0,0,0,0,false
xK5VkZXYd6,2024,Adelaide Comets,Under 15 Trials; Under 15 JPL A; Under 15 JSL A; U15 Carl's Junior Boys Cup,34,17,1600,9,3,0,0,0,false
xK5VkZXYd6,2025,Adelaide Comets,Nova Under 17's YPL A Mixed; Nova Under 16's YSL A Mixed; U16 Carl's Jr. Youth Premier Cup; U17 Carl's Jr. Youth Premier Cup; Under 16 YSL Top Half,25,20,1870,0,1,0,0,0,false
xK5VkZXYd6,2026,Vipers FC,Under 17 Trials; Under 18's; HPG Homes State League 2 South - Under 18's; Under 17's A Mixed; HPG Homes State League 2 (18s) Final Series,25,15,1740,6,3,0,0,0,false
xK5Vkjqjd6,2023,West Adelaide,Under 12's JSL Green; U12 Carl's Junior Boys Cup; Under 12 JPL B; Under 12 JSL D,20,18,1260,8,0,0,0,0,true
xK5Vkjqjd6,2024,West Adelaide,Under 13 JPL C; U13 Carl's Junior Boys Cup; Under 13 JSL C; Under 15 JSL B,30,26,2100,0,0,0,0,1,true
xK5Vkjqjd6,2025,Western Strikers,Nova Under 14's YPL B Mixed; U14 Carl's Jr. Youth Premier Cup; Nova Under 15's YPL B Mixed; Seniors,24,15,1260,0,0,0,0,2,true
xK5Vkjqjd6,2026,Western Strikers,Nova Under 15's YPL B Mixed; Nova Under 16's YPL B Mixed; U15 Carl's Jr. Youth Premier Cup; HPG Homes State League 2 South - Under 18's; Federation Cup U18's,37,32,3085,0,0,0,0,4,true
xK5p6AEy0N,2025,Croydon FC,Nova Under 16's YPL B Mixed; U16 Carl's Jr. Youth Premier Cup; Nova Under 17's YPL A Mixed; U17 Carl's Jr. Youth Premier Cup,22,17,1585,1,3,0,0,0,false
xK5p6AEy0N,2026,Ghan United,Federation Cup U18's; HPG Homes State League 2 South - Under 18's; HPG Homes State League 2 South - Reserves,21,18,2262,1,4,0,0,0,false
xK5pE006jN,2025,Adelaide Hills Hawks,Nova Under 16's YPL C Mixed; U16 Carl's Jr. Youth Premier Cup,24,15,1380,5,0,0,0,0,false
xK5pE006jN,2026,Adelaide Hills Hawks,Federation Cup U18's; HPG Homes State League 2 South - Under 18's; HPG Homes State League 2 South - Reserves; HPG Homes State League 2 South; HPG Homes State League 2 (18s) Final Series,27,19,2538,2,4,0,0,0,false
xK5pE0wP5N,2025,Salisbury United,Nova Under 15's YSL B Mixed; U15 Carl's Jr. Youth State Cup; Nova Under 16's YSL A Mixed; Nova Under 15's YPL C Mixed,21,14,1330,1,3,0,0,0,false
xK5pE0wP5N,2026,Pontian Eagles,Federation Cup U18's; HPG Homes State League 2 North - Under 18's; U16 Carl's Jr. Youth Premier Cup; Nova Under 16's YPL C North Mixed,22,9,860,6,0,0,0,0,false
xK5pEJ46aN,2025,Adelaide Blue Eagles,HPG Homes State League 1; Australia Cup SA Preliminary Rounds,22,22,1877,0,3,1,0,0,false
xK5pEJ46aN,2026,Adelaide Blue Eagles,Hahn Australia Cup SA Preliminary Rounds; HPG Homes State League 1,24,24,2846,2,2,0,0,0,false
xK5pEJ4GjN,2025,Pontian Eagles,HPG Homes State League 1,17,16,1241,1,1,0,0,0,false
xK5pEJ4GjN,2026,Adelaide Blue Eagles,HPG Homes State League 1; HPG Homes State League 1 Reserves,2,2,117,0,0,0,0,0,false
xK5pEJBlVN,2025,,,0,0,0,0,0,0,0,0,false
xK5pEJBlVN,2026,Cove FC,Hahn Australia Cup SA Preliminary Rounds; HPG Homes State League 1; Federation Cup Reserves,17,13,1723,0,6,0,0,0,false
xK5pEJVe2N,2025,Adelaide Thunder,Nova Under 15's YSL B Mixed; U15 Carl's Jr. Youth State Cup,16,1,95,0,0,0,0,0,false
xK5pEJVe2N,2026,Adelaide University,Under 16 Trials; Under 18's; Nova Under 16's YPL C South Mixed; U16 Carl's Jr. Youth Premier Cup; HPG Homes State League 2 South - Under 18's; Nova Under 16's YPL C Mixed Finals Series,27,8,760,8,1,0,0,0,false
xK5pEea95N,2023,Fulham United,Australia Cup SA Preliminary Rounds; State League 1; 23 Senior Men's Trial Matches,20,17,205,0,1,0,0,0,false
xK5pEea95N,2024,Fulham United,Senior Men's Trial Matches; Australia Cup SA Preliminary Rounds; State League 1; State League 1 Reserves,16,14,1085,0,2,0,0,0,false
xK5pEea95N,2025,Fulham United,Australia Cup SA Preliminary Rounds; HPG Homes State League 1,22,20,1791,2,0,0,0,0,false
xK5pEea95N,2026,Fulham United,Hahn Australia Cup SA Preliminary Rounds; HPG Homes State League 1; Senior Men's Trials,22,22,2308,0,0,0,0,0,false
xK5pEeaAVN,2025,Fulham United,HPG Homes State League 1; Australia Cup SA Preliminary Rounds; HPG Homes State League 1 Reserves,23,8,897,8,0,0,0,0,false
xK5pEeaAVN,2026,Fulham United,Hahn Australia Cup SA Preliminary Rounds; HPG Homes State League 1; Senior Men's Trials,26,20,1945,17,0,0,0,0,false
xK5pEeqk0N,2025,South Adelaide; WT Birkalla,Under 17 Trials; Nova Under 17's YPL B Mixed; Nova Under 16's YPL A Mixed; U16 Carl's Jr. Youth Premier Cup,19,11,1030,1,2,0,0,0,false
xK5pEeqk0N,2026,Noarlunga United,Federation Cup U18's; HPG Homes State League 2 South - Under 18's,16,13,1560,1,0,0,0,0,false
xK5pEkoV5N,2025,Para Hills Knights,Under 16 Trials; Nova Under 16's YSL A Mixed; U16 Carl's Jr. Youth Premier Cup; Under 16 YSL Bottom Half,21,16,1475,3,0,0,0,1,true
xK5pEkoV5N,2026,Pontian Eagles,Federation Cup U18's; HPG Homes State League 2 North - Under 18's,17,10,930,1,0,0,0,0,false
xK5pErewYN,2023,Salisbury United,Federation Cup U18's; State League 2 Under 18's,26,26,3120,2,1,0,0,0,false
xK5pErewYN,2024,Salisbury United,Reserves Trial Matches; State League 1 Reserves; Federation Cup Reserves,27,25,1924,0,2,0,0,0,false
xK5pErewYN,2025,Salisbury United,HPG Homes State League 1 Reserves; Federation Cup Reserves,24,18,1839,0,4,1,0,0,false
xK5pErewYN,2026,Salisbury United,HPG Homes State League 1 Reserves,20,20,2193,0,0,1,0,0,false
xK5pEvWOaN,2025,Vipers FC,HPG Homes State League 1; Australia Cup SA Preliminary Rounds,24,24,2220,0,3,0,0,2,true
xK5pEvWOaN,2026,Adelaide Blue Eagles,Hahn Australia Cup SA Preliminary Rounds; HPG Homes State League 1; HPG Homes State League 1 Reserves,13,11,1343,0,0,0,0,4,true
xK5pGp54YN,2023,Croydon FC,Under 14's JPL C; U14 Carl's Junior Boys Cup; WNPL & WSL Trials,21,17,1400,1,0,0,0,0,false
xK5pGp54YN,2024,Seaford Rangers,Under 15 JPL C; U15 Carl's Junior Boys Cup,18,10,900,0,0,0,0,0,false
xK5pGp54YN,2025,Seaford Rangers,Nova Under 16's YPL C Mixed,20,19,1805,0,0,0,0,0,false
xK5pGp54YN,2026,Adelaide Hills Hawks,Federation Cup U18's; HPG Homes State League 2 South - Under 18's; HPG Homes State League 2 South - Reserves; HPG Homes State League 2 (18s) Final Series,17,3,424,0,0,0,0,0,false
xK5pJ8W1vN,2026,Gawler Eagles,Senior Men's Trials; HPG Homes State League 2 North; Hahn Australia Cup SA Preliminary Rounds; HPG Homes State League 2 North - Reserves,9,5,424,4,0,0,0,0,false
xK5pJXpPVN,2026,Cove FC,Federation Cup U18's; HPG Homes State League 1 Under 18's; HPG Homes State League 1 Reserves,29,23,2959,6,6,1,0,0,false
xK5pJaOz2N,2026,Barossa United,Federation Cup U18's; HPG Homes State League 2 North - Reserves; HPG Homes State League 2 North - Under 18's; HPG Homes State League 2 North,25,15,1580,6,1,0,0,0,false
xK5pv36xVN,2026,Seaford Rangers,Federation Cup Reserves; HPG Homes State League 2 South - Reserves,18,17,1860,0,5,0,0,0,false
xK5pv7zJWN,2026,Plympton FC,Federation Cup U18's; Reserves; HPG Homes State League 2 South - Under 18's,17,8,930,6,2,0,0,1,true
xK5pvLPM3N,2026,Modbury Jets,Federation Cup U18's; HPG Homes State League 1 Under 18's; HPG Homes State League 1 Reserves,21,16,1956,3,2,0,0,0,false
xK5pvMaDVN,2026,Cove FC,Federation Cup Reserves; HPG Homes State League 1 Reserves; Senior Men's Trials,26,20,1965,3,4,0,0,0,false
xK5pvWL53N,2026,Adelaide Blue Eagles,HPG Homes State League 1 Under 18's; Federation Cup U18's,23,8,960,0,0,0,0,0,false
xK5pvWokWN,2026,Salisbury United,HPG Homes State League 1 Reserves; Federation Cup Reserves,10,9,913,0,0,0,0,0,false
xK5pveLq0N,2023,Adelaide Hills Hawks,Federation Cup Reserves; State League 2 Reserves; State League 2; 23 Senior Men's Trial Matches; 23 Reserves Trial Matches,33,25,1860,6,0,1,0,0,true
xK5pveLq0N,2024,Adelaide Hills Hawks,Senior Men's Trial Matches; Federation Cup Reserves; State League 2 Reserves; State League 2,26,22,1749,5,2,0,0,0,false
xK5pveLq0N,2025,Adelaide Hills Hawks,Senior Men's Trials; HPG Homes State League 2 South; HPG Homes State League 2 South - Reserves,12,7,828,1,2,0,0,0,false
xK5pveLq0N,2026,Adelaide Hills Hawks,Federation Cup Reserves; HPG Homes State League 2 South - Reserves; HPG Homes State League 2 South; Senior Men's Trials,16,13,1485,0,2,1,0,0,false
xK5pvk6XMN,2023,Campbelltown City,Under 15 Trials; Under 15's JSL A; U15 Carl's Junior Boys Cup,24,15,1330,4,1,0,0,0,false
xK5pvk6XMN,2024,Fulham United,Under 16 JPL B; U16 Carl's Junior Boys Cup,20,18,1610,1,2,0,0,0,false
xK5pvk6XMN,2025,Eastern United,HPG Homes State League 2 South - Under 18's; Federation Cup U18's,13,10,900,4,1,0,0,0,false
xK5pvk6XMN,2026,Eastern United,Federation Cup U18's; HPG Homes State League 1 Under 18's; HPG Homes State League 1 Reserves,21,19,2312,0,0,0,0,0,false
xK5pvkEQ2N,2026,Barossa United,Federation Cup Reserves; HPG Homes State League 2 North - Reserves,11,7,625,0,0,0,0,0,false
xK5pvq7kVN,2026,Vipers FC,Federation Cup Reserves; HPG Homes State League 2 South - Reserves; HPG Homes State League 2 South; HPG Homes State League 2 (Reserves) Final Series,19,19,2280,0,0,0,0,3,true
xK5pvqg95N,2023,Campbelltown City,Under 14 Trials; Under 14's JPL A; U14 Carl's Junior Boys Cup,12,4,250,0,0,0,0,0,false
xK5pvqg95N,2024,Campbelltown City,Under 15 JSL A; U15 Carl's Junior Boys Cup,16,12,1080,6,0,0,0,0,false
xK5pvqg95N,2025,Adelaide Blue Eagles,Nova Under 17's YPL B Mixed; U17 Carl's Jr. Youth Premier Cup,17,11,1045,4,0,0,0,0,false
xK5pvqg95N,2026,Adelaide Blue Eagles,HPG Homes State League 1 Under 18's; U17 Carl's Jr. Youth Premier Cup; Federation Cup U18's,22,19,2255,0,1,0,0,0,false
xK5pvvnX5N,2026,Adelaide Croatia Raiders,Under 15 Trials; Nova Under 16's YPL A Mixed; U16 Carl's Jr. Youth Premier Cup; HPG Homes State League 1 Under 18's,33,21,1990,17,2,0,0,0,false
xK5xP8zxVN,2024,South Adelaide,Under 15 JSL B; U15 Carl's Junior Boys Cup,19,17,1520,6,0,1,0,0,false
xK5xP8zxVN,2025,Cove FC,Under 17 Trials - No Match Officials; Nova Under 17's YPL B Mixed; U17 Carl's Jr. Youth Premier Cup,15,14,1300,2,1,0,0,0,false
xK5xP8zxVN,2026,Plympton FC,Federation Cup U18's; Reserves; HPG Homes State League 2 South - Under 18's; HPG Homes State League 2 South - Reserves,22,20,2431,2,1,0,0,0,false
xK5xwBk9YN,2023,Adelaide Croatia Raiders,Under 14's JSL A; Under 14's JPL A; U14 Carl's Junior Boys Cup; WNPL & WSL Trials,22,16,1280,26,1,0,0,0,false
xK5xwBk9YN,2024,Adelaide Olympic; Adelaide Comets,Under 15 JPL A; U15 Carl's Junior Boys Cup,21,15,1340,2,3,0,0,0,false
xK5xwBk9YN,2025,Adelaide Comets,Under 16 Trials; Nova Under 16's YPL A Mixed; U16 Carl's Jr. Youth Premier Cup,21,15,1350,12,1,0,0,0,false
xK5xwBk9YN,2026,Adelaide Croatia Raiders,HPG Homes State League 1 Under 18's; Federation Cup U18's; HPG Homes State League 1 Reserves,25,19,2358,10,2,0,0,0,false
xNx56z12AK,2026,Elizabeth Grove,Federation Cup U18's; HPG Homes State League 2 North - Under 18's; Federation Cup Reserves; HPG Homes State League 2 North - Reserves,24,19,1865,6,1,1,0,0,false
xNx5GL93DK,2023,Fulham United,State League 1 Under 18's; Federation Cup U18's; State League 1 Reserves; U18 Trial Matches; 23 Reserves Trial Matches,26,21,2375,3,2,0,0,0,false
xNx5GL93DK,2024,Fulham United,Reserves Trial Matches; State League 1 Under 18's; State League 1 Reserves; Federation Cup Reserves,31,22,1728,1,4,0,0,0,false
xNx5GL93DK,2025,Fulham United,Reserves; HPG Homes State League 1 Reserves; Federation Cup Reserves; Australia Cup SA Preliminary Rounds,23,19,1789,4,5,0,0,0,false
xNx5GL93DK,2026,Fulham United,HPG Homes State League 1 Reserves; Federation Cup Reserves; HPG Homes State League 1,24,21,2573,1,5,0,0,0,false
xNx5qMaXAK,2025,Ghan United,HPG Homes State League 2 North - Under 18's; Federation Cup U18's; Nova Under 16's YSL A Mixed; Nova Under 15's YSL C Mixed; Under 16 YSL Top Half,37,34,3175,27,2,0,0,0,false
xNx5qMaXAK,2026,Adelaide Atletico VSC; Ghan United,U16 Carl's Jr. Youth Premier Cup; Nova Under 16's YPL C North Mixed; HPG Homes State League 2 South - Under 18's; HPG Homes State League 2 South - Reserves; Under 16 YSL Mixed Top Half,12,6,669,7,0,0,0,0,false
xNx5y5P5BK,2026,Modbury Vista,Under 16 Trials; Nova Under 16's YPL C North Mixed; U16 Carl's Jr. Youth Premier Cup; HPG Homes State League 2 North - Under 18's; Nova Under 16's YPL C Mixed Finals Series,19,15,1425,33,3,0,0,0,false
xNx5yJ30DK,2023,Cumberland United,Under 15 Trials; Under 15's JSL A; Under 15's JPL A; Under 16's JPL A; U15 Carl's Junior Boys Cup; U16 JPL A - Bottom Half; U16 Carl's Junior Boys Cup,33,22,1880,1,0,0,0,0,false
xNx5yJ30DK,2024,Cumberland United,U18 Trial Matches; State League 1 Under 18's; Federation Cup U18's; State League 1 Reserves,26,21,1903,2,1,0,0,0,false
xNx5yJ30DK,2025,Cumberland United,HPG Homes State League 1 Under 18's; Federation Cup U18's,24,24,2310,1,0,0,0,0,false
xNx5yJ30DK,2026,Cumberland United,HPG Homes State League 1 Under 18's; HPG Homes State League 1 Reserves,28,19,2534,1,0,0,0,0,false
xNx5yJ33DK,2026,Noarlunga United,Federation Cup U18's; HPG Homes State League 2 South - Under 18's,21,20,2400,1,2,0,0,0,false
xNx5yLDPbK,2026,Adelaide Hills Hawks,Hahn Australia Cup SA Preliminary Rounds; Senior Men's Trials; HPG Homes State League 2 South,16,16,1884,4,0,0,0,0,false
xNx5yMO1BK,2023,Adelaide Hills Hawks,Australia Cup SA Preliminary Rounds; State League 2; 23 Senior Men's Trial Matches,23,21,600,3,3,0,0,0,false
xNx5yMO1BK,2024,Adelaide Hills Hawks,Senior Men's Trial Matches; Australia Cup SA Preliminary Rounds; State League 2,25,23,1815,0,1,0,0,0,false
xNx5yMO1BK,2025,Adelaide Hills Hawks,Senior Men's Trials; HPG Homes State League 2 South; Australia Cup SA Preliminary Rounds,26,26,2718,0,1,0,0,0,false
xNx5yMO1BK,2026,Modbury Vista,Hahn Australia Cup SA Preliminary Rounds; Senior Men's Trials; HPG Homes State League 2 North; HPG Homes State League 2 North - Reserves; HPG Homes State League 2 (Seniors) Finals Series; HPG Homes State League 2 (Reserves) Final Series,30,14,1284,7,1,0,0,0,false
xNx5yMxVbK,2026,Salisbury United,Under 17 Trials - No Match Officials; Under 17's B Mixed; Federation Cup U18's; HPG Homes State League 1 Under 18's,28,25,2495,2,2,0,0,0,false
xNx5yRowRK,2026,Modbury Jets,HPG Homes State League 1 Reserves; Federation Cup Reserves,17,7,1008,1,2,0,0,0,false
xNx5yyEryK,2026,South Adelaide,Hahn Australia Cup SA Preliminary Rounds; HPG Homes State League 1 Reserves; HPG Homes State League 1,22,21,2507,3,0,0,0,0,false
xNx5yyb7yK,2026,Elizabeth Downs Soccer Club,Hahn Australia Cup SA Preliminary Rounds; Senior Men's Trials; HPG Homes State League 2 North; HPG Homes State League 2 North - Reserves; HPG Homes State League 2 (Seniors) Finals Series,20,19,1433,2,4,0,0,0,false
xNx5yyorzK,2026,Adelaide Atletico VSC,Hahn Australia Cup SA Preliminary Rounds; HPG Homes State League 1,24,11,1491,10,1,0,0,0,false
xNx8vD2ANk,2023,South Adelaide,Under 14's JPL A; Under 15's JPL A; U14 Carl's Junior Boys Cup; Under 16's JPL B; U16 Carl's Junior Boys Cup; Under 15's JSL B,34,24,2140,6,1,0,0,0,false
xNx8vD2ANk,2024,South Adelaide,Under 15 JPL A; U15 Carl's Junior Boys Cup; RAA NPL Under 18's,26,21,1860,6,1,0,0,0,false
xNx8vD2ANk,2025,South Adelaide,Under 18's; HPG Homes State League 1 Under 18's; Federation Cup U18's; HPG Homes State League 1 Reserves,29,24,2225,7,3,0,0,0,false
xNx8vD2ANk,2026,South Adelaide,HPG Homes State League 1 Reserves; Federation Cup Reserves; HPG Homes State League 1,24,20,2394,6,2,1,0,0,false
xNx8wlERNk,2023,Seaford Rangers,Under 13's JSL C; U13 Carl's Junior Boys Cup; Under 13's JPL C,19,19,1510,0,0,0,0,4,true
xNx8wlERNk,2024,Seaford Rangers,Under 13 Trials - No Match Officials; Under 13 JPL B; U13 Carl's Junior Boys Cup; Under 14 JPL C,21,20,1505,0,0,0,0,2,true
xNx8wlERNk,2025,Seaford Rangers,Nova Under 14's YPL C Mixed; U14 Carl's Jr. Youth Premier Cup; Nova Under 15's YPL C Mixed,29,23,1940,0,0,0,0,1,true
xNx8wlERNk,2026,Western Strikers,Nova Under 16's YPL B Mixed; U16 Carl's Jr. Youth Premier Cup; HPG Homes State League 2 South - Under 18's; Under 16's YSL Mixed; Under 16 YSL Mixed Top Half,25,20,1900,0,1,0,0,2,true
xNx9PlnDKk,2023,Adelaide Cobras,Australia Cup SA Preliminary Rounds; State League 1,25,14,297,5,2,0,0,0,false
xNx9PlnDKk,2024,Adelaide Cobras,Senior Men's Trial Matches; Australia Cup SA Preliminary Rounds; State League 1; Senior Men's Trials,28,25,1898,11,2,0,0,0,false
xNx9PlnDKk,2025,Adelaide Cobras,Senior Men's Trials; HPG Homes State League 1; Federation Cup Reserves,21,12,1241,7,4,0,0,0,false
xNx9PlnDKk,2026,Adelaide Cobras,Hahn Australia Cup SA Preliminary Rounds; HPG Homes State League 1,12,6,667,2,0,0,0,0,false
xNx9X9XAKk,2023,Eastern United,Australia Cup SA Preliminary Rounds; State League 1,25,25,760,0,4,0,0,0,false
xNx9X9XAKk,2024,Adelaide Cobras; Eastern United,Reserves Trial Matches; Senior Men's Trial Matches; Australia Cup SA Preliminary Rounds; State League 1; State League 2 Reserves; State League 2,20,17,1513,2,3,0,0,0,false
xNx9X9XAKk,2025,Eastern United,HPG Homes State League 2 South; Australia Cup SA Preliminary Rounds; HPG Homes State League 2 (Seniors) Final Series,21,21,1924,5,5,1,0,0,false
xNx9X9XAKk,2026,Eastern United,Hahn Australia Cup SA Preliminary Rounds; HPG Homes State League 1; Senior Men's Trials,25,25,2817,2,6,0,0,0,false
xNx9XOPOKk,2023,Adelaide City,RAA NPL Under 18's; RAA NPL Reserves; Federation Cup U18's,31,27,3242,1,1,0,0,0,false
xNx9XOPOKk,2024,Adelaide City,Reserves Trial Matches; RAA NPL Reserves; Federation Cup Reserves,22,22,1839,0,0,0,0,0,false
xNx9XOPOKk,2025,Adelaide Atletico VSC,Senior Men's Trials; Australia Cup SA Preliminary Rounds; HPG Homes State League 2 North; HPG Homes State League 2 (Seniors) Final Series,25,24,2340,0,4,0,0,0,false
xNx9XOPOKk,2026,Adelaide Atletico VSC; Para Hills Knights,Hahn Australia Cup SA Preliminary Rounds; HPG Homes State League 1; HPG Homes State League 1 Reserves; RAA NPL,12,12,1196,0,0,0,0,0,false
xNx9jPJAKk,2023,Mount Barker United,Australia Cup SA Preliminary Rounds; State League 2; Senior Men's Trials; State League 2 Reserves; 23 Reserves Trial Matches; 23 Senior Men's Trial Matches,25,16,-91,12,4,0,0,0,false
xNx9jPJAKk,2024,Mount Barker United,Senior Men's Trial Matches; Australia Cup SA Preliminary Rounds; State League 2; State League 2 Reserves,17,16,1199,8,1,0,0,0,false
xNx9jPJAKk,2025,Mount Barker United,HPG Homes State League 2 South - Reserves; HPG Homes State League 2 South; HPG Homes State League 2 (Reserves) Final Series,23,13,1347,10,4,0,0,0,false
xNx9jPJAKk,2026,Plympton FC,Hahn Australia Cup SA Preliminary Rounds; Senior Men's Trials; HPG Homes State League 2 South,19,18,1743,1,2,0,0,0,false
xNx9jQBwKk,2023,Port Adelaide,Senior Men's Trials; State League 1 Under 18's; Federation Cup U18's; State League 1 Reserves,17,10,1087,3,4,1,0,0,false
xNx9jQBwKk,2024,West Adelaide; Port Adelaide,Reserves Trial Matches; Federation Cup Reserves; State League 1 Reserves; State League 2 Reserves,10,6,615,2,1,1,0,0,false
xNx9jQBwKk,2025,Port Adelaide,HPG Homes State League 2 North - Reserves; Federation Cup Reserves; HPG Homes State League 2 North; Reserves,21,13,1380,2,5,0,0,0,false
xNx9jQBwKk,2026,Port Adelaide; Para Hills Knights,Hahn Australia Cup SA Preliminary Rounds; Senior Men's Trials; HPG Homes State League 2 North - Reserves; RAA NPL; RAA NPL Reserves,10,5,609,2,1,0,0,0,false
xNx9jykbKk,2023,Northern Demons,Federation Cup Reserves; State League 2 Reserves,23,20,1989,0,1,0,0,0,false
xNx9jykbKk,2024,Northern Demons,State League 2 Reserves; Federation Cup Reserves,20,19,1471,1,1,0,0,0,false
xNx9jykbKk,2025,Northern Demons,Reserves; HPG Homes State League 2 North - Reserves; HPG Homes State League 2 (Reserves) Final Series,25,25,2113,1,0,0,0,0,false
xNx9jykbKk,2026,Northern Demons,Federation Cup Reserves; HPG Homes State League 2 North - Reserves; HPG Homes State League 2 North,13,12,1110,1,2,0,0,0,false
xNxngegvRd,2024,Sturt Lions,Under 17 JPL C; Under 17 JPL B; U17 Carl's Junior Boys Cup,20,16,1430,23,2,0,0,0,false
xNxngegvRd,2025,Cove FC,HPG Homes State League 1 Under 18's; Federation Cup U18's; Nova Under 17's YPL B Mixed,30,14,1370,19,4,0,0,0,false
xNxngegvRd,2026,Cove FC,Federation Cup U18's; HPG Homes State League 1 Under 18's,24,24,2880,9,1,1,0,0,false
xNxnjWBLMd,2023,Adelaide Croatia Raiders,Under 13's JPL A; U13 Carl's Junior Boys Cup; Under 14's JSL A,26,13,1030,6,1,0,0,0,false
xNxnjWBLMd,2024,Adelaide Croatia Raiders,Under 14 JPL A; Under 15 JSL A; U14 Carl's Junior Boys Cup,21,14,1090,4,0,0,0,0,false
xNxnjWBLMd,2025,Pontian Eagles,Under 18's; HPG Homes State League 1 Reserves; HPG Homes State League 1 Under 18's; Federation Cup U18's; Federation Cup Reserves,37,27,2655,2,4,0,0,0,false
xNxnjWBLMd,2026,Pontian Eagles,Federation Cup U18's; HPG Homes State League 2 North - Under 18's; U16 Carl's Jr. Youth Premier Cup; Nova Under 16's YPL C North Mixed; HPG Homes State League 2 North - Reserves,23,21,1955,17,2,1,0,0,false
xNxnjj1ZRd,2025,Western Strikers,Reserves; HPG Homes State League 2 South - Reserves,3,2,212,0,0,0,0,0,false
xNxnjj1ZRd,2026,Plympton FC,Hahn Australia Cup SA Preliminary Rounds; Senior Men's Trials; HPG Homes State League 2 South,18,11,1189,1,3,0,0,0,false
xm893wqZNr,2023,South Adelaide,Under 13's JPL A; Under 14's JPL A; U13 Carl's Junior Boys Cup; Under 13's JSL A,33,21,1660,14,0,0,0,0,false
xm893wqZNr,2024,South Adelaide,Under 14 Trials - No Match Officials; Under 14 Trials; Under 14 JPL A; U14 Carl's Junior Boys Cup; Under 15 JPL A; U15 Carl's Junior Boys Cup; Under 14 JSL B,36,20,1645,1,0,0,0,0,false
xm893wqZNr,2025,South Adelaide,Under 16 Trials; Nova Under 16's YPL A Mixed; U16 Carl's Jr. Youth Premier Cup,25,20,1855,1,1,0,0,0,false
xm893wqZNr,2026,South Adelaide,Under 16 Trials; Nova Under 16's YPL B Mixed; U16 Carl's Jr. Youth Premier Cup; HPG Homes State League 1 Under 18's,38,27,2525,11,4,1,0,0,false
xm895vDLNr,2023,WT Birkalla,Australia Cup SA Preliminary Rounds; State League 1 Reserves; State League 1; Federation Cup Reserves,18,17,2010,0,1,2,0,2,true
xm895vDLNr,2024,Vipers FC,Senior Men's Trial Matches; Australia Cup SA Preliminary Rounds; State League 1 Reserves; State League 1,19,17,1474,0,0,0,0,0,true
xm895vDLNr,2025,Adelaide Titans Football Club,Reserves; HPG Homes State League 2 South; Australia Cup SA Preliminary Rounds,24,24,2220,0,0,0,0,4,true
xm895vDLNr,2026,Adelaide Titans Football Club,Hahn Australia Cup SA Preliminary Rounds; Senior Men's Trials; HPG Homes State League 2 South,20,20,2370,0,0,0,0,0,true
xm89740ZNr,2023,Adelaide Hills Hawks,Under 14 Trials; Under 14's JPL B; U14 Carl's Junior Boys Cup,21,9,770,0,0,0,0,0,false
xm89740ZNr,2024,Adelaide Hills Hawks,Under 15 Trials; U15 Carl's Junior Boys Cup; Under 15 JPL B,18,18,1595,0,0,0,0,0,false
xm89740ZNr,2025,Adelaide Hills Hawks,Nova Under 16's YPL C Mixed; U16 Carl's Jr. Youth Premier Cup,23,13,1220,0,0,0,0,0,false
xm89740ZNr,2026,Adelaide Hills Hawks,Federation Cup U18's; HPG Homes State League 2 South - Under 18's; HPG Homes State League 2 (18s) Final Series,13,1,120,1,0,0,0,0,false
xm898ZpVNr,2023,Football SA State Squads,Under 14's JPL A; U14 Carl's Junior Boys Cup; Under 15's JPL A,14,8,680,0,1,0,0,0,false
xm898ZpVNr,2024,MetroStars,Under 14 Trials; Under 14 JPL A; U14 Carl's Junior Boys Cup,10,8,710,0,1,0,0,0,false
xm898ZpVNr,2026,Angle Vale,HPG Homes State League 2 North - Under 18's; HPG Homes State League 2 North - Reserves,12,11,1009,0,1,0,0,0,false
xm8RBWnPbK,2025,Western Strikers,Senior Men's Trials; HPG Homes State League 2 South; HPG Homes State League 2 (Seniors) Final Series,24,23,2024,1,3,0,0,0,false
xm8RBWnPbK,2026,Western Strikers,Federation Cup Reserves; HPG Homes State League 2 South - Reserves; HPG Homes State League 2 South; Hahn Australia Cup SA Preliminary Rounds; HPG Homes State League 2 (Seniors) Finals Series,20,18,1953,0,3,0,0,0,false
xm8RPaB5ZK,2024,West Adelaide; Vipers FC,U18 Trial Matches; State League 1 Under 18's; Federation Cup U18's,21,20,1770,3,1,2,0,0,false
xm8RPaB5ZK,2025,Vipers FC,HPG Homes State League 1 Reserves,17,14,1276,0,4,1,0,0,false
xm8RPaB5ZK,2026,Vipers FC,Federation Cup Reserves; HPG Homes State League 2 South - Reserves; HPG Homes State League 2 South; HPG Homes State League 2 (Reserves) Final Series,25,17,2223,3,4,0,0,0,false
xm8RPqE6EK,2024,FK Beograd,Reserves Trial Matches; RAA NPL Reserves; Federation Cup Reserves,25,5,656,1,0,0,0,0,false
xm8RPqE6EK,2025,Adelaide Titans Football Club,HPG Homes State League 2 South - Reserves; Federation Cup Reserves; HPG Homes State League 2 South,23,9,849,3,0,0,0,0,false
xm8RPqE6EK,2026,Plympton FC,Hahn Australia Cup SA Preliminary Rounds; Senior Men's Trials; HPG Homes State League 2 South,19,14,1661,5,2,0,0,0,false
xm8ZAAkeEK,2026,Noarlunga United,Nova Under 14's YPL C South Mixed; Nova Under 16's YPL C South Mixed; Under 16 Trials; HPG Homes State League 2 South - Under 18's,28,17,1460,9,0,0,0,0,false
xm8ZG26qzK,2023,Noarlunga United,Under 13's JPL C; U13 Carl's Junior Boys Cup; Under 13's JSL C; U13 JPL C - Bottom Half,22,21,1840,9,0,0,0,0,false
xm8ZG26qzK,2024,Cove FC,Under 14 Trials - No Match Officials; Under 15 JPL C; Under 14 JPL C; Under 14 JSL C; U14 Carl's Junior Boys Cup; Under 17 JPL C,22,17,1350,6,0,1,0,0,false
xm8ZG26qzK,2025,Cove FC,Nova Under 15's YPL C Mixed; U15 Carl's Jr. Youth Premier Cup; Federation Cup U18's; Nova Under 16's YPL C Mixed,25,22,2075,4,2,0,0,0,false
xm8ZG26qzK,2026,Cove FC,Federation Cup U18's; HPG Homes State League 1 Under 18's,23,21,2520,1,2,0,0,0,false
xm8ZGe9vVK,2025,Fulham United,Senior Men's Trials; HPG Homes State League 1; Australia Cup SA Preliminary Rounds,27,19,1913,3,5,0,0,0,false
xm8ZGe9vVK,2026,Fulham United,Hahn Australia Cup SA Preliminary Rounds; HPG Homes State League 1,25,23,2579,1,2,0,0,0,false
xm8ZGo5kEK,2025,Salisbury United,Nova Under 16's YPL C Mixed; U16 Carl's Jr. Youth Premier Cup,25,8,745,17,1,0,0,0,false
xm8ZGo5kEK,2026,Salisbury United,Under 17's B Mixed; Federation Cup U18's; HPG Homes State League 1 Under 18's,13,1,95,0,1,1,0,0,false
xm8ZJaawbK,2026,Seaford Rangers,Federation Cup U18's; Under 18's; HPG Homes State League 2 South - Under 18's; HPG Homes State League 2 South - Reserves,13,8,987,5,1,0,0,0,false
xm8Zl4RoDK,2026,Fulham United,U16 Carl's Jr. Youth Premier Cup; Nova Under 16's YPL B Mixed; HPG Homes State League 1 Under 18's,24,20,1900,4,2,0,0,0,false
xm8Zl73V2K,2026,Mount Barker United,Federation Cup Reserves; Reserves; HPG Homes State League 2 South - Reserves; HPG Homes State League 2 South,23,17,1906,10,0,0,0,0,false
xm8ZlQA4LK,2026,Noarlunga United,HPG Homes State League 2 South - Reserves; Federation Cup Reserves; HPG Homes State League 2 (Reserves) Final Series,16,10,1063,2,3,0,0,0,false
xm8ZlQaJEK,2026,Plympton FC,Federation Cup Reserves; Reserves; HPG Homes State League 2 South - Reserves; HPG Homes State League 2 South,23,19,1951,4,7,0,0,0,false
xm8ZlQq3VK,2026,Salisbury United,HPG Homes State League 1 Under 18's; Under 17 Trials - No Match Officials; HPG Homes State League 1 Reserves; Under 17's B Mixed; U17 Carl's Jr. Youth Premier Cup,34,30,3325,0,2,0,0,5,true
xm8ZlQzJ1K,2026,Salisbury Inter,Federation Cup U18's; HPG Homes State League 2 North - Under 18's; HPG Homes State League 2 (18s) Final Series,23,12,1170,12,0,0,0,0,false
xm8ZlbGn2K,2026,Eastern United,Federation Cup U18's; HPG Homes State League 1 Under 18's,6,2,240,0,0,0,0,0,false
xm8Zlj2e1K,2026,Angle Vale,Under 15 Trials; Nova Under 15's YPL C  North Mixed; HPG Homes State League 2 North - Under 18's,12,11,1010,1,0,0,0,0,false
xm8ZlzByZK,2026,Adelaide Olympic,HPG Homes State League 1 Under 18's; Federation Cup U18's; Federation Cup Reserves; HPG Homes State League 1 Reserves,35,28,3644,9,6,0,0,0,false
xm8ZnpeZVK,2023,Adelaide Cobras,State League 1 Reserves; Federation Cup Reserves,22,20,2238,0,0,0,0,0,false
xm8ZnpeZVK,2024,Adelaide Cobras,Reserves Trial Matches; State League 1 Reserves; Federation Cup Reserves; Senior Men's Trials,23,22,1847,3,0,0,0,0,false
xm8ZnpeZVK,2025,Adelaide Cobras,Reserves; HPG Homes State League 1 Reserves; Australia Cup SA Preliminary Rounds; Federation Cup Reserves; HPG Homes State League 1,16,14,1475,0,1,0,0,0,false
xm8ZnpeZVK,2026,Adelaide Titans Football Club,Hahn Australia Cup SA Preliminary Rounds; Senior Men's Trials; HPG Homes State League 2 South,19,17,2091,1,1,0,0,0,false
xm8Zr0pEDK,2023,South Adelaide,Under 15 Trials; Under 14's JPL A; Under 15's JPL A; Under 15's JSL B; U14 Carl's Junior Boys Cup,30,20,1780,6,0,0,0,0,false
xm8Zr0pEDK,2024,Seaford Rangers,U18 Trial Matches; Federation Cup U18's; State League 2 Under 18's; Under 15 JPL C; State League 2 Reserves,45,32,2820,42,1,0,0,0,false
xm8Zr0pEDK,2025,Seaford Rangers,Under 18's; HPG Homes State League 2 South - Under 18's; Nova Under 16's YPL C Mixed; HPG Homes State League 2 South - Reserves; Federation Cup U18's; Federation Cup Reserves; HPG Homes State League 2 South; HPG Homes State League 2 (18s) Final Series,34,25,2377,11,1,0,0,0,true
xm8Zr0pEDK,2026,South Adelaide,HPG Homes State League 1 Reserves; HPG Homes State League 1 Under 18's; Federation Cup U18's,29,20,2826,17,1,0,0,0,false
xm8ZrvQBVK,2026,Adelaide University,HPG Homes State League 2 South - Reserves,4,2,218,1,0,0,0,0,false
xm8ZzRaWPK,2026,Salisbury United,HPG Homes State League 1 Reserves; HPG Homes State League 1,9,4,507,2,0,1,0,0,false
xm8Zzxak9K,2026,Barossa United,HPG Homes State League 2 North - Reserves; HPG Homes State League 2 North,12,9,805,3,2,0,0,0,false
xm8yXo9LNr,2023,Gawler Eagles,Under 13 Trials; Under 13's JPL B; U13 Carl's Junior Boys Cup,22,16,1270,7,0,0,0,0,false
xm8yXo9LNr,2024,Modbury Jets,Under 13 JPL A; U13 Carl's Junior Boys Cup,28,20,1555,11,0,0,0,0,false
xm8yXo9LNr,2025,Modbury Jets,Nova Under 14's YPL A Mixed; U14 Carl's Jr. Youth Premier Cup; Nova Under 15's YPL A Mixed,26,25,2100,15,0,0,0,0,false
xm8yXo9LNr,2026,Modbury Jets,Nova Under 15's YPL B Mixed; U15 Carl's Jr. Youth Premier Cup; Nova Under 16's YPL B Mixed; HPG Homes State League 1 Under 18's,27,23,2185,38,2,0,0,0,false
xm8ypJ72Nr,2023,Adelaide Croatia Raiders,Under 12's JPL Blue; U12 Carl's Junior Boys Cup; Under 12 JPL A; Under 12 JSL A,21,18,1310,14,0,0,0,0,false
xm8ypJ72Nr,2024,Adelaide Croatia Raiders,Under 13 Trials - No Match Officials; Under 13 JPL A; U13 Carl's Junior Boys Cup; Under 15 Girls Trials,26,23,1815,12,0,0,0,0,false
xm8ypJ72Nr,2025,Adelaide Croatia Raiders,Nova Under 14's YPL A Mixed; Nova Under 15's YPL A Mixed; U14 Carl's Jr. Youth Premier Cup,31,27,2250,19,1,0,0,0,false
xm8ypJ72Nr,2026,Modbury Jets,Federation Cup U18's; Federation Cup Reserves; HPG Homes State League 1 Under 18's; HPG Homes State League 1 Reserves; Senior Men's Trials,19,10,1564,2,0,0,0,0,false
xm8ypJAVNr,2024,Elizabeth Downs Soccer Club,Australia Cup SA Preliminary Rounds,2,1,136,0,0,0,0,0,false
xm8ypJAVNr,2025,Elizabeth Downs Soccer Club,Australia Cup SA Preliminary Rounds,0,0,0,0,0,0,0,0,false
xm8ypJAVNr,2026,Elizabeth Downs Soccer Club,Hahn Australia Cup SA Preliminary Rounds; Senior Men's Trials; HPG Homes State League 2 North; HPG Homes State League 2 (Seniors) Finals Series,21,20,1891,1,5,0,0,0,false
xm8ypJxPNr,2023,Modbury Jets,Under 14's JPL B; U14 Carl's Junior Boys Cup; Under 14's JSL C,12,6,510,3,0,0,0,0,false
xm8ypJxPNr,2026,Adelaide University,Federation Cup U18's; Under 18's; HPG Homes State League 2 South - Under 18's,5,2,180,0,0,0,0,0,false
xm8ypMv9Nr,2023,Noarlunga United,Under 13's JSL C; U13 Carl's Junior Boys Cup; Under 13's JPL C; U13 JPL C - Bottom Half,23,20,1630,0,0,0,0,0,true
xm8ypMv9Nr,2024,Noarlunga United,Under 14 Trials - No Match Officials; Under 14 JSL C; U14 Carl's Junior Boys Cup,18,15,1200,0,0,0,0,0,false
xm8ypMv9Nr,2025,Noarlunga United,Nova Under 15's YPL B Mixed; U15 Carl's Jr. Youth Premier Cup; Nova Under 16's YPL B Mixed,21,19,1790,1,0,0,0,0,false
xm8ypMv9Nr,2026,Noarlunga United,U16 Carl's Jr. Youth Premier Cup; Under 16 Trials; Federation Cup U18's; Nova Under 16's YPL C South Mixed; HPG Homes State League 2 South - Under 18's,38,22,2130,0,0,0,0,0,false
xm8yx1VDNr,2023,Pontian Eagles; Mount Barker United,State League 2 Reserves; State League 2; Federation Cup Reserves; Australia Cup SA Preliminary Rounds; 23 Reserves Trial Matches; 23 Senior Men's Trial Matches,8,4,368,0,0,0,0,0,false
xm8yx1VDNr,2024,Adelaide Hills Hawks,Federation Cup Reserves; State League 2 Reserves,7,4,383,0,1,0,0,0,false
xm8yx1VDNr,2025,Adelaide Titans Football Club,HPG Homes State League 2 South - Reserves; Federation Cup Reserves,20,9,1182,0,1,0,0,0,false
xm8yx1VDNr,2026,Barossa United,Federation Cup Reserves; HPG Homes State League 2 North - Reserves; HPG Homes State League 2 North,16,13,1201,0,2,0,0,0,false
yKJJ1Mq7AK,2025,Fulham United,HPG Homes State League 1; Australia Cup SA Preliminary Rounds,26,24,1844,7,1,0,0,0,false
yKJJ1Mq7AK,2026,Fulham United,HPG Homes State League 1; Hahn Australia Cup SA Preliminary Rounds; HPG Homes State League 1 Reserves,8,3,481,0,2,0,0,0,false
yKJJ1Mq8WK,2023,West Adelaide; Fulham United,RAA NPL Reserves; Australia Cup SA Preliminary Rounds; RAA NPL; 23 Senior Men's Trial Matches,19,9,11,0,2,0,0,0,false
yKJJ1Mq8WK,2024,Fulham United,Senior Men's Trial Matches; Australia Cup SA Preliminary Rounds; State League 1,25,12,1180,2,1,0,0,0,false
yKJJ1Mq8WK,2025,Fulham United,Senior Men's Trials; HPG Homes State League 1; Australia Cup SA Preliminary Rounds; HPG Homes State League 1 Reserves,23,19,1645,2,3,1,0,0,false
yKJJ1Mq8WK,2026,Fulham United,HPG Homes State League 1 Reserves; Federation Cup Reserves; HPG Homes State League 1; Hahn Australia Cup SA Preliminary Rounds,7,3,400,4,1,1,0,0,false
yKJJ1OYaWK,2025,Fulham United,HPG Homes State League 1 Reserves; HPG Homes State League 1,7,6,495,4,0,0,0,0,false
yKJJ1OYaWK,2026,Fulham United,Hahn Australia Cup SA Preliminary Rounds; HPG Homes State League 1; Senior Men's Trials; HPG Homes State League 1 Reserves,28,14,1829,2,2,0,0,0,false
yKJJ1ooWWK,2025,South Adelaide,Nova Under 15's YSL B Mixed; U15 Carl's Jr. Youth State Cup,15,12,1140,2,0,0,0,0,false
yKJJ1ooWWK,2026,Noarlunga United,U16 Carl's Jr. Youth Premier Cup; Nova Under 16's YPL C South Mixed; HPG Homes State League 2 South - Under 18's; Under 16 Trials,26,20,1945,2,2,1,0,0,false
yKJJ86GpXK,2026,Angle Vale,HPG Homes State League 2 North - Reserves,13,10,738,4,4,0,0,0,false
yKJJP42OAK,2026,Adelaide University,HPG Homes State League 2 South,4,3,371,0,1,0,0,0,false
yKJJP4Q1bK,2026,South Adelaide,Under 16 Trials; Nova Under 16's YPL B Mixed; U16 Carl's Jr. Youth Premier Cup; HPG Homes State League 1 Under 18's,23,20,1900,0,4,0,0,0,false
yKJJPMAr6K,2026,Adelaide Hills Hawks,Hahn Australia Cup SA Preliminary Rounds; Senior Men's Trials; HPG Homes State League 2 South; HPG Homes State League 2 South - Reserves,16,15,1558,2,3,0,0,0,false
yKJJPPLOrK,2026,Adelaide Croatia Raiders,Under 14 Trials; Nova Under 15's YPL A Mixed; Nova Under 16's YPL A Mixed; U15 Carl's Jr. Youth Premier Cup; U16 Carl's Jr. Youth Premier Cup; HPG Homes State League 1 Under 18's,32,26,2460,1,2,0,0,0,false
yKJJPPXeAK,2026,Adelaide Atletico VSC,HPG Homes State League 1 Reserves; Federation Cup U18's; Federation Cup Reserves; HPG Homes State League 1 Under 18's,25,17,1997,10,1,0,0,0,false
yKJJPPvZAK,2026,Port Adelaide,Nova Under 15's YPL B Mixed; Nova Under 16's YPL B Mixed; U15 Carl's Jr. Youth Premier Cup; Nova Under 14's YPL B Mixed; HPG Homes State League 2 (18s) Final Series,35,25,2340,11,2,0,0,0,false
yKJJPjA8bK,2023,Western Strikers,Federation Cup Reserves; State League 2 Reserves; State League 2,27,26,2542,1,3,0,0,0,false
yKJJPjA8bK,2024,Western Strikers,Reserves Trial Matches; Australia Cup SA Preliminary Rounds; State League 1; State League 1 Reserves,16,12,1062,0,3,0,0,0,false
yKJJPjA8bK,2025,Western Strikers,Senior Men's Trials; HPG Homes State League 2 South - Reserves; Australia Cup SA Preliminary Rounds; HPG Homes State League 2 South; HPG Homes State League 2 (Reserves) Final Series; HPG Homes State League 2 (Seniors) Final Series,20,15,1405,0,5,2,0,0,false
yKJJPjA8bK,2026,Plympton FC,Hahn Australia Cup SA Preliminary Rounds; Senior Men's Trials; HPG Homes State League 2 South; HPG Homes State League 2 South - Reserves,17,13,1295,1,6,0,0,0,false
yKJJPlg66K,2023,Mount Barker United,Under 13's JPL B; U13 Carl's Junior Boys Cup,20,20,1680,1,0,0,0,1,true
yKJJPlg66K,2024,Mount Barker United,Under 14 Trials; Under 14 JPL A; Under 14 Trials - No Match Officials; Under 14 JSL B; U14 Carl's Junior Boys Cup,27,15,1190,10,0,0,0,0,true
yKJJPlg66K,2025,Adelaide Hills Hawks,Nova Under 16's YPL C Mixed; U16 Carl's Jr. Youth Premier Cup,24,24,2235,0,0,0,0,0,true
yKJJPlg66K,2026,Adelaide Hills Hawks,HPG Homes State League 2 South - Under 18's; Federation Cup U18's,3,1,120,0,0,0,0,0,true
yKJJWZwAzK,2026,Angle Vale,HPG Homes State League 2 North - Reserves; HPG Homes State League 2 North,6,3,268,1,0,0,0,0,false
yKJJe6Z4JK,2026,Salisbury Inter,Under 17's B Mixed; U17 Carl's Jr. Youth Premier Cup; HPG Homes State League 2 North - Under 18's,23,16,1520,11,1,0,0,0,false
yKJJeW51AK,2026,Elizabeth Grove,HPG Homes State League 2 North - Reserves; Federation Cup Reserves,8,0,168,1,0,0,0,0,false
yKJJear86K,2026,Adelaide Cobras,Hahn Australia Cup SA Preliminary Rounds; HPG Homes State League 1; HPG Homes State League 1 Reserves,22,21,2334,1,2,1,0,0,false
yKJJear9JK,2026,Barossa United,Federation Cup Reserves; HPG Homes State League 2 North - Reserves; HPG Homes State League 2 North,21,10,830,1,5,0,0,0,false
yKJJearpXK,2026,Adelaide Blue Eagles,HPG Homes State League 1 Reserves; HPG Homes State League 1,24,23,2503,0,8,0,0,0,false
yKJJjknLAK,2026,Elizabeth Grove,HPG Homes State League 2 North; HPG Homes State League 2 North - Reserves,3,0,75,0,1,0,0,0,false
yKJJoBOpbK,2026,Cumberland United,Nova Under 15's YPL A Mixed; U15 Carl's Jr. Youth Premier Cup; HPG Homes State League 1 Under 18's; Nova Under 16's YPL A Mixed,30,24,2280,5,5,0,0,0,false
yKJJwaAkWK,2023,Playford City,Under 17's JPL B; State League 1 Under 18's; U17 Carl's Junior Boys Cup,25,18,1580,4,5,0,0,0,false
yKJJwaAkWK,2024,Playford City,Reserves Trial Matches; State League 1 Under 18's; Federation Cup U18's; State League 1 Reserves,20,9,870,5,2,1,0,0,false
yKJJwaAkWK,2025,Salisbury United,HPG Homes State League 1 Reserves; Federation Cup Reserves,21,2,434,1,1,0,0,0,false
yKJJwaAkWK,2026,Elizabeth Grove,Senior Men's Trials; HPG Homes State League 2 North - Reserves; HPG Homes State League 2 North,14,10,722,1,1,0,0,0,false
yKJb2EDXKY,2023,Northern Demons,State League 2 Reserves; Federation Cup Reserves; State League 2,29,21,1845,6,1,0,0,0,false
yKJb2EDXKY,2024,Northern Demons,Reserves Trial Matches; State League 2 Reserves; State League 2,17,17,1379,9,0,0,0,0,false
yKJb2EDXKY,2026,Northern Demons,HPG Homes State League 2 North - Reserves; Federation Cup Reserves,8,3,355,0,0,0,0,0,false
yKJbQkQWKY,2023,Vipers FC,Under 14's JPL A; Under 15's JPL B; U14 Carl's Junior Boys Cup; Under 14's JSL B,34,15,1320,7,2,0,0,0,false
yKJbQkQWKY,2024,Vipers FC,Under 15 Trials; Under 16 Trials - No Match Officials; Under 15 JSL A; U15 Carl's Junior Boys Cup,24,22,1970,15,2,0,0,0,false
yKJbQkQWKY,2025,Vipers FC,Under 16 Trials; Nova Under 16's YPL A Mixed; U16 Carl's Jr. Youth Premier Cup,24,0,0,3,0,0,0,0,false
yKJbQkQWKY,2026,Western Strikers,Federation Cup U18's; HPG Homes State League 2 South - Under 18's; HPG Homes State League 2 (18s) Final Series,22,20,2400,4,3,0,0,0,false
yKJbQxj0KY,2023,Adelaide University,Australia Cup SA Preliminary Rounds; State League 2; 23 Senior Men's Trial Matches,28,28,888,0,5,0,0,0,false
yKJbQxj0KY,2024,Adelaide University,Senior Men's Trial Matches; Australia Cup SA Preliminary Rounds; State League 2,29,29,2445,0,4,0,0,0,false
yKJbQxj0KY,2025,Adelaide University,Senior Men's Trials; HPG Homes State League 2 South; Australia Cup SA Preliminary Rounds; HPG Homes State League 2 (Seniors) Final Series,27,25,2188,7,5,0,0,0,false
yKJbQxj0KY,2026,Adelaide University,Senior Men's Trials; Hahn Australia Cup SA Preliminary Rounds; HPG Homes State League 2 South,20,19,1956,1,4,0,0,0,false
yKJbVBxzKY,2023,Salisbury United,State League 2; Australia Cup SA Preliminary Rounds,24,22,1215,12,1,1,0,0,false
yKJbVBxzKY,2024,Salisbury United,Senior Men's Trial Matches; State League 1; Australia Cup SA Preliminary Rounds,24,9,1095,3,0,2,0,0,false
yKJbVBxzKY,2025,Salisbury Inter,Senior Men's Trials; HPG Homes State League 2 North; Australia Cup SA Preliminary Rounds; HPG Homes State League 2 North - Reserves; HPG Homes State League 2 (Seniors) Final Series,19,15,1370,2,2,0,0,0,false
yKJbVBxzKY,2026,Salisbury Inter,Hahn Australia Cup SA Preliminary Rounds; HPG Homes State League 2 North - Reserves; HPG Homes State League 2 North; HPG Homes State League 2 (Seniors) Finals Series,21,14,1386,5,1,0,0,0,false
yKJbVeR3KY,2023,Sturt Lions,RAA NPL; Australia Cup SA Preliminary Rounds,22,21,640,0,3,0,0,0,false
yKJbVeR3KY,2024,South Adelaide,RAA NPL; Australia Cup SA Preliminary Rounds,22,20,1820,0,2,0,0,0,false
yKJbVeR3KY,2026,Cove FC,Hahn Australia Cup SA Preliminary Rounds; HPG Homes State League 1; Senior Men's Trials,20,19,1682,2,7,0,0,0,false
yKJbnj90KY,2023,West Adelaide,RAA NPL Reserves; Federation Cup Reserves,22,15,1873,1,0,0,0,0,false
yKJbnj90KY,2024,Salisbury United,Senior Men's Trial Matches; Australia Cup SA Preliminary Rounds; State League 1; State League 1 Reserves,29,20,1818,0,2,0,0,0,false
yKJbnj90KY,2025,Salisbury United,Reserves; Senior Men's Trials; HPG Homes State League 1; Australia Cup SA Preliminary Rounds; HPG Homes State League 1 Reserves,22,8,754,0,0,0,0,0,false
yKJbnj90KY,2026,Eastern United,Hahn Australia Cup SA Preliminary Rounds; HPG Homes State League 1; HPG Homes State League 1 Reserves; Senior Men's Trials,23,18,2072,0,0,0,0,0,false
yKJbv4P0KY,2023,Modbury Jets,RAA NPL Under 18's; Federation Cup U18's; Under 17's JPL A,23,16,1860,2,4,0,0,0,false
yKJbv4P0KY,2024,MetroStars,U18 Trial Matches; RAA NPL Under 18's; RAA NPL Reserves; Federation Cup U18's; Federation Cup Reserves,28,16,1419,0,6,0,0,0,false
yKJbv4P0KY,2025,Ghan United; West Adelaide,Reserves; HPG Homes State League 1 Reserves; Federation Cup Reserves,28,22,1860,9,8,0,0,0,false
yKJbv4P0KY,2026,Pontian Eagles,Federation Cup Reserves; HPG Homes State League 2 North - Reserves; HPG Homes State League 2 North,16,14,1253,2,1,0,0,0,false
ydoJ3jjGKD,2023,Noarlunga United,Under 13's JSL C,2,2,160,0,0,0,0,0,false
ydoJ3jjGKD,2026,Seaford Rangers,Nova Under 16's YPL C South Mixed; U16 Carl's Jr. Youth Premier Cup; HPG Homes State League 2 South - Under 18's,22,18,1710,0,1,0,0,0,false
ydoJD76YKD,2023,Campbelltown City,RAA NPL Under 18's; Federation Cup U18's; RAA NPL Reserves; Federation Cup Reserves,22,13,1845,4,1,0,0,0,false
ydoJD76YKD,2024,Adelaide Cobras,Senior Men's Trial Matches; Australia Cup SA Preliminary Rounds; State League 1; Senior Men's Trials,22,12,1041,1,3,0,0,0,false
ydoJD76YKD,2025,Adelaide Cobras; Eastern United,Senior Men's Trials; HPG Homes State League 1; HPG Homes State League 1 Reserves; Australia Cup SA Preliminary Rounds; HPG Homes State League 2 South; HPG Homes State League 2 South - Reserves; HPG Homes State League 2 (Seniors) Final Series,24,12,1271,2,2,1,0,0,false
ydoJD76YKD,2026,Eastern United,HPG Homes State League 1 Reserves; Federation Cup Reserves; HPG Homes State League 1,16,7,1022,1,1,0,0,0,false
ydoJD7MgKD,2023,,,0,0,0,0,0,0,0,0,false
ydoJD7MgKD,2024,,,0,0,0,0,0,0,0,0,false
ydoJD7MgKD,2025,Cumberland United,HPG Homes State League 1; Australia Cup SA Preliminary Rounds,23,20,1809,6,4,0,0,0,false
ydoJD7MgKD,2026,Cumberland United,Hahn Australia Cup SA Preliminary Rounds; HPG Homes State League 1,27,21,2082,2,2,0,0,0,false
ydoJDJ3RKD,2023,Cove FC,State League 2 Reserves; State League 2,8,7,720,1,1,0,0,0,false
ydoJDJ3RKD,2026,Adelaide University,Federation Cup Reserves; Senior Men's Trials; HPG Homes State League 2 South - Reserves,4,4,307,1,2,0,0,0,false
ydoJDJBLKD,2023,Eastern United,State League 1 Reserves; State League 1; Australia Cup SA Preliminary Rounds; 23 Senior Men's Trial Matches,27,17,360,2,5,0,0,0,false
ydoJDJBLKD,2024,Eastern United,Senior Men's Trial Matches; Australia Cup SA Preliminary Rounds; State League 2; State League 2 Reserves,17,11,1027,0,1,0,0,0,false
ydoJDJBLKD,2025,Western Strikers,Senior Men's Trials; HPG Homes State League 2 South; Australia Cup SA Preliminary Rounds; HPG Homes State League 2 South - Reserves; HPG Homes State League 2 (Reserves) Final Series,16,10,851,0,2,0,0,0,false
ydoJDJBLKD,2026,Western Strikers,Federation Cup Reserves; HPG Homes State League 2 South - Reserves; HPG Homes State League 2 South; HPG Homes State League 2 (Seniors) Finals Series,20,12,1715,3,6,1,0,0,false
ydoJVrMGKD,2023,Adelaide Blue Eagles,State League 1 Reserves; Federation Cup Reserves; State League 1; 23 Senior Men's Trial Matches,21,14,2005,8,1,0,0,0,false
ydoJVrMGKD,2024,Adelaide Blue Eagles; West Adelaide,Reserves Trial Matches; State League 1 Reserves,16,4,583,3,0,0,0,0,false
ydoJVrMGKD,2025,South Adelaide,Reserves; HPG Homes State League 1 Reserves; Federation Cup Reserves; HPG Homes State League 1,22,17,1532,9,0,0,0,0,false
ydoJVrMGKD,2026,South Adelaide,Hahn Australia Cup SA Preliminary Rounds; HPG Homes State League 1; HPG Homes State League 1 Reserves,25,13,1402,7,0,0,0,0,false
ydoJVwpRKD,2023,Sturt Lions,RAA NPL Reserves; Federation Cup Reserves; RAA NPL Under 18's; RAA NPL; 23 Senior Men's Trial Matches,25,23,2491,5,6,1,0,0,false
ydoJVwpRKD,2024,Sturt Lions,Senior Men's Trial Matches; Australia Cup SA Preliminary Rounds; State League 1; State League 1 Reserves,31,27,2283,6,5,0,0,0,false
ydoJVwpRKD,2025,Sturt Lions,HPG Homes State League 1; HPG Homes State League 1 Reserves; Australia Cup SA Preliminary Rounds; Senior Men's Trials,29,12,1165,3,1,0,0,0,false
ydoJVwpRKD,2026,Noarlunga United,Hahn Australia Cup SA Preliminary Rounds; HPG Homes State League 2 South; Senior Men's Trials,21,21,2450,3,4,0,0,0,false
ydoJVxQaKD,2023,Adelaide Hills Hawks,Under 14 Trials; Under 14's JPL B; U14 Carl's Junior Boys Cup,21,8,700,4,0,0,0,0,false
ydoJVxQaKD,2024,Adelaide Hills Hawks,Under 15 Trials; Under 15 JPL B; U15 Carl's Junior Boys Cup,18,11,975,3,0,0,0,0,false
ydoJVxQaKD,2025,Adelaide Hills Hawks,HPG Homes State League 2 South - Under 18's; Nova Under 16's YPL C Mixed; U16 Carl's Jr. Youth Premier Cup; HPG Homes State League 2 (18s) Final Series,34,19,1770,10,3,0,0,0,false
ydoJVxQaKD,2026,Adelaide Hills Hawks,Federation Cup U18's; HPG Homes State League 2 South - Under 18's; HPG Homes State League 2 South - Reserves; HPG Homes State League 2 (18s) Final Series,30,24,3004,19,6,0,0,0,false
ydoJW4oEKD,2025,Adelaide Titans Football Club,HPG Homes State League 2 South - Reserves; Federation Cup Reserves,19,16,1462,8,0,0,0,0,false
ydoJW4oEKD,2026,Adelaide Titans Football Club,Hahn Australia Cup SA Preliminary Rounds; Senior Men's Trials; HPG Homes State League 2 South; HPG Homes State League 2 South - Reserves,15,4,844,2,0,0,0,0,false
ydoJWV3oKD,2023,WT Birkalla,State League 1 Reserves; Federation Cup Reserves; State League 1,25,23,2376,5,2,0,0,0,false
ydoJWV3oKD,2024,Adelaide University,Senior Men's Trial Matches; Australia Cup SA Preliminary Rounds; State League 2,27,17,1458,0,6,0,0,0,false
ydoJWV3oKD,2025,Adelaide University,Reserves; Senior Men's Trials; HPG Homes State League 2 South; Australia Cup SA Preliminary Rounds; HPG Homes State League 2 South - Reserves; HPG Homes State League 2 (Seniors) Final Series,26,17,1701,2,1,0,0,0,false
ydoJWV3oKD,2026,Adelaide University,Senior Men's Trials; Hahn Australia Cup SA Preliminary Rounds; HPG Homes State League 2 South; HPG Homes State League 2 South - Reserves,16,8,1069,4,2,0,0,0,false
ydoJYOygKD,2023,Para Hills Knights,Under 15's JPL A; Under 15's JSL A; U15 Carl's Junior Boys Cup,25,23,2070,0,0,0,0,0,true
ydoJYOygKD,2025,Salisbury Inter,Under 17 Trials; Nova Under 17's YPL B Mixed; U17 Carl's Jr. Youth Premier Cup; HPG Homes State League 2 North - Under 18's; HPG Homes State League 2 North - Reserves,21,18,1675,0,1,0,0,3,true
ydoJYOygKD,2026,Adelaide University,Federation Cup U18's; Federation Cup Reserves; Under 18's; Reserves; HPG Homes State League 2 South - Under 18's; HPG Homes State League 2 South - Reserves,23,22,2580,0,4,0,0,3,true
ydoJZBbaKD,2023,Campbelltown City,RAA NPL Under 18's; Federation Cup U18's; RAA NPL Reserves,27,26,3043,2,8,0,0,0,false
ydoJZBbaKD,2024,Campbelltown City,Reserves Trial Matches; Senior Men's Trial Matches; RAA NPL Reserves; Federation Cup Reserves,15,4,352,0,0,0,0,0,false
ydoJZBbaKD,2025,Adelaide University,Senior Men's Trials; HPG Homes State League 2 South; Australia Cup SA Preliminary Rounds; HPG Homes State League 2 South - Reserves,19,13,1200,0,0,0,0,0,false
ydoJZBbaKD,2026,Eastern United,Federation Cup Reserves; HPG Homes State League 1 Reserves; HPG Homes State League 1,9,8,991,0,1,1,0,0,false
ydoJoWZRKD,2023,Fulham United,State League 1; State League 1 Reserves; Federation Cup Reserves; 23 Senior Men's Trial Matches; 23 Reserves Trial Matches,24,21,2114,0,0,0,0,3,true
ydoJoWZRKD,2024,Fulham United; Mount Barker United,Reserves Trial Matches; State League 2; State League 2 Reserves,19,16,1482,0,2,0,0,0,true
ydoJoWZRKD,2025,Mount Barker United,Senior Men's Trials; HPG Homes State League 2 South; HPG Homes State League 2 South - Reserves; HPG Homes State League 2 (Reserves) Final Series,10,10,930,0,0,0,0,0,true
ydoJoWZRKD,2026,Mount Barker United; Para Hills Knights,Hahn Australia Cup SA Preliminary Rounds; Federation Cup Reserves; Senior Men's Trials; HPG Homes State League 2 South; HPG Homes State League 2 South - Reserves; RAA NPL Reserves; RAA NPL,22,21,2340,0,0,0,0,1,true
ydoJox5YKD,2023,Adelaide University,State League 2 Reserves; Federation Cup Reserves; State League 2,20,17,1936,12,0,0,0,0,false
ydoJox5YKD,2024,Adelaide University,Reserves Trial Matches; Federation Cup Reserves; State League 2 Reserves; State League 2,24,19,1736,6,0,0,0,0,false
ydoJox5YKD,2025,Adelaide University,Senior Men's Trials; HPG Homes State League 2 South; Australia Cup SA Preliminary Rounds; HPG Homes State League 2 (Seniors) Final Series,19,10,1048,3,0,0,0,0,false
ydoJox5YKD,2026,Adelaide University,Senior Men's Trials; Hahn Australia Cup SA Preliminary Rounds; HPG Homes State League 2 South,17,15,1596,7,0,0,0,0,false
ydoO3Zg8Gd,2024,MetroStars,Under 16 JSL A; U16 Carl's Junior Boys Cup; Under 16 JPL A; U17 Carl's Junior Boys Cup; Under 17 JPL A,21,11,980,12,0,0,0,0,false
ydoO3Zg8Gd,2025,MetroStars,Nova Under 17's YPL A Mixed; U17 Carl's Jr. Youth Premier Cup,23,19,1760,14,5,0,0,0,false
ydoO3Zg8Gd,2026,Salisbury United,HPG Homes State League 1 Reserves; Federation Cup Reserves; HPG Homes State League 1 Under 18's,23,15,1744,1,1,0,0,0,false
ydoOVJnbad,2023,Salisbury Inter,Under 15's JSL B; U15 Carl's Junior Boys Cup,23,19,1710,8,3,0,0,0,false
ydoOVJnbad,2024,Salisbury United,Under 17 JPL C; U17 Carl's Junior Boys Cup,16,11,980,5,2,0,0,0,false
ydoOVJnbad,2025,Salisbury Inter,Nova Under 17's YPL B Mixed; U17 Carl's Jr. Youth Premier Cup,15,12,1140,2,0,0,0,0,false
ydoOVJnbad,2026,Pontian Eagles,Federation Cup U18's; HPG Homes State League 2 North - Under 18's,14,8,750,2,0,0,0,0,false
ydoOoZvv7d,2024,West Adelaide,Senior Men's Trial Matches; Australia Cup SA Preliminary Rounds; State League 1,26,20,1852,3,3,0,0,0,false
ydoOoZvv7d,2025,West Adelaide; Western Strikers,HPG Homes State League 1; Australia Cup SA Preliminary Rounds; HPG Homes State League 2 South; HPG Homes State League 2 (Seniors) Final Series,21,17,1447,2,1,0,0,0,false
ydoOoZvv7d,2026,Western Strikers,Hahn Australia Cup SA Preliminary Rounds; HPG Homes State League 2 South; HPG Homes State League 2 South - Reserves; HPG Homes State League 2 (Seniors) Finals Series,21,18,1964,0,1,0,0,0,false
ydoOog0pGd,2024,Gawler Eagles,Under 14 Trials; Under 14 JPL B; Under 16 JSL A,12,12,1070,0,0,0,0,0,false
ydoOog0pGd,2025,Gawler Eagles,Under 18's; Under 15 Trials; HPG Homes State League 2 North - Under 18's; Federation Cup U18's; Nova Under 15's YPL C Mixed; U15 Carl's Jr. Youth Premier Cup; Nova Under 16's YPL C Mixed,29,22,2070,2,2,0,0,0,false
ydoOog0pGd,2026,Gawler Eagles,Under 16 Trials; Federation Cup U18's; Under 18's; HPG Homes State League 2 North - Under 18's; U16 Carl's Jr. Youth Premier Cup; Nova Under 16's YPL C North Mixed,36,30,2805,7,1,0,0,0,false
ydoR17Zr7K,2026,Salisbury Inter,HPG Homes State League 2 North - Reserves; Federation Cup Reserves,16,6,576,2,0,0,0,0,false
ydoR1AM8RK,2026,Elizabeth Grove,HPG Homes State League 2 North - Under 18's; Federation Cup U18's; HPG Homes State League 2 North - Reserves,20,18,1660,1,0,0,0,0,false
ydoR1q9X7K,2026,Fulham United,HPG Homes State League 1 Under 18's; Federation Cup U18's; HPG Homes State League 1 Reserves,25,23,2753,1,2,0,0,0,false
ydoR6wD6YK,2026,Barossa United,Hahn Australia Cup SA Preliminary Rounds; HPG Homes State League 2 North - Reserves; HPG Homes State League 2 North,18,14,1242,1,3,0,0,0,false
ydoR7aVzaK,2025,Angle Vale,Nova Under 13's YSL D Mixed; U13 Carl's Jr. Youth State Cup,21,12,890,8,0,0,0,0,false
ydoR7aVzaK,2026,Angle Vale,Under 14 Trials; Nova Under 14's YPL C North Mixed; U14 Carl's Jr. Youth Premier Cup; HPG Homes State League 2 North - Under 18's,24,17,1410,3,0,0,0,0,true
ydoR7o8ygK,2026,Port Adelaide,Senior Men's Trials; HPG Homes State League 2 North; Hahn Australia Cup SA Preliminary Rounds,18,16,1504,0,2,0,0,0,false
ydoRA0xa7K,2025,Cove FC,Reserves; HPG Homes State League 1 Reserves; Australia Cup SA Preliminary Rounds; HPG Homes State League 1,24,16,1470,3,4,0,0,0,false
ydoRA0xa7K,2026,Seaford Rangers,Hahn Australia Cup SA Preliminary Rounds; Senior Men's Trials; HPG Homes State League 2 South; HPG Homes State League 2 (Seniors) Finals Series,21,18,1710,5,4,0,0,0,false
ydoRA6nlgK,2025,,,0,0,0,0,0,0,0,0,false
ydoRA6nlgK,2026,South Adelaide,Hahn Australia Cup SA Preliminary Rounds; HPG Homes State League 1,22,22,2481,0,2,0,0,0,false
ydoRAxkAYK,2025,Gawler Eagles,U16 Carl's Jr. Youth Premier Cup; Nova Under 16's YPL C Mixed,20,18,1695,1,2,0,0,0,false
ydoRAxkAYK,2026,Gawler Eagles,Under 16 Trials; U16 Carl's Jr. Youth Premier Cup; Nova Under 16's YPL C North Mixed; HPG Homes State League 2 North - Under 18's,18,15,1420,3,1,0,0,0,false
ydoRMQk4oK,2026,Elizabeth Grove,Nova Under 16's YPL C North Mixed; HPG Homes State League 2 North - Under 18's; Nova Under 16's YPL C Mixed Finals Series,10,8,760,23,1,0,0,0,false
ydoRWAL6aK,2026,Plympton FC,HPG Homes State League 2 South - Reserves; HPG Homes State League 2 South,8,6,678,0,1,0,0,0,false
ydoRj4A0EK,2026,Port Adelaide,Hahn Australia Cup SA Preliminary Rounds; Senior Men's Trials; HPG Homes State League 2 North,18,14,1290,0,2,0,0,0,false
ydoRjB9loK,2026,Cumberland United,Federation Cup U18's; HPG Homes State League 1 Under 18's; HPG Homes State League 1 Reserves,28,21,2528,0,2,0,0,0,false
ydoRjBbzRK,2026,Adelaide Croatia Raiders,HPG Homes State League 1 Under 18's; Federation Cup U18's; HPG Homes State League 1 Reserves,17,10,1200,1,1,0,0,0,false
ydoRjEyxEK,2026,Seaford Rangers,Federation Cup Reserves; HPG Homes State League 2 South - Reserves,19,17,1936,1,0,0,0,0,false
ydoRjp9poK,2026,Barossa United,Federation Cup Reserves; HPG Homes State League 2 North - Reserves,3,0,88,0,0,0,0,0,false
ydoRjq6D7K,2026,Elizabeth Grove,Hahn Australia Cup SA Preliminary Rounds; Senior Men's Trials; HPG Homes State League 2 North,20,20,1807,4,1,0,0,0,false
ydoRjyA3oK,2026,Adelaide Titans Football Club,U16 Carl's Jr. Youth Premier Cup; Nova Under 16's YPL C South Mixed; HPG Homes State League 2 South - Under 18's,21,21,2020,0,0,0,0,0,false
ydoe0OELND,2023,Adelaide University,Under 17's JPL A; U17 Carl's Junior Boys Cup; State League 2 Under 18's,19,17,1520,3,1,0,0,0,false
ydoe0OELND,2024,Adelaide University,U18 Trial Matches; Reserves Trial Matches; Federation Cup U18's; State League 2 Under 18's; State League 2 Reserves,21,15,1320,10,0,0,0,0,false
ydoe0OELND,2025,Adelaide University,Reserves; HPG Homes State League 2 South - Reserves; Federation Cup Reserves,18,1,350,4,1,0,0,0,false
ydoe0OELND,2026,Adelaide University,Federation Cup Reserves; Reserves; HPG Homes State League 2 South - Reserves,17,4,750,4,1,0,0,0,false
ydoeOMzRND,2023,Cove FC,Under 16's JPL B; U16 Carl's Junior Boys Cup; Under 15's JSL B; Under 17's JPL B,26,19,1700,0,1,0,0,0,false
ydoeOMzRND,2024,Noarlunga United,U18 Trial Matches; State League 2 Under 18's; Federation Cup U18's; Under 16 JPL B,27,8,750,1,6,0,0,0,false
ydoeOMzRND,2025,Noarlunga United,Reserves; Under 18's; HPG Homes State League 2 South - Under 18's; Federation Cup U18's; HPG Homes State League 2 South - Reserves,21,17,1619,2,1,0,0,0,false
ydoeOMzRND,2026,Noarlunga United,Federation Cup U18's; HPG Homes State League 2 South - Under 18's; HPG Homes State League 2 South - Reserves,18,18,2160,0,6,0,0,0,false
zdBREV6jdB,2023,Modbury Jets,RAA NPL; Australia Cup SA Preliminary Rounds,27,25,818,0,3,0,0,0,false
zdBREV6jdB,2024,Modbury Jets,Reserves Trial Matches; Senior Men's Trial Matches; RAA NPL; Australia Cup SA Preliminary Rounds,31,28,2535,0,2,1,0,0,false
zdBREV6jdB,2025,Modbury Jets,RAA NPL; Australia Cup SA Preliminary Rounds,23,20,1877,1,5,0,0,0,false
zdBREV6jdB,2026,Western Strikers,Hahn Australia Cup SA Preliminary Rounds; HPG Homes State League 2 South; HPG Homes State League 2 (Seniors) Finals Series,21,20,2367,3,4,0,0,0,false
zdBRaQgqdB,2023,Adelaide Hills Hawks,Under 14 Trials; Under 14's JPL B; U14 Carl's Junior Boys Cup,22,16,1380,5,0,0,0,0,false
zdBRaQgqdB,2024,Adelaide Hills Hawks,Under 15 Trials; Under 15 JPL B; U15 Carl's Junior Boys Cup,20,17,1505,1,0,0,0,0,false
zdBRaQgqdB,2025,Adelaide Hills Hawks,Under 18's; Nova Under 16's YPL C Mixed; HPG Homes State League 2 South - Under 18's; U16 Carl's Jr. Youth Premier Cup,27,18,1680,15,1,0,0,0,false
zdBRaQgqdB,2026,Adelaide Hills Hawks,Federation Cup U18's; HPG Homes State League 2 South - Under 18's; HPG Homes State League 2 South - Reserves; HPG Homes State League 2 (18s) Final Series,28,21,2666,10,4,0,0,0,false
zdBRaZBndB,2023,Adelaide Hills Hawks,Under 14 Trials; Under 14's JPL B; U14 Carl's Junior Boys Cup; U15 JPL B - Top Half,22,22,1900,0,0,0,0,1,true
zdBRaZBndB,2024,Adelaide Hills Hawks,Under 15 JPL B; U15 Carl's Junior Boys Cup; Under 16 JPL B,15,15,1340,0,0,0,0,1,true
zdBRaZBndB,2025,South Adelaide,Under 16 Trials; HPG Homes State League 1 Under 18's; HPG Homes State League 1 Reserves; Nova Under 16's YPL A Mixed; U16 Carl's Jr. Youth Premier Cup,25,25,2325,0,1,0,0,2,true
zdBRaZBndB,2026,South Adelaide,HPG Homes State League 1 Under 18's; HPG Homes State League 1 Reserves; Federation Cup U18's,25,25,3000,0,0,0,0,5,true
zdBRl5wWdB,2023,Noarlunga United,State League 2; Australia Cup SA Preliminary Rounds,21,20,803,5,8,0,0,0,false
zdBRl5wWdB,2024,Seaford Rangers,Senior Men's Trial Matches; Australia Cup SA Preliminary Rounds; State League 2,5,3,229,0,0,1,0,0,false
zdBRl5wWdB,2026,Mount Barker United,Federation Cup Reserves; HPG Homes State League 2 South - Reserves; HPG Homes State League 2 South,22,19,1832,9,1,0,0,0,false
zdBRqOJDdB,2023,Cumberland United,Under 13 Trials; Under 13's JPL A; U13 Carl's Junior Boys Cup,25,18,1340,0,1,0,0,0,false
zdBRqOJDdB,2024,Cumberland United,Under 14 Trials; Under 14 JPL A; U14 Carl's Junior Boys Cup,27,22,1810,0,0,0,0,0,false
zdBRqOJDdB,2025,Cumberland United,Under 15 Trials; Nova Under 15's YPL A Mixed; U15 Carl's Jr. Youth Premier Cup,22,16,1585,0,0,0,0,0,false
zdBRqOJDdB,2026,Adelaide Cobras,Under 16 Trials - No Match Officials; HPG Homes State League 1 Under 18's; Nova Under 16's YPL A Mixed; U16 Carl's Jr. Youth Premier Cup,28,27,2620,1,0,0,0,0,false
zdBRrGXndB,2023,South Adelaide,Under 15's JPL A; U15 Carl's Junior Boys Cup,26,24,2130,4,2,0,0,0,false
zdBRrGXndB,2024,South Adelaide,Under 16 JPL A; RAA NPL Under 18's; U16 Carl's Junior Boys Cup; RAA NPL Reserves,30,19,1709,5,1,0,0,0,false
zdBRrGXndB,2025,South Adelaide,Under 18's; HPG Homes State League 1 Under 18's; Federation Cup U18's; HPG Homes State League 1 Reserves,20,16,1487,1,0,1,0,0,true
zdBRrGXndB,2026,South Adelaide,HPG Homes State League 1 Under 18's; HPG Homes State League 1 Reserves; Federation Cup Reserves; HPG Homes State League 1,34,24,3276,3,3,0,0,0,false
zdBRrPWPdB,2023,Pontian Eagles,State League 2 Under 18's; State League 2 Reserves; State League 2,22,18,2397,6,8,0,0,0,false
zdBRrPWPdB,2024,Pontian Eagles; West Adelaide,Reserves Trial Matches; Federation Cup U18's; State League 2 Under 18's; State League 2; State League 2 Reserves; State League 1 Under 18's; Under 17 JPL B; State League 1 Reserves,29,21,2056,9,9,0,0,0,false
zdBRrPWPdB,2025,West Adelaide,Reserves; HPG Homes State League 1 Reserves; Federation Cup Reserves; HPG Homes State League 1; HPG Homes State League 1 Under 18's,26,20,2086,2,12,0,0,0,false
zdBRrPWPdB,2026,West Adelaide; Pontian Eagles,RAA NPL Reserves; HPG Homes State League 2 North - Reserves; HPG Homes State League 2 North; HPG Homes State League 2 (Reserves) Final Series,22,21,1893,5,6,0,0,0,false
zdBWxgMWmB,2023,South Adelaide,Under 13's JPL A; U13 Carl's Junior Boys Cup; Under 13's JSL A,26,15,1180,24,0,0,0,0,false
zdBWxgMWmB,2024,Noarlunga United,Under 14 JPL B; U14 Carl's Junior Boys Cup; State League 2 Under 18's; Under 15 JPL B; Under 16 JPL B,28,25,2210,31,1,0,0,0,false
zdBWxgMWmB,2025,Cumberland United,Under 15 Trials; Nova Under 15's YPL A Mixed; U15 Carl's Jr. Youth Premier Cup; Nova Under 16's YPL A Mixed; U16 Carl's Jr. Youth Premier Cup,32,21,1965,15,2,0,0,0,false
zdBWxgMWmB,2026,Cumberland United,Nova Under 16's YPL A Mixed; Under 18's; U16 Carl's Jr. Youth Premier Cup; HPG Homes State League 1 Under 18's,30,25,2425,18,4,1,0,0,false
zdBe242WPK,2026,Elizabeth Grove,Federation Cup Reserves; HPG Homes State League 2 North - Reserves,0,0,0,0,0,0,0,0,false
zdBe64VG2K,2025,Port Adelaide,HPG Homes State League 2 North - Reserves; HPG Homes State League 2 North,16,14,918,4,1,0,0,0,false
zdBe64VG2K,2026,Adelaide Hills Hawks,Senior Men's Trials; HPG Homes State League 2 South - Reserves,4,3,281,0,2,0,0,0,false
zdBe6J879K,2025,Eastern United,Under 16 Trials - No Match Officials; Under 16 Trials; HPG Homes State League 2 South - Under 18's; Nova Under 16's YPL C Mixed; U16 Carl's Jr. Youth Premier Cup,26,21,1965,11,3,0,0,0,false
zdBe6J879K,2026,Adelaide Atletico VSC,HPG Homes State League 1 Under 18's; Federation Cup U18's,23,21,2520,3,4,0,0,0,false
zdBe6PaWjK,2025,Eastern United,HPG Homes State League 2 South - Reserves; Federation Cup Reserves,16,15,1431,0,1,0,0,2,true
zdBe6PaWjK,2026,Eastern United,Federation Cup Reserves; HPG Homes State League 1 Reserves,20,13,1809,0,1,0,0,3,true
zdBe6Pn4kK,2025,Gawler Eagles,HPG Homes State League 2 North; HPG Homes State League 2 North - Reserves; Australia Cup SA Preliminary Rounds; HPG Homes State League 2 (Seniors) Final Series,21,14,1469,0,4,0,0,0,false
zdBe6Pn4kK,2026,Gawler Eagles,Hahn Australia Cup SA Preliminary Rounds; Senior Men's Trials; HPG Homes State League 2 North,15,8,892,0,1,0,0,0,false
zdBe6znagK,2025,Port Adelaide,HPG Homes State League 2 North - Reserves; Federation Cup Reserves,16,15,1400,0,2,0,0,0,false
zdBe6znagK,2026,Elizabeth Grove,Hahn Australia Cup SA Preliminary Rounds; HPG Homes State League 2 North; HPG Homes State League 2 North - Reserves; Federation Cup Reserves,18,13,1256,0,0,0,0,0,false
zdBeL88QqK,2023,Adelaide Blue Eagles; Seaford Rangers,State League 1 Reserves; Federation Cup Reserves; State League 2; 23 Senior Men's Trial Matches,27,23,1159,1,1,1,0,0,false
zdBeL88QqK,2024,Seaford Rangers; Adelaide Hills Hawks,Senior Men's Trial Matches; Australia Cup SA Preliminary Rounds; State League 2; State League 2 Reserves,15,5,511,0,0,0,0,0,false
zdBeL88QqK,2025,Adelaide Atletico VSC,Senior Men's Trials; HPG Homes State League 2 North; Australia Cup SA Preliminary Rounds; HPG Homes State League 2 North - Reserves; HPG Homes State League 2 (Seniors) Final Series,20,10,975,1,1,0,0,0,false
zdBeL88QqK,2026,Mount Barker United,Hahn Australia Cup SA Preliminary Rounds; Senior Men's Trials; HPG Homes State League 2 South; HPG Homes State League 2 South - Reserves,23,16,1814,1,1,0,0,0,false
zdBeP34Q2K,2026,Adelaide Croatia Raiders,Under 15 Trials; Nova Under 16's YPL A Mixed; HPG Homes State League 1 Under 18's; U16 Carl's Jr. Youth Premier Cup,31,22,2110,1,1,0,0,0,false
zdBeP9AlPK,2023,Fulham United,Under 15's JSL B; Under 15's JPL B; U15 Carl's Junior Boys Cup; U15 JPL B - Top Half; U18 Trial Matches,30,26,2300,1,0,0,0,0,false
zdBeP9AlPK,2024,Fulham United,State League 1 Under 18's; Under 16 JPL B,19,14,1260,0,0,0,0,0,false
zdBeP9AlPK,2025,Adelaide Titans Football Club,HPG Homes State League 2 South - Under 18's; Federation Cup U18's; HPG Homes State League 2 South - Reserves; HPG Homes State League 2 (18s) Final Series,22,19,1740,6,0,0,0,0,false
zdBeP9AlPK,2026,Adelaide Titans Football Club,Federation Cup U18's; HPG Homes State League 2 South - Under 18's; HPG Homes State League 2 South - Reserves,22,12,1846,1,0,0,0,0,false
zdBeP9MlqK,2026,Salisbury United,HPG Homes State League 1 Under 18's; Under 17 Trials - No Match Officials; HPG Homes State League 1 Reserves; Under 17's B Mixed; U17 Carl's Jr. Youth Premier Cup,25,16,1665,0,0,0,0,4,true
zdBePBWr2K,2026,Adelaide Cobras,HPG Homes State League 1 Reserves; Federation Cup Reserves; HPG Homes State League 1,22,21,2483,0,1,0,0,7,true
zdBePBXvkK,2026,Adelaide Cobras,Nova Under 15's YPL A Mixed; Under 15's YSL C Mixed; U15 Carl's Jr. Youth Premier Cup; Nova Under 16's YPL A Mixed; HPG Homes State League 1 Under 18's,30,19,1800,1,1,0,0,1,true
zdBePEpVPK,2026,Angle Vale,Senior Men's Trials; HPG Homes State League 2 North; HPG Homes State League 2 North - Reserves,18,14,1311,3,0,0,0,0,false
zdBePQO7kK,2026,Angle Vale,HPG Homes State League 2 North - Under 18's,4,3,270,0,0,0,0,0,false
zdBePeW2qK,2023,Adelaide Comets,Under 14's JSL A; U14 Carl's Junior Boys Cup,17,17,1350,3,0,0,0,0,false
zdBePeW2qK,2024,Modbury Vista,Under 15 Trials; Under 15 JPL A; U15 Carl's Junior Boys Cup; Under 15 JSL B; Under 17 JPL B,27,21,1870,2,1,0,0,0,false
zdBePeW2qK,2025,Modbury Vista,Under 18's; Under 16 Trials; HPG Homes State League 2 North - Under 18's; Federation Cup U18's; Nova Under 16's YPL C Mixed; HPG Homes State League 2 North - Reserves; HPG Homes State League 2 (18s) Final Series,33,21,2010,2,2,0,0,0,false
zdBePeW2qK,2026,Modbury Vista,Federation Cup U18's; Under 18's; HPG Homes State League 2 North - Under 18's; HPG Homes State League 2 North - Reserves; HPG Homes State League 2 (Reserves) Final Series; HPG Homes State League 2 (18s) Final Series,26,21,2129,5,3,0,0,0,false
zdBePvE82K,2023,Elizabeth Grove,Under 15's JSL B; U15 Carl's Junior Boys Cup,24,24,2140,6,0,0,0,0,false
zdBePvE82K,2024,Playford City,Under 16 Trials - No Match Officials; Under 16 JPL B; U16 Carl's Junior Boys Cup,21,19,1700,1,0,0,0,0,false
zdBePvE82K,2025,Playford City,Under 17 Trials; Under 17 Trials - No Match Officials; Nova Under 17's YPL B Mixed; U17 Carl's Jr. Youth Premier Cup,17,8,850,8,1,0,0,0,false
zdBePvE82K,2026,Salisbury Inter,Federation Cup U18's; HPG Homes State League 2 North - Under 18's; HPG Homes State League 2 North - Reserves; HPG Homes State League 2 (18s) Final Series,25,21,1996,5,3,0,0,0,false
zdBePzZ4EK,2026,,,0,0,0,0,0,0,0,0,false
zdBvO026gd,2024,Barossa United,Under 14 JSL C; U14 Carl's Junior Boys Cup,16,13,1030,9,1,0,0,0,false
zdBvO026gd,2025,Barossa United,Nova Under 15's YSL C Mixed; U15 Carl's Jr. Youth State Cup,18,18,1710,35,1,0,0,0,false
zdBvO026gd,2026,Barossa United,Federation Cup U18's; HPG Homes State League 2 North - Under 18's,2,0,0,0,0,0,0,0,false
zdBvw5zqjd,2024,Elizabeth Grove,Australia Cup SA Preliminary Rounds,2,1,117,0,0,0,0,0,false
zdBvw5zqjd,2025,Elizabeth Grove,Senior Men's Trials; HPG Homes State League 2 North; Australia Cup SA Preliminary Rounds; HPG Homes State League 2 North - Reserves,15,12,1153,0,3,0,0,0,false
zdBvw5zqjd,2026,Elizabeth Grove,Federation Cup Reserves; HPG Homes State League 2 North - Reserves,17,17,1590,1,3,1,0,0,false
zdBvw9O2Pd,2026,Elizabeth Grove,Federation Cup Reserves; HPG Homes State League 2 North - Reserves,14,12,988,0,3,1,0,0,false
zdBvwJ6Jnd,2023,Sturt Lions,Under 14's JSL A; U14 Carl's Junior Boys Cup; Under 14's JPL A; Under 15's JSL A,20,11,870,5,0,0,0,0,false
zdBvwJ6Jnd,2024,Sturt Lions,Under 15 JSL A; U15 Carl's Junior Boys Cup; Under 15 JPL B; Under 15 JSL B; Under 16 JSL B,32,21,1880,6,2,1,0,0,false
zdBvwJ6Jnd,2025,Sturt Lions,U16 Carl's Jr. Youth Premier Cup; Nova Under 16's YPL B Mixed; Nova Under 17's YPL B Mixed,20,13,1220,1,0,0,0,0,false
zdBvwJ6Jnd,2026,Adelaide Croatia Raiders,HPG Homes State League 1 Under 18's; Federation Cup U18's,17,4,480,0,0,0,0,0,false
