match_hash_id,league,grade,division,is_finals,date_local,round,venue,home_team,away_team,home_club,away_club,home_score,away_score,home_score_ht,away_score_ht,home_score_pens,away_score_pens,win_status,match_len
pN6R9nGbDN,HPG Homes State League 1,SEN,SL1,False,2026-02-28 15:00,R1,Rushworth Reserve,Adelaide Atletico VSC Senior Men's SL1,Adelaide Cobras FC Senior Men's SL1,Adelaide Atletico VSC,Adelaide Cobras FC,1,2,1,0,,,away-win,90
2Kp0p2M4BK,HPG Homes State League 1,SEN,SL1,False,2026-02-28 15:00,R1,West Beach Parks Football Centre,Fulham United Senior Men's SL1,Adelaide Olympic Senior Men's SL1,Fulham United,Adelaide Olympic,2,3,1,2,,,away-win,90
BdDb93Rw3N,HPG Homes State League 1,SEN,SL1,False,2026-02-28 15:00,R1,PSD Energy Park,Salisbury United Senior Men's SL1,Cumberland United Senior Men's SL1,Salisbury United,Cumberland United,1,1,1,0,,,draw,90
bd9pWknLlK,HPG Homes State League 1,SEN,SL1,False,2026-02-28 15:00,R1,Smith Partners Stadium,Modbury Jets Senior Men's SL1,Adelaide Croatia Raiders Senior Men's SL1,Modbury Jets,Adelaide Croatia Raiders,3,1,2,1,,,home-win,90
1K3pvGjABd,HPG Homes State League 1,SEN,SL1,False,2026-02-28 19:00,R1,Athelstone Recreation Reserve,Eastern United Senior Men's SL1,South Adelaide Senior Men's SL1,Eastern United,South Adelaide,5,2,1,1,,,home-win,90
jdywl2MxLN,HPG Homes State League 1,SEN,SL1,False,2026-03-02 20:15,R1,Marden Sports Complex,Adelaide Blue Eagles Senior Men's SL1,Cove FC Senior Men's SL1,Adelaide Blue Eagles,Cove FC,1,1,1,1,,,draw,90
Pmj27gMxQm,HPG Homes State League 1,SEN,SL1,False,2026-03-07 15:00,R2,West Beach Parks Football Centre,Fulham United Senior Men's SL1,Modbury Jets Senior Men's SL1,Fulham United,Modbury Jets,1,1,0,0,,,draw,90
emAneRVjgN,HPG Homes State League 1,SEN,SL1,False,2026-03-07 17:00,R2,Southern Soccer Facility,Cove FC Senior Men's SL1,Eastern United Senior Men's SL1,Cove FC,Eastern United,4,0,2,0,,,home-win,90
PmrGq2Me5N,HPG Homes State League 1,SEN,SL1,False,2026-03-07 17:00,R2,Croatian Sports Centre,Adelaide Croatia Raiders Senior Men's SL1,Salisbury United Senior Men's SL1,Adelaide Croatia Raiders,Salisbury United,2,0,2,0,,,home-win,90
EN2pnrxROd,HPG Homes State League 1,SEN,SL1,False,2026-03-07 19:00,R2,Pro Paint and Panel - Weigall Oval,Adelaide Cobras FC Senior Men's SL1,South Adelaide Senior Men's SL1,Adelaide Cobras FC,South Adelaide,4,0,3,0,,,home-win,90
8NO5XyQ6Bd,HPG Homes State League 1,SEN,SL1,False,2026-03-07 19:00,R2,Lady Burra Stadium (AA Bailey Reserve),Cumberland United Senior Men's SL1,Adelaide Atletico VSC Senior Men's SL1,Cumberland United,Adelaide Atletico VSC,1,2,0,1,,,away-win,90
am14QrOPkd,HPG Homes State League 1,SEN,SL1,False,2026-03-13 19:00,R3,Lady Burra Stadium (AA Bailey Reserve),Cumberland United Senior Men's SL1,Adelaide Cobras FC Senior Men's SL1,Cumberland United,Adelaide Cobras FC,0,2,0,1,,,away-win,90
MNGJxj7QEm,HPG Homes State League 1,SEN,SL1,False,2026-03-13 19:30,R3,L3 Football Stadium,Adelaide Olympic Senior Men's SL1,Eastern United Senior Men's SL1,Adelaide Olympic,Eastern United,2,1,2,0,,,home-win,90
ld454DVkrm,HPG Homes State League 1,SEN,SL1,False,2026-03-14 15:00,R3,Rushworth Reserve,Adelaide Atletico VSC Senior Men's SL1,Fulham United Senior Men's SL1,Adelaide Atletico VSC,Fulham United,3,0,0,0,,,home-win,90
vmZp9XDlMK,HPG Homes State League 1,SEN,SL1,False,2026-03-14 15:00,R3,Smith Partners Stadium,Modbury Jets Senior Men's SL1,Cove FC Senior Men's SL1,Modbury Jets,Cove FC,5,0,4,0,,,home-win,90
lNbJjoY0EN,HPG Homes State League 1,SEN,SL1,False,2026-03-14 15:00,R3,O'Sullivan Beach Sports & Community Centre,South Adelaide Senior Men's SL1,Adelaide Croatia Raiders Senior Men's SL1,South Adelaide,Adelaide Croatia Raiders,0,3,0,2,,,away-win,90
gdM6EgpX1m,HPG Homes State League 1,SEN,SL1,False,2026-03-14 15:00,R3,PSD Energy Park,Salisbury United Senior Men's SL1,Adelaide Blue Eagles Senior Men's SL1,Salisbury United,Adelaide Blue Eagles,2,1,1,0,,,home-win,90
OmepXb907d,HPG Homes State League 1,SEN,SL1,False,2026-03-20 19:30,R4,Croatian Sports Centre,Adelaide Croatia Raiders Senior Men's SL1,Adelaide Atletico VSC Senior Men's SL1,Adelaide Croatia Raiders,Adelaide Atletico VSC,5,0,3,0,,,home-win,90
8NO5Xy7D1d,HPG Homes State League 1,SEN,SL1,False,2026-03-20 19:45,R4,Athelstone Recreation Reserve,Eastern United Senior Men's SL1,Adelaide Cobras FC Senior Men's SL1,Eastern United,Adelaide Cobras FC,2,4,2,3,,,away-win,90
pN6R9neOnN,HPG Homes State League 1,SEN,SL1,False,2026-03-21 15:00,R4,O'Sullivan Beach Sports & Community Centre,South Adelaide Senior Men's SL1,Cumberland United Senior Men's SL1,South Adelaide,Cumberland United,0,5,0,0,,,away-win,90
2Kp0p2BvWK,HPG Homes State League 1,SEN,SL1,False,2026-03-21 15:00,R4,PSD Energy Park,Salisbury United Senior Men's SL1,Fulham United Senior Men's SL1,Salisbury United,Fulham United,1,2,0,1,,,away-win,90
BdDb9379xN,HPG Homes State League 1,SEN,SL1,False,2026-03-21 17:00,R4,Southern Soccer Facility,Cove FC Senior Men's SL1,Adelaide Olympic Senior Men's SL1,Cove FC,Adelaide Olympic,3,2,2,1,,,home-win,90
emAneR7WMN,HPG Homes State League 1,SEN,SL1,False,2026-03-27 19:30,R5,Lady Burra Stadium (AA Bailey Reserve),Cumberland United Senior Men's SL1,Eastern United Senior Men's SL1,Cumberland United,Eastern United,4,2,3,1,,,home-win,90
gdM6Egp0Zm,HPG Homes State League 1,SEN,SL1,False,2026-03-27 19:30,R5,L3 Football Stadium,Adelaide Olympic Senior Men's SL1,Modbury Jets Senior Men's SL1,Adelaide Olympic,Modbury Jets,1,1,1,1,,,draw,90
jmazB3OkqN,HPG Homes State League 1,SEN,SL1,False,2026-03-28 15:00,R5,Marden Sports Complex,Adelaide Blue Eagles Senior Men's SL1,Adelaide Atletico VSC Senior Men's SL1,Adelaide Blue Eagles,Adelaide Atletico VSC,1,1,1,0,,,draw,90
pmvvw28JRm,HPG Homes State League 1,SEN,SL1,False,2026-03-28 15:00,R5,West Beach Parks Football Centre,Fulham United Senior Men's SL1,South Adelaide Senior Men's SL1,Fulham United,South Adelaide,6,1,2,0,,,home-win,90
nmYnZYGO3N,HPG Homes State League 1,SEN,SL1,False,2026-03-28 17:00,R5,Southern Soccer Facility,Cove FC Senior Men's SL1,Salisbury United Senior Men's SL1,Cove FC,Salisbury United,2,0,1,0,,,home-win,90
8NO5Xy73kd,HPG Homes State League 1,SEN,SL1,False,2026-03-28 19:00,R5,Pro Paint and Panel - Weigall Oval,Adelaide Cobras FC Senior Men's SL1,Adelaide Croatia Raiders Senior Men's SL1,Adelaide Cobras FC,Adelaide Croatia Raiders,0,3,0,1,,,away-win,90
am14QrO26d,HPG Homes State League 1,SEN,SL1,False,2026-04-10 19:30,R6,Croatian Sports Centre,Adelaide Croatia Raiders Senior Men's SL1,Cumberland United Senior Men's SL1,Adelaide Croatia Raiders,Cumberland United,0,1,0,0,,,away-win,90
MNGJxj7Lzm,HPG Homes State League 1,SEN,SL1,False,2026-04-11 15:00,R6,Rushworth Reserve,Adelaide Atletico VSC Senior Men's SL1,Cove FC Senior Men's SL1,Adelaide Atletico VSC,Cove FC,4,0,2,0,,,home-win,90
ld454DVWAm,HPG Homes State League 1,SEN,SL1,False,2026-04-11 15:00,R6,Smith Partners Stadium,Modbury Jets Senior Men's SL1,Eastern United Senior Men's SL1,Modbury Jets,Eastern United,3,0,0,0,,,home-win,90
pmvvw28G5m,HPG Homes State League 1,SEN,SL1,False,2026-04-11 15:00,R6,O'Sullivan Beach Sports & Community Centre,South Adelaide Senior Men's SL1,Adelaide Blue Eagles Senior Men's SL1,South Adelaide,Adelaide Blue Eagles,2,1,2,1,,,home-win,90
nmYnZYGaaN,HPG Homes State League 1,SEN,SL1,False,2026-04-11 15:00,R6,PSD Energy Park,Salisbury United Senior Men's SL1,Adelaide Olympic Senior Men's SL1,Salisbury United,Adelaide Olympic,1,4,1,1,,,away-win,90
Pmj27g3L3m,HPG Homes State League 1,SEN,SL1,False,2026-04-11 15:00,R6,West Beach Parks Football Centre,Fulham United Senior Men's SL1,Adelaide Cobras FC Senior Men's SL1,Fulham United,Adelaide Cobras FC,4,0,2,0,,,home-win,90
emAneR7vqN,HPG Homes State League 1,SEN,SL1,False,2026-04-17 19:30,R7,L3 Football Stadium,Adelaide Olympic Senior Men's SL1,Adelaide Atletico VSC Senior Men's SL1,Adelaide Olympic,Adelaide Atletico VSC,1,2,1,1,,,away-win,90
PmrGq2A1rN,HPG Homes State League 1,SEN,SL1,False,2026-04-17 19:45,R7,Athelstone Recreation Reserve,Eastern United Senior Men's SL1,Adelaide Croatia Raiders Senior Men's SL1,Eastern United,Adelaide Croatia Raiders,0,2,0,0,,,away-win,90
EN2pnrYe2d,HPG Homes State League 1,SEN,SL1,False,2026-04-18 15:00,R7,Smith Partners Stadium,Modbury Jets Senior Men's SL1,Salisbury United Senior Men's SL1,Modbury Jets,Salisbury United,3,0,1,0,,,home-win,90
8NO5Xy7w7d,HPG Homes State League 1,SEN,SL1,False,2026-04-18 15:00,R7,Lady Burra Stadium (AA Bailey Reserve),Cumberland United Senior Men's SL1,Fulham United Senior Men's SL1,Cumberland United,Fulham United,1,2,0,1,,,away-win,90
BdDb937J3N,HPG Homes State League 1,SEN,SL1,False,2026-04-18 17:00,R7,Southern Soccer Facility,Cove FC Senior Men's SL1,South Adelaide Senior Men's SL1,Cove FC,South Adelaide,2,1,1,1,,,home-win,90
bd9pWkZBlK,HPG Homes State League 1,SEN,SL1,False,2026-04-18 19:00,R7,Pro Paint and Panel - Weigall Oval,Adelaide Cobras FC Senior Men's SL1,Adelaide Blue Eagles Senior Men's SL1,Adelaide Cobras FC,Adelaide Blue Eagles,2,3,2,0,,,away-win,90
OmepXbMVvd,HPG Homes State League 1,SEN,SL1,False,2026-04-24 19:30,R2,L3 Football Stadium,Adelaide Olympic Senior Men's SL1,Adelaide Blue Eagles Senior Men's SL1,Adelaide Olympic,Adelaide Blue Eagles,3,0,2,0,,,home-win,90
4KLlzA7W2K,HPG Homes State League 1,SEN,SL1,False,2026-05-02 15:00,R8,PSD Energy Park,Salisbury United Senior Men's SL1,Eastern United Senior Men's SL1,Salisbury United,Eastern United,2,3,0,1,,,away-win,90
pN6R9neGbN,HPG Homes State League 1,SEN,SL1,False,2026-05-02 15:00,R8,Rushworth Reserve,Adelaide Atletico VSC Senior Men's SL1,Modbury Jets Senior Men's SL1,Adelaide Atletico VSC,Modbury Jets,1,2,0,1,,,away-win,90
2Kp0p2BBqK,HPG Homes State League 1,SEN,SL1,False,2026-05-02 15:00,R8,O'Sullivan Beach Sports & Community Centre,South Adelaide Senior Men's SL1,Adelaide Olympic Senior Men's SL1,South Adelaide,Adelaide Olympic,2,0,1,0,,,home-win,90
BdDb9377gN,HPG Homes State League 1,SEN,SL1,False,2026-05-02 15:00,R8,Pro Paint and Panel - Weigall Oval,Adelaide Cobras FC Senior Men's SL1,Cove FC Senior Men's SL1,Adelaide Cobras FC,Cove FC,1,2,0,1,,,away-win,90
MNGJxj77Em,HPG Homes State League 1,SEN,SL1,False,2026-05-02 15:00,R8,West Beach Parks Football Centre,Fulham United Senior Men's SL1,Adelaide Croatia Raiders Senior Men's SL1,Fulham United,Adelaide Croatia Raiders,4,2,3,0,,,home-win,90
ld454DVVrm,HPG Homes State League 1,SEN,SL1,False,2026-05-02 15:00,R8,Marden Sports Complex,Adelaide Blue Eagles Senior Men's SL1,Cumberland United Senior Men's SL1,Adelaide Blue Eagles,Cumberland United,2,0,2,0,,,home-win,90
jmazB34j7N,HPG Homes State League 1,SEN,SL1,False,2026-05-08 19:00,R9,Lady Burra Stadium (AA Bailey Reserve),Cumberland United Senior Men's SL1,Cove FC Senior Men's SL1,Cumberland United,Cove FC,0,2,0,1,,,away-win,90
pmvvw2g80m,HPG Homes State League 1,SEN,SL1,False,2026-05-08 19:30,R9,L3 Football Stadium,Adelaide Olympic Senior Men's SL1,Adelaide Cobras FC Senior Men's SL1,Adelaide Olympic,Adelaide Cobras FC,2,0,1,0,,,home-win,90
nmYnZYLG1N,HPG Homes State League 1,SEN,SL1,False,2026-05-08 19:45,R9,Athelstone Recreation Reserve,Eastern United Senior Men's SL1,Fulham United Senior Men's SL1,Eastern United,Fulham United,0,0,0,0,,,draw,90
8NO5XyR7vd,HPG Homes State League 1,SEN,SL1,False,2026-05-09 15:00,R9,Smith Partners Stadium,Modbury Jets Senior Men's SL1,South Adelaide Senior Men's SL1,Modbury Jets,South Adelaide,4,1,2,1,,,home-win,90
OmepXbY9ed,HPG Homes State League 1,SEN,SL1,False,2026-05-09 15:00,R9,PSD Energy Park,Salisbury United Senior Men's SL1,Adelaide Atletico VSC Senior Men's SL1,Salisbury United,Adelaide Atletico VSC,1,2,1,0,,,away-win,90
4KLlzAV7oK,HPG Homes State League 1,SEN,SL1,False,2026-05-09 17:00,R9,Croatian Sports Centre,Adelaide Croatia Raiders Senior Men's SL1,Adelaide Blue Eagles Senior Men's SL1,Adelaide Croatia Raiders,Adelaide Blue Eagles,3,4,1,1,,,away-win,90
pmvvw2gORm,HPG Homes State League 1,SEN,SL1,False,2026-05-16 15:00,R10,Rushworth Reserve,Adelaide Atletico VSC Senior Men's SL1,Eastern United Senior Men's SL1,Adelaide Atletico VSC,Eastern United,5,0,4,0,,,home-win,90
nmYnZYL43N,HPG Homes State League 1,SEN,SL1,False,2026-05-16 15:00,R10,O'Sullivan Beach Sports & Community Centre,South Adelaide Senior Men's SL1,Salisbury United Senior Men's SL1,South Adelaide,Salisbury United,2,0,2,0,,,home-win,90
Pmj27gRR5m,HPG Homes State League 1,SEN,SL1,False,2026-05-16 15:00,R10,Marden Sports Complex,Adelaide Blue Eagles Senior Men's SL1,Fulham United Senior Men's SL1,Adelaide Blue Eagles,Fulham United,3,1,0,0,,,home-win,90
emAneRGG1N,HPG Homes State League 1,SEN,SL1,False,2026-05-16 17:00,R10,Southern Soccer Facility,Cove FC Senior Men's SL1,Adelaide Croatia Raiders Senior Men's SL1,Cove FC,Adelaide Croatia Raiders,1,1,0,0,,,draw,90
ld454DRj0m,HPG Homes State League 1,SEN,SL1,False,2026-05-17 16:30,R10,L3 Football Stadium,Adelaide Olympic Senior Men's SL1,Cumberland United Senior Men's SL1,Adelaide Olympic,Cumberland United,2,1,0,0,,,home-win,90
gdM6Eg9gpm,HPG Homes State League 1,SEN,SL1,False,2026-05-19 19:30,R10,Pro Paint and Panel - Weigall Oval,Adelaide Cobras FC Senior Men's SL1,Modbury Jets Senior Men's SL1,Adelaide Cobras FC,Modbury Jets,0,2,0,1,,,away-win,90
am14QrVaZd,HPG Homes State League 1,SEN,SL1,False,2026-05-22 19:45,R11,Athelstone Recreation Reserve,Eastern United Senior Men's SL1,Adelaide Blue Eagles Senior Men's SL1,Eastern United,Adelaide Blue Eagles,0,1,0,1,,,away-win,90
MNGJxjk2pm,HPG Homes State League 1,SEN,SL1,False,2026-05-23 15:00,R11,Rushworth Reserve,Adelaide Atletico VSC Senior Men's SL1,South Adelaide Senior Men's SL1,Adelaide Atletico VSC,South Adelaide,1,1,0,0,,,draw,90
ld454DRwGm,HPG Homes State League 1,SEN,SL1,False,2026-05-23 15:00,R11,Croatian Sports Centre,Adelaide Croatia Raiders Senior Men's SL1,Adelaide Olympic Senior Men's SL1,Adelaide Croatia Raiders,Adelaide Olympic,3,1,2,0,,,home-win,90
vmZp9XA20K,HPG Homes State League 1,SEN,SL1,False,2026-05-23 15:00,R11,Smith Partners Stadium,Modbury Jets Senior Men's SL1,Cumberland United Senior Men's SL1,Modbury Jets,Cumberland United,0,1,0,1,,,away-win,90
lNbJjok2XN,HPG Homes State League 1,SEN,SL1,False,2026-05-23 15:00,R11,West Beach Parks Football Centre,Fulham United Senior Men's SL1,Cove FC Senior Men's SL1,Fulham United,Cove FC,3,2,2,1,,,home-win,90
gdM6Eg92xm,HPG Homes State League 1,SEN,SL1,False,2026-05-23 15:00,R11,PSD Energy Park,Salisbury United Senior Men's SL1,Adelaide Cobras FC Senior Men's SL1,Salisbury United,Adelaide Cobras FC,2,1,1,1,,,home-win,90
2Kp0p2j4BK,HPG Homes State League 1,SEN,SL1,False,2026-05-29 19:30,R12,L3 Football Stadium,Adelaide Olympic Senior Men's SL1,Fulham United Senior Men's SL1,Adelaide Olympic,Fulham United,4,0,1,0,,,home-win,90
BdDb93nw3N,HPG Homes State League 1,SEN,SL1,False,2026-05-30 15:00,R12,O'Sullivan Beach Sports & Community Centre,South Adelaide Senior Men's SL1,Eastern United Senior Men's SL1,South Adelaide,Eastern United,1,1,0,0,,,draw,90
MNGJxjkDbm,HPG Homes State League 1,SEN,SL1,False,2026-05-30 15:00,R12,Pro Paint and Panel - Weigall Oval,Adelaide Cobras FC Senior Men's SL1,Adelaide Atletico VSC Senior Men's SL1,Adelaide Cobras FC,Adelaide Atletico VSC,2,3,1,0,,,away-win,90
ld454DRgpm,HPG Homes State League 1,SEN,SL1,False,2026-05-30 15:00,R12,Lady Burra Stadium (AA Bailey Reserve),Cumberland United Senior Men's SL1,Salisbury United Senior Men's SL1,Cumberland United,Salisbury United,4,3,3,0,,,home-win,90
vmZp9XAgLK,HPG Homes State League 1,SEN,SL1,False,2026-05-30 15:00,R12,Croatian Sports Centre,Adelaide Croatia Raiders Senior Men's SL1,Modbury Jets Senior Men's SL1,Adelaide Croatia Raiders,Modbury Jets,3,1,2,0,,,home-win,90
lNbJjok8AN,HPG Homes State League 1,SEN,SL1,False,2026-05-30 17:00,R12,Southern Soccer Facility,Cove FC Senior Men's SL1,Adelaide Blue Eagles Senior Men's SL1,Cove FC,Adelaide Blue Eagles,1,3,0,3,,,away-win,90
ld454DRABm,HPG Homes State League 1,SEN,SL1,False,2026-06-05 19:30,R13,Smith Partners Stadium,Modbury Jets Senior Men's SL1,Fulham United Senior Men's SL1,Modbury Jets,Fulham United,0,2,0,0,,,away-win,90
gdM6Eg9eDm,HPG Homes State League 1,SEN,SL1,False,2026-06-05 19:45,R13,Athelstone Recreation Reserve,Eastern United Senior Men's SL1,Cove FC Senior Men's SL1,Eastern United,Cove FC,1,0,1,0,,,home-win,90
jmazB341AN,HPG Homes State League 1,SEN,SL1,False,2026-06-06 15:00,R13,Rushworth Reserve,Adelaide Atletico VSC Senior Men's SL1,Cumberland United Senior Men's SL1,Adelaide Atletico VSC,Cumberland United,2,1,1,0,,,home-win,90
MNGJxjkn0m,HPG Homes State League 1,SEN,SL1,False,2026-06-06 15:00,R13,O'Sullivan Beach Sports & Community Centre,South Adelaide Senior Men's SL1,Adelaide Cobras FC Senior Men's SL1,South Adelaide,Adelaide Cobras FC,0,2,0,1,,,away-win,90
vmZp9XAWDK,HPG Homes State League 1,SEN,SL1,False,2026-06-06 15:00,R13,Marden Sports Complex,Adelaide Blue Eagles Senior Men's SL1,Adelaide Olympic Senior Men's SL1,Adelaide Blue Eagles,Adelaide Olympic,1,2,0,1,,,away-win,90
lNbJjokEoN,HPG Homes State League 1,SEN,SL1,False,2026-06-06 15:00,R13,PSD Energy Park,Salisbury United Senior Men's SL1,Adelaide Croatia Raiders Senior Men's SL1,Salisbury United,Adelaide Croatia Raiders,4,3,2,0,,,home-win,90
MNGJxjBQEm,HPG Homes State League 1,SEN,SL1,False,2026-06-12 19:45,R14,Athelstone Recreation Reserve,Eastern United Senior Men's SL1,Adelaide Olympic Senior Men's SL1,Eastern United,Adelaide Olympic,2,1,1,0,,,home-win,90
ld454Dvkrm,HPG Homes State League 1,SEN,SL1,False,2026-06-13 15:00,R14,Pro Paint and Panel - Weigall Oval,Adelaide Cobras FC Senior Men's SL1,Cumberland United Senior Men's SL1,Adelaide Cobras FC,Cumberland United,0,2,0,0,,,away-win,90
MNGJxjBWQm,HPG Homes State League 1,SEN,SL1,False,2026-06-13 15:00,R14,Croatian Sports Centre,Adelaide Croatia Raiders Senior Men's SL1,South Adelaide Senior Men's SL1,Adelaide Croatia Raiders,South Adelaide,3,2,2,0,,,home-win,90
ld454DvYOm,HPG Homes State League 1,SEN,SL1,False,2026-06-13 15:00,R14,Marden Sports Complex,Adelaide Blue Eagles Senior Men's SL1,Salisbury United Senior Men's SL1,Adelaide Blue Eagles,Salisbury United,3,0,1,0,,,home-win,90
vmZp9XRrBK,HPG Homes State League 1,SEN,SL1,False,2026-06-13 15:00,R14,West Beach Parks Football Centre,Fulham United Senior Men's SL1,Adelaide Atletico VSC Senior Men's SL1,Fulham United,Adelaide Atletico VSC,4,1,2,0,,,home-win,90
gdM6EgDy2m,HPG Homes State League 1,SEN,SL1,False,2026-06-20 15:00,R15,Pro Paint and Panel - Weigall Oval,Adelaide Cobras FC Senior Men's SL1,Eastern United Senior Men's SL1,Adelaide Cobras FC,Eastern United,1,1,1,0,,,draw,90
jmazB3by7N,HPG Homes State League 1,SEN,SL1,False,2026-06-20 15:00,R15,L3 Football Stadium,Adelaide Olympic Senior Men's SL1,Cove FC Senior Men's SL1,Adelaide Olympic,Cove FC,2,0,0,0,,,home-win,90
pmvvw2R00m,HPG Homes State League 1,SEN,SL1,False,2026-06-20 15:00,R15,Rushworth Reserve,Adelaide Atletico VSC Senior Men's SL1,Adelaide Croatia Raiders Senior Men's SL1,Adelaide Atletico VSC,Adelaide Croatia Raiders,1,3,0,3,,,away-win,90
nmYnZYeJ1N,HPG Homes State League 1,SEN,SL1,False,2026-06-20 15:00,R15,Lady Burra Stadium (AA Bailey Reserve),Cumberland United Senior Men's SL1,South Adelaide Senior Men's SL1,Cumberland United,South Adelaide,5,1,4,1,,,home-win,90
Pmj27gQBPm,HPG Homes State League 1,SEN,SL1,False,2026-06-20 15:00,R15,Smith Partners Stadium,Modbury Jets Senior Men's SL1,Adelaide Blue Eagles Senior Men's SL1,Modbury Jets,Adelaide Blue Eagles,1,1,1,1,,,draw,90
emAneR3aQN,HPG Homes State League 1,SEN,SL1,False,2026-06-20 15:00,R15,West Beach Parks Football Centre,Fulham United Senior Men's SL1,Salisbury United Senior Men's SL1,Fulham United,Salisbury United,2,2,0,2,,,draw,90
PmrGq2XVjN,HPG Homes State League 1,SEN,SL1,False,2026-06-26 19:45,R16,Athelstone Recreation Reserve,Eastern United Senior Men's SL1,Cumberland United Senior Men's SL1,Eastern United,Cumberland United,0,1,0,0,,,away-win,90
EN2pnrQkBd,HPG Homes State League 1,SEN,SL1,False,2026-06-27 15:00,R16,Rushworth Reserve,Adelaide Atletico VSC Senior Men's SL1,Adelaide Blue Eagles Senior Men's SL1,Adelaide Atletico VSC,Adelaide Blue Eagles,4,0,1,0,,,home-win,90
8NO5XynD1d,HPG Homes State League 1,SEN,SL1,False,2026-06-27 15:00,R16,Smith Partners Stadium,Modbury Jets Senior Men's SL1,Adelaide Olympic Senior Men's SL1,Modbury Jets,Adelaide Olympic,4,1,1,0,,,home-win,90
BdDb93j1QN,HPG Homes State League 1,SEN,SL1,False,2026-06-27 15:00,R16,Croatian Sports Centre,Adelaide Croatia Raiders Senior Men's SL1,Adelaide Cobras FC Senior Men's SL1,Adelaide Croatia Raiders,Adelaide Cobras FC,7,0,1,0,,,home-win,90
bd9pWkYXZK,HPG Homes State League 1,SEN,SL1,False,2026-06-27 15:00,R16,O'Sullivan Beach Sports & Community Centre,South Adelaide Senior Men's SL1,Fulham United Senior Men's SL1,South Adelaide,Fulham United,0,1,0,1,,,away-win,90
1K3pvGnYGd,HPG Homes State League 1,SEN,SL1,False,2026-06-27 15:00,R16,PSD Energy Park,Salisbury United Senior Men's SL1,Cove FC Senior Men's SL1,Salisbury United,Cove FC,0,4,0,3,,,away-win,90
am14QrDQnd,HPG Homes State League 1,SEN,SL1,False,2026-07-03 19:30,R17,L3 Football Stadium,Adelaide Olympic Senior Men's SL1,Salisbury United Senior Men's SL1,Adelaide Olympic,Salisbury United,1,0,0,0,,,home-win,90
jdywl23ePN,HPG Homes State League 1,SEN,SL1,False,2026-07-03 19:45,R17,Athelstone Recreation Reserve,Eastern United Senior Men's SL1,Modbury Jets Senior Men's SL1,Eastern United,Modbury Jets,0,0,0,0,,,draw,90
MNGJxjBxLm,HPG Homes State League 1,SEN,SL1,False,2026-07-04 15:00,R17,Pro Paint and Panel - Weigall Oval,Adelaide Cobras FC Senior Men's SL1,Fulham United Senior Men's SL1,Adelaide Cobras FC,Fulham United,0,3,0,1,,,away-win,90
ld454Dv40m,HPG Homes State League 1,SEN,SL1,False,2026-07-04 15:00,R17,Marden Sports Complex,Adelaide Blue Eagles Senior Men's SL1,South Adelaide Senior Men's SL1,Adelaide Blue Eagles,South Adelaide,4,1,3,1,,,home-win,90
bd9pWkYDwK,HPG Homes State League 1,SEN,SL1,False,2026-07-04 17:00,R17,Southern Soccer Facility,Cove FC Senior Men's SL1,Adelaide Atletico VSC Senior Men's SL1,Cove FC,Adelaide Atletico VSC,0,0,0,0,,,draw,90
1K3pvGnyLd,HPG Homes State League 1,SEN,SL1,False,2026-07-04 19:00,R17,Lady Burra Stadium (AA Bailey Reserve),Cumberland United Senior Men's SL1,Adelaide Croatia Raiders Senior Men's SL1,Cumberland United,Adelaide Croatia Raiders,1,2,1,2,,,away-win,90
lNbJjoW96N,HPG Homes State League 1,SEN,SL1,False,2026-07-07 19:30,R14,Southern Soccer Facility,Cove FC Senior Men's SL1,Modbury Jets Senior Men's SL1,Cove FC,Modbury Jets,0,0,0,0,,,draw,90
4KLlzA7n7K,HPG Homes State League 1,SEN,SL1,False,2026-07-13 19:30,R4,Marden Sports Complex,Adelaide Blue Eagles Senior Men's SL1,Modbury Jets Senior Men's SL1,Adelaide Blue Eagles,Modbury Jets,3,1,2,1,,,home-win,90
MNGJxjBa7m,HPG Homes State League 1,SEN,SL1,False,2026-07-16 19:15,R18,West Beach Parks Football Centre,Fulham United Senior Men's SL1,Cumberland United Senior Men's SL1,Fulham United,Cumberland United,1,3,1,2,,,away-win,90
jdywl235DN,HPG Homes State League 1,SEN,SL1,False,2026-07-18 15:00,R18,Croatian Sports Centre,Adelaide Croatia Raiders Senior Men's SL1,Eastern United Senior Men's SL1,Adelaide Croatia Raiders,Eastern United,3,0,2,0,,,home-win,90
am14QrDkjd,HPG Homes State League 1,SEN,SL1,False,2026-07-18 15:00,R18,PSD Energy Park,Salisbury United Senior Men's SL1,Modbury Jets Senior Men's SL1,Salisbury United,Modbury Jets,2,3,0,2,,,away-win,90
ld454DvGDm,HPG Homes State League 1,SEN,SL1,False,2026-07-18 15:00,R18,Rushworth Reserve,Adelaide Atletico VSC Senior Men's SL1,Adelaide Olympic Senior Men's SL1,Adelaide Atletico VSC,Adelaide Olympic,0,1,0,0,,,away-win,90
pmvvw2RWym,HPG Homes State League 1,SEN,SL1,False,2026-07-18 15:00,R18,Marden Sports Complex,Adelaide Blue Eagles Senior Men's SL1,Adelaide Cobras FC Senior Men's SL1,Adelaide Blue Eagles,Adelaide Cobras FC,0,0,0,0,,,draw,90
nmYnZYeOzN,HPG Homes State League 1,SEN,SL1,False,2026-07-18 15:00,R18,O'Sullivan Beach Sports & Community Centre,South Adelaide Senior Men's SL1,Cove FC Senior Men's SL1,South Adelaide,Cove FC,2,2,1,1,,,draw,90
emAneR3ZBN,HPG Homes State League 1,SEN,SL1,False,2026-07-24 19:30,R19,L3 Football Stadium,Adelaide Olympic Senior Men's SL1,South Adelaide Senior Men's SL1,Adelaide Olympic,South Adelaide,5,1,2,0,,,home-win,90
Pmj27gQ06m,HPG Homes State League 1,SEN,SL1,False,2026-07-24 19:45,R19,Athelstone Recreation Reserve,Eastern United Senior Men's SL1,Salisbury United Senior Men's SL1,Eastern United,Salisbury United,0,3,0,2,,,away-win,90
PmrGq2XoXN,HPG Homes State League 1,SEN,SL1,False,2026-07-25 15:00,R19,Croatian Sports Centre,Adelaide Croatia Raiders Senior Men's SL1,Fulham United Senior Men's SL1,Adelaide Croatia Raiders,Fulham United,1,0,0,0,,,home-win,90
EN2pnrQbVd,HPG Homes State League 1,SEN,SL1,False,2026-07-25 15:00,R19,Smith Partners Stadium,Modbury Jets Senior Men's SL1,Adelaide Atletico VSC Senior Men's SL1,Modbury Jets,Adelaide Atletico VSC,4,0,1,0,,,home-win,90
8NO5Xyn3kd,HPG Homes State League 1,SEN,SL1,False,2026-07-25 17:00,R19,Southern Soccer Facility,Cove FC Senior Men's SL1,Adelaide Cobras FC Senior Men's SL1,Cove FC,Adelaide Cobras FC,0,1,0,1,,,away-win,90
OmepXbAW0d,HPG Homes State League 1,SEN,SL1,False,2026-07-25 19:00,R19,Lady Burra Stadium (AA Bailey Reserve),Cumberland United Senior Men's SL1,Adelaide Blue Eagles Senior Men's SL1,Cumberland United,Adelaide Blue Eagles,2,1,1,1,,,home-win,90
2Kp0p2Oy9K,HPG Homes State League 1,SEN,SL1,False,2026-08-01 15:00,R20,West Beach Parks Football Centre,Fulham United Senior Men's SL1,Eastern United Senior Men's SL1,Fulham United,Eastern United,1,2,0,1,,,away-win,90
BdDb93j5wN,HPG Homes State League 1,SEN,SL1,False,2026-08-01 15:00,R20,Rushworth Reserve,Adelaide Atletico VSC Senior Men's SL1,Salisbury United Senior Men's SL1,Adelaide Atletico VSC,Salisbury United,2,0,1,0,,,home-win,90
MNGJxjBLpm,HPG Homes State League 1,SEN,SL1,False,2026-08-01 15:00,R20,O'Sullivan Beach Sports & Community Centre,South Adelaide Senior Men's SL1,Modbury Jets Senior Men's SL1,South Adelaide,Modbury Jets,2,3,1,2,,,away-win,90
ld454DvWGm,HPG Homes State League 1,SEN,SL1,False,2026-08-01 15:00,R20,Marden Sports Complex,Adelaide Blue Eagles Senior Men's SL1,Adelaide Croatia Raiders Senior Men's SL1,Adelaide Blue Eagles,Adelaide Croatia Raiders,1,1,0,1,,,draw,90
bd9pWkY3YK,HPG Homes State League 1,SEN,SL1,False,2026-08-01 17:00,R20,Southern Soccer Facility,Cove FC Senior Men's SL1,Cumberland United Senior Men's SL1,Cove FC,Cumberland United,0,2,0,1,,,away-win,90
1K3pvGnV9d,HPG Homes State League 1,SEN,SL1,False,2026-08-01 19:00,R20,Pro Paint and Panel - Weigall Oval,Adelaide Cobras FC Senior Men's SL1,Adelaide Olympic Senior Men's SL1,Adelaide Cobras FC,Adelaide Olympic,0,2,0,2,,,away-win,90
ld454Dvn2m,HPG Homes State League 1,SEN,SL1,False,2026-08-06 19:30,R21,PSD Energy Park,Salisbury United Senior Men's SL1,South Adelaide Senior Men's SL1,Salisbury United,South Adelaide,2,3,1,2,,,away-win,90
am14QrDGqd,HPG Homes State League 1,SEN,SL1,False,2026-08-07 19:30,R21,Croatian Sports Centre,Adelaide Croatia Raiders Senior Men's SL1,Cove FC Senior Men's SL1,Adelaide Croatia Raiders,Cove FC,4,2,1,1,,,home-win,90
jdywl23JvN,HPG Homes State League 1,SEN,SL1,False,2026-08-08 14:45,R21,Athelstone Recreation Reserve,Eastern United Senior Men's SL1,Adelaide Atletico VSC Senior Men's SL1,Eastern United,Adelaide Atletico VSC,4,2,1,0,,,home-win,90
MNGJxjBPXm,HPG Homes State League 1,SEN,SL1,False,2026-08-08 15:00,R21,Smith Partners Stadium,Modbury Jets Senior Men's SL1,Adelaide Cobras FC Senior Men's SL1,Modbury Jets,Adelaide Cobras FC,4,0,0,0,,,home-win,90
vmZp9XRV2K,HPG Homes State League 1,SEN,SL1,False,2026-08-08 15:00,R21,West Beach Parks Football Centre,Fulham United Senior Men's SL1,Adelaide Blue Eagles Senior Men's SL1,Fulham United,Adelaide Blue Eagles,0,0,0,0,,,draw,90
lNbJjoWryN,HPG Homes State League 1,SEN,SL1,False,2026-08-08 19:00,R21,Lady Burra Stadium (AA Bailey Reserve),Cumberland United Senior Men's SL1,Adelaide Olympic Senior Men's SL1,Cumberland United,Adelaide Olympic,0,2,0,1,,,away-win,90
gdM6EgDBbm,HPG Homes State League 1,SEN,SL1,False,2026-08-15 17:00,R22,Marden Sports Complex,Adelaide Blue Eagles Senior Men's SL1,Eastern United Senior Men's SL1,Adelaide Blue Eagles,Eastern United,2,1,1,0,,,home-win,90
jmazB3boGN,HPG Homes State League 1,SEN,SL1,False,2026-08-15 17:00,R22,O'Sullivan Beach Sports & Community Centre,South Adelaide Senior Men's SL1,Adelaide Atletico VSC Senior Men's SL1,South Adelaide,Adelaide Atletico VSC,1,3,1,1,,,away-win,90
pmvvw2R6Em,HPG Homes State League 1,SEN,SL1,False,2026-08-15 17:00,R22,Southern Soccer Facility,Cove FC Senior Men's SL1,Fulham United Senior Men's SL1,Cove FC,Fulham United,1,3,1,3,,,away-win,90
nmYnZYeBDN,HPG Homes State League 1,SEN,SL1,False,2026-08-15 17:00,R22,Pro Paint and Panel - Weigall Oval,Adelaide Cobras FC Senior Men's SL1,Salisbury United Senior Men's SL1,Adelaide Cobras FC,Salisbury United,0,2,0,0,,,away-win,90
8NO5XynBbd,HPG Homes State League 1,SEN,SL1,False,2026-08-15 17:00,R22,L3 Football Stadium,Adelaide Olympic Senior Men's SL1,Adelaide Croatia Raiders Senior Men's SL1,Adelaide Olympic,Adelaide Croatia Raiders,0,1,0,0,,,away-win,90
OmepXbAo1d,HPG Homes State League 1,SEN,SL1,False,2026-08-15 17:00,R22,Lady Burra Stadium (AA Bailey Reserve),Cumberland United Senior Men's SL1,Modbury Jets Senior Men's SL1,Cumberland United,Modbury Jets,0,1,0,0,,,away-win,90
8Nq51aboQN,HPG Homes State League 1,SEN,SL1,True,2026-08-21 19:30,Elimination Finals,L3 Football Stadium,Adelaide Olympic Senior Men's SL1,Adelaide Atletico VSC Senior Men's SL1,Adelaide Olympic,Adelaide Atletico VSC,3,1,1,0,,,home-win,90
ld450LRaDm,HPG Homes State League 1,SEN,SL1,True,2026-08-22 17:00,Elimination Finals,West Beach Parks Football Centre,Fulham United Senior Men's SL1,Adelaide Blue Eagles Senior Men's SL1,Fulham United,Adelaide Blue Eagles,2,3,0,2,,,away-win,90
nmYnr8L2zN,HPG Homes State League 1,SEN,SL1,True,2026-08-28 20:00,Semi Finals Round 1,L3 Football Stadium,Adelaide Olympic Senior Men's SL1,Modbury Jets Senior Men's SL1,Adelaide Olympic,Modbury Jets,0,4,0,3,,,away-win,90
JmXWArBp6d,HPG Homes State League 1,SEN,SL1,True,2026-08-29 15:00,Semi Finals Round 1,Marden Sports Complex,Adelaide Blue Eagles Senior Men's SL1,Adelaide Croatia Raiders Senior Men's SL1,Adelaide Blue Eagles,Adelaide Croatia Raiders,0,3,0,2,,,away-win,90
ZKRyzA32PN,HPG Homes State League 1,SEN,SL1,True,2026-09-05 15:00,Semi Final Round 2,Croatian Sports Centre,Adelaide Croatia Raiders Senior Men's SL1,Adelaide Blue Eagles Senior Men's SL1,Adelaide Croatia Raiders,Adelaide Blue Eagles,4,0,3,0,,,home-win,90
emAnBAGwBN,HPG Homes State League 1,SEN,SL1,True,2026-09-05 15:00,Semi Final Round 2,Smith Partners Stadium,Modbury Jets Senior Men's SL1,Adelaide Olympic Senior Men's SL1,Modbury Jets,Adelaide Olympic,6,0,2,0,,,home-win,90
RNEgBAv2Ad,HPG Homes State League 1,SEN,SL1,True,2026-09-12 17:00,Grand Final,ServiceFM Stadium,Adelaide Croatia Raiders Senior Men's SL1,Modbury Jets Senior Men's SL1,Adelaide Croatia Raiders,Modbury Jets,4,1,2,1,,,home-win,90
8NO5XLEXnd,HPG Homes State League 1 Reserves,RES,SL1,False,2026-02-28 12:15,R1,Rushworth Reserve,Adelaide Atletico VSC Men's Reserves SL1,Adelaide Cobras FC Men's Reserves SL1,Adelaide Atletico VSC,Adelaide Cobras FC,2,1,0,1,,,home-win,90
bd9pWQ6VRK,HPG Homes State League 1 Reserves,RES,SL1,False,2026-02-28 12:45,R1,West Beach Parks Football Centre,Fulham United Men's Reserves SL1,Adelaide Olympic Men's Reserves SL1,Fulham United,Adelaide Olympic,2,4,1,1,,,away-win,90
jdywlkGr6N,HPG Homes State League 1 Reserves,RES,SL1,False,2026-02-28 12:45,R1,PSD Energy Park,Salisbury United Men's Reserves SL1,Cumberland United Men's Reserves SL1,Salisbury United,Cumberland United,0,8,0,2,,,away-win,90
MNGJxZ5Y2m,HPG Homes State League 1 Reserves,RES,SL1,False,2026-02-28 12:45,R1,Smith Partners Stadium,Modbury Jets Men's Reserves SL1,Adelaide Croatia Raiders Men's Reserves SL1,Modbury Jets,Adelaide Croatia Raiders,2,2,1,1,,,draw,90
vmZp94YbJK,HPG Homes State League 1 Reserves,RES,SL1,False,2026-02-28 16:45,R1,Athelstone Recreation Reserve,Eastern United Men's Reserves SL1,South Adelaide Men's Reserves SL1,Eastern United,South Adelaide,2,1,0,1,,,home-win,90
gdM6EW01Qm,HPG Homes State League 1 Reserves,RES,SL1,False,2026-03-02 18:00,R1,Marden Sports Complex,Adelaide Blue Eagles Men's Reserves SL1,Cove FC Men's Reserves SL1,Adelaide Blue Eagles,Cove FC,3,3,1,1,,,draw,90
1K3pv8rbYd,HPG Homes State League 1 Reserves,RES,SL1,False,2026-03-07 12:45,R2,West Beach Parks Football Centre,Fulham United Men's Reserves SL1,Modbury Jets Men's Reserves SL1,Fulham United,Modbury Jets,0,6,0,3,,,away-win,90
am14Q8gbAd,HPG Homes State League 1 Reserves,RES,SL1,False,2026-03-07 14:30,R2,Southern Soccer Facility,Cove FC Men's Reserves SL1,Eastern United Men's Reserves SL1,Cove FC,Eastern United,1,1,1,1,,,draw,90
ld45486zxm,HPG Homes State League 1 Reserves,RES,SL1,False,2026-03-07 14:45,R2,Croatian Sports Centre,Adelaide Croatia Raiders Men's Reserves SL1,Salisbury United Men's Reserves SL1,Adelaide Croatia Raiders,Salisbury United,3,2,1,0,,,home-win,90
lNbJjel1DN,HPG Homes State League 1 Reserves,RES,SL1,False,2026-03-07 16:30,R2,Pro Paint and Panel - Weigall Oval,Adelaide Cobras FC Men's Reserves SL1,South Adelaide Men's Reserves SL1,Adelaide Cobras FC,South Adelaide,3,1,3,1,,,home-win,90
jmazB9kRYN,HPG Homes State League 1 Reserves,RES,SL1,False,2026-03-07 16:30,R2,Lady Burra Stadium (AA Bailey Reserve),Cumberland United Men's Reserves SL1,Adelaide Atletico VSC Men's Reserves SL1,Cumberland United,Adelaide Atletico VSC,4,1,4,0,,,home-win,90
BdDb9eZ96N,HPG Homes State League 1 Reserves,RES,SL1,False,2026-03-07 16:45,R2,L3 Football Stadium,Adelaide Olympic Men's Reserves SL1,Adelaide Blue Eagles Men's Reserves SL1,Adelaide Olympic,Adelaide Blue Eagles,4,1,4,0,,,home-win,90
2Kp0p7y0bK,HPG Homes State League 1 Reserves,RES,SL1,False,2026-03-14 12:15,R3,Rushworth Reserve,Adelaide Atletico VSC Men's Reserves SL1,Fulham United Men's Reserves SL1,Adelaide Atletico VSC,Fulham United,2,2,1,0,,,draw,90
4KLlzbExgK,HPG Homes State League 1 Reserves,RES,SL1,False,2026-03-14 12:45,R3,Lady Burra Stadium (AA Bailey Reserve),Cumberland United Men's Reserves SL1,Adelaide Cobras FC Men's Reserves SL1,Cumberland United,Adelaide Cobras FC,2,1,0,1,,,home-win,90
BdDb9e5bJN,HPG Homes State League 1 Reserves,RES,SL1,False,2026-03-14 12:45,R3,Smith Partners Stadium,Modbury Jets Men's Reserves SL1,Cove FC Men's Reserves SL1,Modbury Jets,Cove FC,0,0,,,,,draw,90
bd9pWQ0pYK,HPG Homes State League 1 Reserves,RES,SL1,False,2026-03-14 12:45,R3,O'Sullivan Beach Sports & Community Centre,South Adelaide Men's Reserves SL1,Adelaide Croatia Raiders Men's Reserves SL1,South Adelaide,Adelaide Croatia Raiders,3,1,2,0,,,home-win,90
1K3pv85p9d,HPG Homes State League 1 Reserves,RES,SL1,False,2026-03-14 12:45,R3,PSD Energy Park,Salisbury United Men's Reserves SL1,Adelaide Blue Eagles Men's Reserves SL1,Salisbury United,Adelaide Blue Eagles,1,3,1,1,,,away-win,90
pN6R98jRpN,HPG Homes State League 1 Reserves,RES,SL1,False,2026-03-14 13:00,R3,L3 Football Stadium,Adelaide Olympic Men's Reserves SL1,Eastern United Men's Reserves SL1,Adelaide Olympic,Eastern United,10,0,6,0,,,home-win,90
jdywlkBovN,HPG Homes State League 1 Reserves,RES,SL1,False,2026-03-21 12:00,R4,Athelstone Recreation Reserve,Eastern United Men's Reserves SL1,Adelaide Cobras FC Men's Reserves SL1,Eastern United,Adelaide Cobras FC,5,1,3,1,,,home-win,90
am14Q80lqd,HPG Homes State League 1 Reserves,RES,SL1,False,2026-03-21 12:45,R4,Croatian Sports Centre,Adelaide Croatia Raiders Men's Reserves SL1,Adelaide Atletico VSC Men's Reserves SL1,Adelaide Croatia Raiders,Adelaide Atletico VSC,2,5,1,3,,,away-win,90
ld4548qY2m,HPG Homes State League 1 Reserves,RES,SL1,False,2026-03-21 12:45,R4,O'Sullivan Beach Sports & Community Centre,South Adelaide Men's Reserves SL1,Cumberland United Men's Reserves SL1,South Adelaide,Cumberland United,2,3,0,2,,,away-win,90
pmvvwnjXom,HPG Homes State League 1 Reserves,RES,SL1,False,2026-03-21 12:45,R4,PSD Energy Park,Salisbury United Men's Reserves SL1,Fulham United Men's Reserves SL1,Salisbury United,Fulham United,2,0,1,0,,,home-win,90
nmYnZvwVxN,HPG Homes State League 1 Reserves,RES,SL1,False,2026-03-21 14:30,R4,Southern Soccer Facility,Cove FC Men's Reserves SL1,Adelaide Olympic Men's Reserves SL1,Cove FC,Adelaide Olympic,1,3,0,2,,,away-win,90
MNGJxZyWXm,HPG Homes State League 1 Reserves,RES,SL1,False,2026-03-23 18:00,R4,Marden Sports Complex,Adelaide Blue Eagles Men's Reserves SL1,Modbury Jets Men's Reserves SL1,Adelaide Blue Eagles,Modbury Jets,2,1,2,1,,,home-win,90
emAneX5axN,HPG Homes State League 1 Reserves,RES,SL1,False,2026-03-28 12:45,R5,Marden Sports Complex,Adelaide Blue Eagles Men's Reserves SL1,Adelaide Atletico VSC Men's Reserves SL1,Adelaide Blue Eagles,Adelaide Atletico VSC,2,0,0,0,,,home-win,90
PmrGq6yVPN,HPG Homes State League 1 Reserves,RES,SL1,False,2026-03-28 12:45,R5,West Beach Parks Football Centre,Fulham United Men's Reserves SL1,South Adelaide Men's Reserves SL1,Fulham United,South Adelaide,1,2,1,1,,,away-win,90
OmepXZW51d,HPG Homes State League 1 Reserves,RES,SL1,False,2026-03-28 12:45,R5,Lady Burra Stadium (AA Bailey Reserve),Cumberland United Men's Reserves SL1,Eastern United Men's Reserves SL1,Cumberland United,Eastern United,4,4,4,3,,,draw,90
Pmj27byBBm,HPG Homes State League 1 Reserves,RES,SL1,False,2026-03-28 13:00,R5,L3 Football Stadium,Adelaide Olympic Men's Reserves SL1,Modbury Jets Men's Reserves SL1,Adelaide Olympic,Modbury Jets,1,1,0,1,,,draw,90
EN2pn8jk7d,HPG Homes State League 1 Reserves,RES,SL1,False,2026-03-28 14:30,R5,Southern Soccer Facility,Cove FC Men's Reserves SL1,Salisbury United Men's Reserves SL1,Cove FC,Salisbury United,3,1,0,1,,,home-win,90
8NO5XL3abd,HPG Homes State League 1 Reserves,RES,SL1,False,2026-03-28 16:30,R5,Pro Paint and Panel - Weigall Oval,Adelaide Cobras FC Men's Reserves SL1,Adelaide Croatia Raiders Men's Reserves SL1,Adelaide Cobras FC,Adelaide Croatia Raiders,3,1,2,1,,,home-win,90
pN6R98jODN,HPG Homes State League 1 Reserves,RES,SL1,False,2026-04-11 12:15,R6,Rushworth Reserve,Adelaide Atletico VSC Men's Reserves SL1,Cove FC Men's Reserves SL1,Adelaide Atletico VSC,Cove FC,3,0,2,0,,,home-win,90
4KLlzbEn1K,HPG Homes State League 1 Reserves,RES,SL1,False,2026-04-11 12:45,R6,Croatian Sports Centre,Adelaide Croatia Raiders Men's Reserves SL1,Cumberland United Men's Reserves SL1,Adelaide Croatia Raiders,Cumberland United,1,5,0,2,,,away-win,90
PmrGq6y8RN,HPG Homes State League 1 Reserves,RES,SL1,False,2026-04-11 12:45,R6,Smith Partners Stadium,Modbury Jets Men's Reserves SL1,Eastern United Men's Reserves SL1,Modbury Jets,Eastern United,4,1,2,1,,,home-win,90
EN2pn8jg3d,HPG Homes State League 1 Reserves,RES,SL1,False,2026-04-11 12:45,R6,O'Sullivan Beach Sports & Community Centre,South Adelaide Men's Reserves SL1,Adelaide Blue Eagles Men's Reserves SL1,South Adelaide,Adelaide Blue Eagles,0,3,0,1,,,away-win,90
8NO5XL31ad,HPG Homes State League 1 Reserves,RES,SL1,False,2026-04-11 12:45,R6,PSD Energy Park,Salisbury United Men's Reserves SL1,Adelaide Olympic Men's Reserves SL1,Salisbury United,Adelaide Olympic,2,7,1,4,,,away-win,90
BdDb9e50gN,HPG Homes State League 1 Reserves,RES,SL1,False,2026-04-11 12:45,R6,West Beach Parks Football Centre,Fulham United Men's Reserves SL1,Adelaide Cobras FC Men's Reserves SL1,Fulham United,Adelaide Cobras FC,0,1,0,1,,,away-win,90
bd9pWQ0D2K,HPG Homes State League 1 Reserves,RES,SL1,False,2026-04-18 12:00,R7,Athelstone Recreation Reserve,Eastern United Men's Reserves SL1,Adelaide Croatia Raiders Men's Reserves SL1,Eastern United,Adelaide Croatia Raiders,1,6,0,2,,,away-win,90
1K3pv85y7d,HPG Homes State League 1 Reserves,RES,SL1,False,2026-04-18 12:45,R7,Smith Partners Stadium,Modbury Jets Men's Reserves SL1,Salisbury United Men's Reserves SL1,Modbury Jets,Salisbury United,3,1,1,1,,,home-win,90
jdywlkBDzN,HPG Homes State League 1 Reserves,RES,SL1,False,2026-04-18 12:45,R7,Lady Burra Stadium (AA Bailey Reserve),Cumberland United Men's Reserves SL1,Fulham United Men's Reserves SL1,Cumberland United,Fulham United,4,3,3,1,,,home-win,90
ld4548qGBm,HPG Homes State League 1 Reserves,RES,SL1,False,2026-04-18 13:00,R7,L3 Football Stadium,Adelaide Olympic Men's Reserves SL1,Adelaide Atletico VSC Men's Reserves SL1,Adelaide Olympic,Adelaide Atletico VSC,3,2,3,1,,,home-win,90
am14Q80pWd,HPG Homes State League 1 Reserves,RES,SL1,False,2026-04-18 14:30,R7,Southern Soccer Facility,Cove FC Men's Reserves SL1,South Adelaide Men's Reserves SL1,Cove FC,South Adelaide,1,0,0,0,,,home-win,90
MNGJxZya0m,HPG Homes State League 1 Reserves,RES,SL1,False,2026-04-18 16:45,R7,Pro Paint and Panel - Weigall Oval,Adelaide Cobras FC Men's Reserves SL1,Adelaide Blue Eagles Men's Reserves SL1,Adelaide Cobras FC,Adelaide Blue Eagles,2,4,1,2,,,away-win,90
vmZp94y3DK,HPG Homes State League 1 Reserves,RES,SL1,False,2026-05-02 12:15,R8,Rushworth Reserve,Adelaide Atletico VSC Men's Reserves SL1,Modbury Jets Men's Reserves SL1,Adelaide Atletico VSC,Modbury Jets,2,2,1,1,,,draw,90
lNbJjeZDoN,HPG Homes State League 1 Reserves,RES,SL1,False,2026-05-02 12:45,R8,O'Sullivan Beach Sports & Community Centre,South Adelaide Men's Reserves SL1,Adelaide Olympic Men's Reserves SL1,South Adelaide,Adelaide Olympic,1,2,0,0,,,away-win,90
gdM6EW5a7m,HPG Homes State League 1 Reserves,RES,SL1,False,2026-05-02 12:45,R8,Pro Paint and Panel - Weigall Oval,Adelaide Cobras FC Men's Reserves SL1,Cove FC Men's Reserves SL1,Adelaide Cobras FC,Cove FC,3,0,3,0,,,home-win,90
jmazB9Zk0N,HPG Homes State League 1 Reserves,RES,SL1,False,2026-05-02 12:45,R8,West Beach Parks Football Centre,Fulham United Men's Reserves SL1,Adelaide Croatia Raiders Men's Reserves SL1,Fulham United,Adelaide Croatia Raiders,2,2,2,1,,,draw,90
pmvvwnjJrm,HPG Homes State League 1 Reserves,RES,SL1,False,2026-05-02 12:45,R8,PSD Energy Park,Salisbury United Men's Reserves SL1,Eastern United Men's Reserves SL1,Salisbury United,Eastern United,0,2,0,1,,,away-win,90
nmYnZvwOrN,HPG Homes State League 1 Reserves,RES,SL1,False,2026-05-02 12:45,R8,Marden Sports Complex,Adelaide Blue Eagles Men's Reserves SL1,Cumberland United Men's Reserves SL1,Adelaide Blue Eagles,Cumberland United,1,0,0,0,,,home-win,90
EN2pn8j2rd,HPG Homes State League 1 Reserves,RES,SL1,False,2026-05-09 12:00,R9,Athelstone Recreation Reserve,Eastern United Men's Reserves SL1,Fulham United Men's Reserves SL1,Eastern United,Fulham United,0,2,0,1,,,away-win,90
pN6R98jjON,HPG Homes State League 1 Reserves,RES,SL1,False,2026-05-09 12:45,R9,Lady Burra Stadium (AA Bailey Reserve),Cumberland United Men's Reserves SL1,Cove FC Men's Reserves SL1,Cumberland United,Cove FC,2,3,1,2,,,away-win,90
OmepXZW4jd,HPG Homes State League 1 Reserves,RES,SL1,False,2026-05-09 12:45,R9,Smith Partners Stadium,Modbury Jets Men's Reserves SL1,South Adelaide Men's Reserves SL1,Modbury Jets,South Adelaide,3,1,1,1,,,home-win,90
4KLlzbEMLK,HPG Homes State League 1 Reserves,RES,SL1,False,2026-05-09 12:45,R9,PSD Energy Park,Salisbury United Men's Reserves SL1,Adelaide Atletico VSC Men's Reserves SL1,Salisbury United,Adelaide Atletico VSC,2,1,1,1,,,home-win,90
PmrGq6y3AN,HPG Homes State League 1 Reserves,RES,SL1,False,2026-05-09 13:00,R9,L3 Football Stadium,Adelaide Olympic Men's Reserves SL1,Adelaide Cobras FC Men's Reserves SL1,Adelaide Olympic,Adelaide Cobras FC,3,1,2,0,,,home-win,90
8NO5XL3Pzd,HPG Homes State League 1 Reserves,RES,SL1,False,2026-05-09 14:45,R9,Croatian Sports Centre,Adelaide Croatia Raiders Men's Reserves SL1,Adelaide Blue Eagles Men's Reserves SL1,Adelaide Croatia Raiders,Adelaide Blue Eagles,0,1,0,1,,,away-win,90
MNGJxZyPQm,HPG Homes State League 1 Reserves,RES,SL1,False,2026-05-16 12:15,R10,Rushworth Reserve,Adelaide Atletico VSC Men's Reserves SL1,Eastern United Men's Reserves SL1,Adelaide Atletico VSC,Eastern United,3,3,2,0,,,draw,90
vmZp94yVBK,HPG Homes State League 1 Reserves,RES,SL1,False,2026-05-16 12:45,R10,O'Sullivan Beach Sports & Community Centre,South Adelaide Men's Reserves SL1,Salisbury United Men's Reserves SL1,South Adelaide,Salisbury United,2,1,1,0,,,home-win,90
gdM6EW5P2m,HPG Homes State League 1 Reserves,RES,SL1,False,2026-05-16 12:45,R10,Marden Sports Complex,Adelaide Blue Eagles Men's Reserves SL1,Fulham United Men's Reserves SL1,Adelaide Blue Eagles,Fulham United,3,1,1,1,,,home-win,90
pmvvwnj60m,HPG Homes State League 1 Reserves,RES,SL1,False,2026-05-16 14:30,R10,Southern Soccer Facility,Cove FC Men's Reserves SL1,Adelaide Croatia Raiders Men's Reserves SL1,Cove FC,Adelaide Croatia Raiders,2,1,1,0,,,home-win,90
Pmj27byAPm,HPG Homes State League 1 Reserves,RES,SL1,False,2026-05-16 16:45,R10,Pro Paint and Panel - Weigall Oval,Adelaide Cobras FC Men's Reserves SL1,Modbury Jets Men's Reserves SL1,Adelaide Cobras FC,Modbury Jets,1,3,1,0,,,away-win,90
2Kp0p7ygOK,HPG Homes State League 1 Reserves,RES,SL1,False,2026-05-17 14:15,R10,L3 Football Stadium,Adelaide Olympic Men's Reserves SL1,Cumberland United Men's Reserves SL1,Adelaide Olympic,Cumberland United,0,4,0,1,,,away-win,90
pN6R98j3BN,HPG Homes State League 1 Reserves,RES,SL1,False,2026-05-23 12:00,R11,Athelstone Recreation Reserve,Eastern United Men's Reserves SL1,Adelaide Blue Eagles Men's Reserves SL1,Eastern United,Adelaide Blue Eagles,0,0,0,0,,,draw,90
BdDb9e5a6N,HPG Homes State League 1 Reserves,RES,SL1,False,2026-05-23 12:15,R11,Rushworth Reserve,Adelaide Atletico VSC Men's Reserves SL1,South Adelaide Men's Reserves SL1,Adelaide Atletico VSC,South Adelaide,2,1,0,0,,,home-win,90
ld4548qnOm,HPG Homes State League 1 Reserves,RES,SL1,False,2026-05-23 12:45,R11,Croatian Sports Centre,Adelaide Croatia Raiders Men's Reserves SL1,Adelaide Olympic Men's Reserves SL1,Adelaide Croatia Raiders,Adelaide Olympic,0,4,0,1,,,away-win,90
lNbJjeZr6N,HPG Homes State League 1 Reserves,RES,SL1,False,2026-05-23 12:45,R11,Smith Partners Stadium,Modbury Jets Men's Reserves SL1,Cumberland United Men's Reserves SL1,Modbury Jets,Cumberland United,4,1,2,1,,,home-win,90
jmazB9Zr7N,HPG Homes State League 1 Reserves,RES,SL1,False,2026-05-23 12:45,R11,West Beach Parks Football Centre,Fulham United Men's Reserves SL1,Cove FC Men's Reserves SL1,Fulham United,Cove FC,3,4,2,2,,,away-win,90
nmYnZvwB1N,HPG Homes State League 1 Reserves,RES,SL1,False,2026-05-23 12:45,R11,PSD Energy Park,Salisbury United Men's Reserves SL1,Adelaide Cobras FC Men's Reserves SL1,Salisbury United,Adelaide Cobras FC,1,2,1,2,,,away-win,90
PmrGq6yEjN,HPG Homes State League 1 Reserves,RES,SL1,False,2026-05-30 12:45,R12,O'Sullivan Beach Sports & Community Centre,South Adelaide Men's Reserves SL1,Eastern United Men's Reserves SL1,South Adelaide,Eastern United,1,1,0,0,,,draw,90
EN2pn8jJBd,HPG Homes State League 1 Reserves,RES,SL1,False,2026-05-30 12:45,R12,Pro Paint and Panel - Weigall Oval,Adelaide Cobras FC Men's Reserves SL1,Adelaide Atletico VSC Men's Reserves SL1,Adelaide Cobras FC,Adelaide Atletico VSC,2,1,0,0,,,home-win,90
pmvvwnjk6m,HPG Homes State League 1 Reserves,RES,SL1,False,2026-05-30 12:45,R12,Lady Burra Stadium (AA Bailey Reserve),Cumberland United Men's Reserves SL1,Salisbury United Men's Reserves SL1,Cumberland United,Salisbury United,3,2,1,1,,,home-win,90
nmYnZvw0pN,HPG Homes State League 1 Reserves,RES,SL1,False,2026-05-30 12:45,R12,Croatian Sports Centre,Adelaide Croatia Raiders Men's Reserves SL1,Modbury Jets Men's Reserves SL1,Adelaide Croatia Raiders,Modbury Jets,2,1,1,1,,,home-win,90
emAneX5vQN,HPG Homes State League 1 Reserves,RES,SL1,False,2026-05-30 13:00,R12,L3 Football Stadium,Adelaide Olympic Men's Reserves SL1,Fulham United Men's Reserves SL1,Adelaide Olympic,Fulham United,0,1,0,0,,,away-win,90
8NO5XL342d,HPG Homes State League 1 Reserves,RES,SL1,False,2026-05-30 14:30,R12,Southern Soccer Facility,Cove FC Men's Reserves SL1,Adelaide Blue Eagles Men's Reserves SL1,Cove FC,Adelaide Blue Eagles,0,0,0,0,,,draw,90
emAneX5QRN,HPG Homes State League 1 Reserves,RES,SL1,False,2026-06-04 20:30,R13,Smith Partners Stadium,Modbury Jets Men's Reserves SL1,Fulham United Men's Reserves SL1,Modbury Jets,Fulham United,0,3,0,2,,,away-win,90
pmvvwnj45m,HPG Homes State League 1 Reserves,RES,SL1,False,2026-06-06 12:00,R13,Athelstone Recreation Reserve,Eastern United Men's Reserves SL1,Cove FC Men's Reserves SL1,Eastern United,Cove FC,1,2,1,2,,,away-win,90
nmYnZvwDaN,HPG Homes State League 1 Reserves,RES,SL1,False,2026-06-06 12:15,R13,Rushworth Reserve,Adelaide Atletico VSC Men's Reserves SL1,Cumberland United Men's Reserves SL1,Adelaide Atletico VSC,Cumberland United,1,6,1,5,,,away-win,90
Pmj27byo3m,HPG Homes State League 1 Reserves,RES,SL1,False,2026-06-06 12:45,R13,O'Sullivan Beach Sports & Community Centre,South Adelaide Men's Reserves SL1,Adelaide Cobras FC Men's Reserves SL1,South Adelaide,Adelaide Cobras FC,4,1,0,1,,,home-win,90
PmrGq6yDLN,HPG Homes State League 1 Reserves,RES,SL1,False,2026-06-06 12:45,R13,Marden Sports Complex,Adelaide Blue Eagles Men's Reserves SL1,Adelaide Olympic Men's Reserves SL1,Adelaide Blue Eagles,Adelaide Olympic,2,5,0,2,,,away-win,90
EN2pn8joZd,HPG Homes State League 1 Reserves,RES,SL1,False,2026-06-06 12:45,R13,PSD Energy Park,Salisbury United Men's Reserves SL1,Adelaide Croatia Raiders Men's Reserves SL1,Salisbury United,Adelaide Croatia Raiders,0,6,0,1,,,away-win,90
8NO5XL3rWd,HPG Homes State League 1 Reserves,RES,SL1,False,2026-06-13 12:00,R14,Athelstone Recreation Reserve,Eastern United Men's Reserves SL1,Adelaide Olympic Men's Reserves SL1,Eastern United,Adelaide Olympic,3,6,2,3,,,away-win,90
jdywlkBQvN,HPG Homes State League 1 Reserves,RES,SL1,False,2026-06-13 12:45,R14,West Beach Parks Football Centre,Fulham United Men's Reserves SL1,Adelaide Atletico VSC Men's Reserves SL1,Fulham United,Adelaide Atletico VSC,1,0,0,0,,,home-win,90
MNGJxZykXm,HPG Homes State League 1 Reserves,RES,SL1,False,2026-06-20 12:45,R15,Pro Paint and Panel - Weigall Oval,Adelaide Cobras FC Men's Reserves SL1,Eastern United Men's Reserves SL1,Adelaide Cobras FC,Eastern United,1,0,0,0,,,home-win,90
ld4548qR2m,HPG Homes State League 1 Reserves,RES,SL1,False,2026-06-20 12:45,R15,L3 Football Stadium,Adelaide Olympic Men's Reserves SL1,Cove FC Men's Reserves SL1,Adelaide Olympic,Cove FC,3,0,2,0,,,home-win,90
lNbJjeZkyN,HPG Homes State League 1 Reserves,RES,SL1,False,2026-06-20 12:45,R15,Lady Burra Stadium (AA Bailey Reserve),Cumberland United Men's Reserves SL1,South Adelaide Men's Reserves SL1,Cumberland United,South Adelaide,1,1,0,0,,,draw,90
gdM6EW5Dbm,HPG Homes State League 1 Reserves,RES,SL1,False,2026-06-20 12:45,R15,Smith Partners Stadium,Modbury Jets Men's Reserves SL1,Adelaide Blue Eagles Men's Reserves SL1,Modbury Jets,Adelaide Blue Eagles,5,2,1,0,,,home-win,90
jmazB9ZbGN,HPG Homes State League 1 Reserves,RES,SL1,False,2026-06-20 12:45,R15,West Beach Parks Football Centre,Fulham United Men's Reserves SL1,Salisbury United Men's Reserves SL1,Fulham United,Salisbury United,5,4,2,2,,,home-win,90
pmvvwnjREm,HPG Homes State League 1 Reserves,RES,SL1,False,2026-06-27 12:00,R16,Athelstone Recreation Reserve,Eastern United Men's Reserves SL1,Cumberland United Men's Reserves SL1,Eastern United,Cumberland United,2,5,2,2,,,away-win,90
nmYnZvweDN,HPG Homes State League 1 Reserves,RES,SL1,False,2026-06-27 12:15,R16,Rushworth Reserve,Adelaide Atletico VSC Men's Reserves SL1,Adelaide Blue Eagles Men's Reserves SL1,Adelaide Atletico VSC,Adelaide Blue Eagles,2,1,1,0,,,home-win,90
pmvvwnjBDm,HPG Homes State League 1 Reserves,RES,SL1,False,2026-06-27 12:45,R16,Smith Partners Stadium,Modbury Jets Men's Reserves SL1,Adelaide Olympic Men's Reserves SL1,Modbury Jets,Adelaide Olympic,1,6,0,2,,,away-win,90
nmYnZvwqyN,HPG Homes State League 1 Reserves,RES,SL1,False,2026-06-27 12:45,R16,Croatian Sports Centre,Adelaide Croatia Raiders Men's Reserves SL1,Adelaide Cobras FC Men's Reserves SL1,Adelaide Croatia Raiders,Adelaide Cobras FC,1,0,1,0,,,home-win,90
Pmj27byVAm,HPG Homes State League 1 Reserves,RES,SL1,False,2026-06-27 12:45,R16,O'Sullivan Beach Sports & Community Centre,South Adelaide Men's Reserves SL1,Fulham United Men's Reserves SL1,South Adelaide,Fulham United,4,1,2,0,,,home-win,90
emAneX528N,HPG Homes State League 1 Reserves,RES,SL1,False,2026-06-27 12:45,R16,PSD Energy Park,Salisbury United Men's Reserves SL1,Cove FC Men's Reserves SL1,Salisbury United,Cove FC,0,4,0,3,,,away-win,90
PmrGq6yxRN,HPG Homes State League 1 Reserves,RES,SL1,False,2026-07-04 12:00,R17,Athelstone Recreation Reserve,Eastern United Men's Reserves SL1,Modbury Jets Men's Reserves SL1,Eastern United,Modbury Jets,0,1,0,1,,,away-win,90
EN2pn8ja3d,HPG Homes State League 1 Reserves,RES,SL1,False,2026-07-04 12:45,R17,L3 Football Stadium,Adelaide Olympic Men's Reserves SL1,Salisbury United Men's Reserves SL1,Adelaide Olympic,Salisbury United,1,0,0,0,,,home-win,90
8NO5XL32ad,HPG Homes State League 1 Reserves,RES,SL1,False,2026-07-04 12:45,R17,Pro Paint and Panel - Weigall Oval,Adelaide Cobras FC Men's Reserves SL1,Fulham United Men's Reserves SL1,Adelaide Cobras FC,Fulham United,2,0,2,0,,,home-win,90
OmepXZWDvd,HPG Homes State League 1 Reserves,RES,SL1,False,2026-07-04 12:45,R17,Marden Sports Complex,Adelaide Blue Eagles Men's Reserves SL1,South Adelaide Men's Reserves SL1,Adelaide Blue Eagles,South Adelaide,1,2,1,0,,,away-win,90
pN6R98jw2N,HPG Homes State League 1 Reserves,RES,SL1,False,2026-07-04 14:30,R17,Southern Soccer Facility,Cove FC Men's Reserves SL1,Adelaide Atletico VSC Men's Reserves SL1,Cove FC,Adelaide Atletico VSC,3,0,1,0,,,home-win,90
BdDb9e52GN,HPG Homes State League 1 Reserves,RES,SL1,False,2026-07-04 16:30,R17,Lady Burra Stadium (AA Bailey Reserve),Cumberland United Men's Reserves SL1,Adelaide Croatia Raiders Men's Reserves SL1,Cumberland United,Adelaide Croatia Raiders,1,3,1,2,,,away-win,90
BdDb9e5rJN,HPG Homes State League 1 Reserves,RES,SL1,False,2026-07-08 19:45,R14,Pro Paint and Panel - Weigall Oval,Adelaide Cobras FC Men's Reserves SL1,Cumberland United Men's Reserves SL1,Adelaide Cobras FC,Cumberland United,2,2,2,1,,,draw,90
vmZp94yA2K,HPG Homes State League 1 Reserves,RES,SL1,False,2026-07-09 19:00,R15,Rushworth Reserve,Adelaide Atletico VSC Men's Reserves SL1,Adelaide Croatia Raiders Men's Reserves SL1,Adelaide Atletico VSC,Adelaide Croatia Raiders,3,4,3,1,,,away-win,90
1K3pv85x9d,HPG Homes State League 1 Reserves,RES,SL1,False,2026-07-10 19:00,R14,Marden Sports Complex,Adelaide Blue Eagles Men's Reserves SL1,Salisbury United Men's Reserves SL1,Adelaide Blue Eagles,Salisbury United,4,1,2,0,,,home-win,90
bd9pWQ0AYK,HPG Homes State League 1 Reserves,RES,SL1,False,2026-07-13 19:00,R14,Croatian Sports Centre,Adelaide Croatia Raiders Men's Reserves SL1,South Adelaide Men's Reserves SL1,Adelaide Croatia Raiders,South Adelaide,1,1,0,0,,,draw,90
ld4548qeBm,HPG Homes State League 1 Reserves,RES,SL1,False,2026-07-18 12:15,R18,Rushworth Reserve,Adelaide Atletico VSC Men's Reserves SL1,Adelaide Olympic Men's Reserves SL1,Adelaide Atletico VSC,Adelaide Olympic,3,0,1,0,,,home-win,90
4KLlzbE2DK,HPG Homes State League 1 Reserves,RES,SL1,False,2026-07-18 12:45,R18,Croatian Sports Centre,Adelaide Croatia Raiders Men's Reserves SL1,Eastern United Men's Reserves SL1,Adelaide Croatia Raiders,Eastern United,4,2,3,2,,,home-win,90
2Kp0p7y9oK,HPG Homes State League 1 Reserves,RES,SL1,False,2026-07-18 12:45,R18,PSD Energy Park,Salisbury United Men's Reserves SL1,Modbury Jets Men's Reserves SL1,Salisbury United,Modbury Jets,0,4,0,2,,,away-win,90
vmZp94yoDK,HPG Homes State League 1 Reserves,RES,SL1,False,2026-07-18 12:45,R18,Marden Sports Complex,Adelaide Blue Eagles Men's Reserves SL1,Adelaide Cobras FC Men's Reserves SL1,Adelaide Blue Eagles,Adelaide Cobras FC,0,0,0,0,,,draw,90
lNbJjeZgoN,HPG Homes State League 1 Reserves,RES,SL1,False,2026-07-18 12:45,R18,O'Sullivan Beach Sports & Community Centre,South Adelaide Men's Reserves SL1,Cove FC Men's Reserves SL1,South Adelaide,Cove FC,0,0,0,0,,,draw,90
MNGJxZyM0m,HPG Homes State League 1 Reserves,RES,SL1,False,2026-07-19 12:45,R18,West Beach Parks Football Centre,Fulham United Men's Reserves SL1,Cumberland United Men's Reserves SL1,Fulham United,Cumberland United,0,2,0,0,,,away-win,90
am14Q80Vqd,HPG Homes State League 1 Reserves,RES,SL1,False,2026-07-21 19:00,R14,Southern Soccer Facility,Cove FC Men's Reserves SL1,Modbury Jets Men's Reserves SL1,Cove FC,Modbury Jets,0,0,0,0,,,draw,90
gdM6EW547m,HPG Homes State League 1 Reserves,RES,SL1,False,2026-07-25 12:00,R19,Athelstone Recreation Reserve,Eastern United Men's Reserves SL1,Salisbury United Men's Reserves SL1,Eastern United,Salisbury United,3,0,2,0,,,home-win,90
jmazB9Zv0N,HPG Homes State League 1 Reserves,RES,SL1,False,2026-07-25 12:45,R19,L3 Football Stadium,Adelaide Olympic Men's Reserves SL1,South Adelaide Men's Reserves SL1,Adelaide Olympic,South Adelaide,0,3,0,1,,,away-win,90
nmYnZvwErN,HPG Homes State League 1 Reserves,RES,SL1,False,2026-07-25 12:45,R19,Smith Partners Stadium,Modbury Jets Men's Reserves SL1,Adelaide Atletico VSC Men's Reserves SL1,Modbury Jets,Adelaide Atletico VSC,2,1,0,1,,,home-win,90
vmZp94yMMK,HPG Homes State League 1 Reserves,RES,SL1,False,2026-07-25 14:30,R19,Southern Soccer Facility,Cove FC Men's Reserves SL1,Adelaide Cobras FC Men's Reserves SL1,Cove FC,Adelaide Cobras FC,2,0,1,0,,,home-win,90
lNbJjeZvEN,HPG Homes State League 1 Reserves,RES,SL1,False,2026-07-25 16:30,R19,Lady Burra Stadium (AA Bailey Reserve),Cumberland United Men's Reserves SL1,Adelaide Blue Eagles Men's Reserves SL1,Cumberland United,Adelaide Blue Eagles,4,0,2,0,,,home-win,90
jmazB9Z75N,HPG Homes State League 1 Reserves,RES,SL1,False,2026-08-01 12:15,R20,Rushworth Reserve,Adelaide Atletico VSC Men's Reserves SL1,Salisbury United Men's Reserves SL1,Adelaide Atletico VSC,Salisbury United,3,0,3,0,,,home-win,90
gdM6EW5l1m,HPG Homes State League 1 Reserves,RES,SL1,False,2026-08-01 12:45,R20,West Beach Parks Football Centre,Fulham United Men's Reserves SL1,Eastern United Men's Reserves SL1,Fulham United,Eastern United,3,3,2,2,,,draw,90
pmvvwnjV8m,HPG Homes State League 1 Reserves,RES,SL1,False,2026-08-01 12:45,R20,O'Sullivan Beach Sports & Community Centre,South Adelaide Men's Reserves SL1,Modbury Jets Men's Reserves SL1,South Adelaide,Modbury Jets,1,2,0,1,,,away-win,90
nmYnZvwxYN,HPG Homes State League 1 Reserves,RES,SL1,False,2026-08-01 12:45,R20,Marden Sports Complex,Adelaide Blue Eagles Men's Reserves SL1,Adelaide Croatia Raiders Men's Reserves SL1,Adelaide Blue Eagles,Adelaide Croatia Raiders,1,2,0,2,,,away-win,90
8NO5XL3Yzd,HPG Homes State League 1 Reserves,RES,SL1,False,2026-08-01 14:30,R20,Southern Soccer Facility,Cove FC Men's Reserves SL1,Cumberland United Men's Reserves SL1,Cove FC,Cumberland United,1,1,0,1,,,draw,90
OmepXZWajd,HPG Homes State League 1 Reserves,RES,SL1,False,2026-08-01 16:45,R20,Pro Paint and Panel - Weigall Oval,Adelaide Cobras FC Men's Reserves SL1,Adelaide Olympic Men's Reserves SL1,Adelaide Cobras FC,Adelaide Olympic,1,2,0,1,,,away-win,90
pmvvwnjArm,HPG Homes State League 1 Reserves,RES,SL1,False,2026-08-04 19:00,R19,Croatian Sports Centre,Adelaide Croatia Raiders Men's Reserves SL1,Fulham United Men's Reserves SL1,Adelaide Croatia Raiders,Fulham United,4,2,2,2,,,home-win,90
BdDb9e5v6N,HPG Homes State League 1 Reserves,RES,SL1,False,2026-08-07 20:30,R21,PSD Energy Park,Salisbury United Men's Reserves SL1,South Adelaide Men's Reserves SL1,Salisbury United,South Adelaide,0,3,0,0,,,away-win,90
pN6R98jyBN,HPG Homes State League 1 Reserves,RES,SL1,False,2026-08-08 10:30,R21,Croatian Sports Centre,Adelaide Croatia Raiders Men's Reserves SL1,Cove FC Men's Reserves SL1,Adelaide Croatia Raiders,Cove FC,1,1,0,0,,,draw,90
4KLlzbE9LK,HPG Homes State League 1 Reserves,RES,SL1,False,2026-08-08 12:00,R21,Athelstone Recreation Reserve,Eastern United Men's Reserves SL1,Adelaide Atletico VSC Men's Reserves SL1,Eastern United,Adelaide Atletico VSC,4,4,2,2,,,draw,90
2Kp0p7yXOK,HPG Homes State League 1 Reserves,RES,SL1,False,2026-08-08 12:45,R21,Smith Partners Stadium,Modbury Jets Men's Reserves SL1,Adelaide Cobras FC Men's Reserves SL1,Modbury Jets,Adelaide Cobras FC,4,2,2,0,,,home-win,90
bd9pWQ0rRK,HPG Homes State League 1 Reserves,RES,SL1,False,2026-08-08 12:45,R21,West Beach Parks Football Centre,Fulham United Men's Reserves SL1,Adelaide Blue Eagles Men's Reserves SL1,Fulham United,Adelaide Blue Eagles,1,2,0,2,,,away-win,90
1K3pv85EYd,HPG Homes State League 1 Reserves,RES,SL1,False,2026-08-08 16:30,R21,Lady Burra Stadium (AA Bailey Reserve),Cumberland United Men's Reserves SL1,Adelaide Olympic Men's Reserves SL1,Cumberland United,Adelaide Olympic,1,1,1,0,,,draw,90
jdywlkBW6N,HPG Homes State League 1 Reserves,RES,SL1,False,2026-08-15 14:45,R22,Marden Sports Complex,Adelaide Blue Eagles Men's Reserves SL1,Eastern United Men's Reserves SL1,Adelaide Blue Eagles,Eastern United,7,1,3,0,,,home-win,90
am14Q80yAd,HPG Homes State League 1 Reserves,RES,SL1,False,2026-08-15 14:45,R22,O'Sullivan Beach Sports & Community Centre,South Adelaide Men's Reserves SL1,Adelaide Atletico VSC Men's Reserves SL1,South Adelaide,Adelaide Atletico VSC,2,2,0,1,,,draw,90
MNGJxZyV2m,HPG Homes State League 1 Reserves,RES,SL1,False,2026-08-15 14:45,R22,Southern Soccer Facility,Cove FC Men's Reserves SL1,Fulham United Men's Reserves SL1,Cove FC,Fulham United,2,0,2,0,,,home-win,90
ld4548qPxm,HPG Homes State League 1 Reserves,RES,SL1,False,2026-08-15 14:45,R22,Pro Paint and Panel - Weigall Oval,Adelaide Cobras FC Men's Reserves SL1,Salisbury United Men's Reserves SL1,Adelaide Cobras FC,Salisbury United,2,0,0,0,,,home-win,90
pmvvwnjy0m,HPG Homes State League 1 Reserves,RES,SL1,False,2026-08-15 14:45,R22,L3 Football Stadium,Adelaide Olympic Men's Reserves SL1,Adelaide Croatia Raiders Men's Reserves SL1,Adelaide Olympic,Adelaide Croatia Raiders,0,2,0,0,,,away-win,90
nmYnZvw51N,HPG Homes State League 1 Reserves,RES,SL1,False,2026-08-15 14:45,R22,Lady Burra Stadium (AA Bailey Reserve),Cumberland United Men's Reserves SL1,Modbury Jets Men's Reserves SL1,Cumberland United,Modbury Jets,0,0,0,0,,,draw,90
8Nq51abY7N,HPG Homes State League 1 Reserves,RES,SL1,True,2026-08-22 12:30,Elimination Finals,Southern Soccer Facility,Cove FC Men's Reserves SL1,Adelaide Blue Eagles Men's Reserves SL1,Cove FC,Adelaide Blue Eagles,2,1,1,1,,,home-win,90
am14zEVDnd,HPG Homes State League 1 Reserves,RES,SL1,True,2026-08-22 14:30,Elimination Finals,West Beach Parks Football Centre,Modbury Jets Men's Reserves SL1,Adelaide Croatia Raiders Men's Reserves SL1,Modbury Jets,Adelaide Croatia Raiders,4,0,2,0,,,home-win,90
ld450LRv0m,HPG Homes State League 1 Reserves,RES,SL1,True,2026-08-29 12:30,Semi Finals Round 1,L3 Football Stadium,Adelaide Olympic Men's Reserves SL1,Cove FC Men's Reserves SL1,Adelaide Olympic,Cove FC,2,1,2,1,,,home-win,90
JmXWArB9rd,HPG Homes State League 1 Reserves,RES,SL1,True,2026-08-29 12:30,Semi Finals Round 1,Marden Sports Complex,Cumberland United Men's Reserves SL1,Modbury Jets Men's Reserves SL1,Cumberland United,Modbury Jets,4,2,4,1,,,home-win,90
1K3pR2e8Ld,HPG Homes State League 1 Reserves,RES,SL1,True,2026-09-05 12:30,Semi Final Round 2,Smith Partners Stadium,Cove FC Men's Reserves SL1,Adelaide Olympic Men's Reserves SL1,Cove FC,Adelaide Olympic,0,2,0,0,,,away-win,90
vdWDwEWqDm,HPG Homes State League 1 Reserves,RES,SL1,True,2026-09-05 12:30,Semi Final Round 2,Croatian Sports Centre,Modbury Jets Men's Reserves SL1,Cumberland United Men's Reserves SL1,Modbury Jets,Cumberland United,1,2,1,1,,,away-win,90
am14zEVajd,HPG Homes State League 1 Reserves,RES,SL1,True,2026-09-12 14:00,Grand Final,ServiceFM Stadium,Adelaide Olympic Men's Reserves SL1,Cumberland United Men's Reserves SL1,Adelaide Olympic,Cumberland United,2,2,2,0,4,5,away-win,120
emAneX5DMN,HPG Homes State League 1 Under 18's,U18,SL1,False,2026-02-28 09:30,R1,Marden Sports Complex,Adelaide Blue Eagles Under 18's SL1,Cove FC Under 18's SL1,Adelaide Blue Eagles,Cove FC,2,1,0,0,,,home-win,90
gdM6EW5AOm,HPG Homes State League 1 Under 18's,U18,SL1,False,2026-02-28 10:00,R1,Rushworth Reserve,Adelaide Atletico VSC Under 18's SL1,Adelaide Cobras FC Under 18's SL1,Adelaide Atletico VSC,Adelaide Cobras FC,7,2,2,1,,,home-win,90
jmazB9ZWVN,HPG Homes State League 1 Under 18's,U18,SL1,False,2026-02-28 10:30,R1,West Beach Parks Football Centre,Fulham United Under 18's SL1,Adelaide Olympic Under 18's SL1,Fulham United,Adelaide Olympic,2,5,1,2,,,away-win,90
pmvvwnjb6m,HPG Homes State League 1 Under 18's,U18,SL1,False,2026-02-28 10:30,R1,PSD Energy Park,Salisbury United Under 18's SL1,Cumberland United Under 18's SL1,Salisbury United,Cumberland United,2,3,1,2,,,away-win,90
nmYnZvwkpN,HPG Homes State League 1 Under 18's,U18,SL1,False,2026-02-28 10:30,R1,Smith Partners Stadium,Modbury Jets Under 18's SL1,Adelaide Croatia Raiders Under 18's SL1,Modbury Jets,Adelaide Croatia Raiders,2,1,1,0,,,home-win,90
Pmj27bypkm,HPG Homes State League 1 Under 18's,U18,SL1,False,2026-02-28 14:30,R1,Athelstone Recreation Reserve,Eastern United Under 18's SL1,South Adelaide Under 18's SL1,Eastern United,South Adelaide,1,5,1,3,,,away-win,90
EN2pn8Wvld,HPG Homes State League 1 Under 18's,U18,SL1,False,2026-03-07 10:30,R2,West Beach Parks Football Centre,Fulham United Under 18's SL1,Modbury Jets Under 18's SL1,Fulham United,Modbury Jets,0,1,0,1,,,away-win,90
8NO5XLWkvd,HPG Homes State League 1 Under 18's,U18,SL1,False,2026-03-07 12:00,R2,Southern Soccer Facility,Cove FC Under 18's SL1,Eastern United Under 18's SL1,Cove FC,Eastern United,0,1,0,1,,,away-win,90
BdDb9eLk4N,HPG Homes State League 1 Under 18's,U18,SL1,False,2026-03-07 12:30,R2,Croatian Sports Centre,Adelaide Croatia Raiders Under 18's SL1,Salisbury United Under 18's SL1,Adelaide Croatia Raiders,Salisbury United,1,1,1,0,,,draw,90
bd9pWQeRwK,HPG Homes State League 1 Under 18's,U18,SL1,False,2026-03-07 14:00,R2,Pro Paint and Panel - Weigall Oval,Adelaide Cobras FC Under 18's SL1,South Adelaide Under 18's SL1,Adelaide Cobras FC,South Adelaide,3,6,1,3,,,away-win,90
1K3pv8W4Ld,HPG Homes State League 1 Under 18's,U18,SL1,False,2026-03-07 14:00,R2,Lady Burra Stadium (AA Bailey Reserve),Cumberland United Under 18's SL1,Adelaide Atletico VSC Under 18's SL1,Cumberland United,Adelaide Atletico VSC,1,0,1,0,,,home-win,90
PmrGq6p5VN,HPG Homes State League 1 Under 18's,U18,SL1,False,2026-03-07 14:30,R2,L3 Football Stadium,Adelaide Olympic Under 18's SL1,Adelaide Blue Eagles Under 18's SL1,Adelaide Olympic,Adelaide Blue Eagles,5,0,3,0,,,home-win,90
MNGJxZLv7m,HPG Homes State League 1 Under 18's,U18,SL1,False,2026-03-14 10:00,R3,Rushworth Reserve,Adelaide Atletico VSC Under 18's SL1,Fulham United Under 18's SL1,Adelaide Atletico VSC,Fulham United,0,5,0,2,,,away-win,90
jdywlkL4DN,HPG Homes State League 1 Under 18's,U18,SL1,False,2026-03-14 10:30,R3,Lady Burra Stadium (AA Bailey Reserve),Cumberland United Under 18's SL1,Adelaide Cobras FC Under 18's SL1,Cumberland United,Adelaide Cobras FC,3,1,1,1,,,home-win,90
ld4548WpDm,HPG Homes State League 1 Under 18's,U18,SL1,False,2026-03-14 10:30,R3,Smith Partners Stadium,Modbury Jets Under 18's SL1,Cove FC Under 18's SL1,Modbury Jets,Cove FC,1,3,1,2,,,away-win,90
vmZp94LvGK,HPG Homes State League 1 Under 18's,U18,SL1,False,2026-03-14 10:30,R3,O'Sullivan Beach Sports & Community Centre,South Adelaide Under 18's SL1,Adelaide Croatia Raiders Under 18's SL1,South Adelaide,Adelaide Croatia Raiders,5,0,3,0,,,home-win,90
lNbJjezJpN,HPG Homes State League 1 Under 18's,U18,SL1,False,2026-03-14 10:30,R3,PSD Energy Park,Salisbury United Under 18's SL1,Adelaide Blue Eagles Under 18's SL1,Salisbury United,Adelaide Blue Eagles,2,2,1,1,,,draw,90
am14Q82njd,HPG Homes State League 1 Under 18's,U18,SL1,False,2026-03-14 10:45,R3,L3 Football Stadium,Adelaide Olympic Under 18's SL1,Eastern United Under 18's SL1,Adelaide Olympic,Eastern United,4,1,3,0,,,home-win,90
MNGJxZLpzm,HPG Homes State League 1 Under 18's,U18,SL1,False,2026-03-21 09:30,R4,Marden Sports Complex,Adelaide Blue Eagles Under 18's SL1,Modbury Jets Under 18's SL1,Adelaide Blue Eagles,Modbury Jets,1,2,1,2,,,away-win,90
jdywlkLqEN,HPG Homes State League 1 Under 18's,U18,SL1,False,2026-03-21 09:45,R4,Athelstone Recreation Reserve,Eastern United Under 18's SL1,Adelaide Cobras FC Under 18's SL1,Eastern United,Adelaide Cobras FC,2,9,1,5,,,away-win,90
am14Q82x6d,HPG Homes State League 1 Under 18's,U18,SL1,False,2026-03-21 10:30,R4,Croatian Sports Centre,Adelaide Croatia Raiders Under 18's SL1,Adelaide Atletico VSC Under 18's SL1,Adelaide Croatia Raiders,Adelaide Atletico VSC,2,0,0,0,,,home-win,90
ld4548WXAm,HPG Homes State League 1 Under 18's,U18,SL1,False,2026-03-21 10:30,R4,O'Sullivan Beach Sports & Community Centre,South Adelaide Under 18's SL1,Cumberland United Under 18's SL1,South Adelaide,Cumberland United,5,3,4,0,,,home-win,90
pmvvwnrz5m,HPG Homes State League 1 Under 18's,U18,SL1,False,2026-03-21 10:30,R4,PSD Energy Park,Salisbury United Under 18's SL1,Fulham United Under 18's SL1,Salisbury United,Fulham United,1,1,1,0,,,draw,90
nmYnZv7yaN,HPG Homes State League 1 Under 18's,U18,SL1,False,2026-03-21 12:00,R4,Southern Soccer Facility,Cove FC Under 18's SL1,Adelaide Olympic Under 18's SL1,Cove FC,Adelaide Olympic,0,2,0,1,,,away-win,90
PmrGq6pkLN,HPG Homes State League 1 Under 18's,U18,SL1,False,2026-03-28 10:30,R5,Lady Burra Stadium (AA Bailey Reserve),Cumberland United Under 18's SL1,Eastern United Under 18's SL1,Cumberland United,Eastern United,3,3,3,1,,,draw,90
8NO5XLWXWd,HPG Homes State League 1 Under 18's,U18,SL1,False,2026-03-28 10:30,R5,Marden Sports Complex,Adelaide Blue Eagles Under 18's SL1,Adelaide Atletico VSC Under 18's SL1,Adelaide Blue Eagles,Adelaide Atletico VSC,2,1,0,1,,,home-win,90
OmepXZ2Xyd,HPG Homes State League 1 Under 18's,U18,SL1,False,2026-03-28 10:30,R5,West Beach Parks Football Centre,Fulham United Under 18's SL1,South Adelaide Under 18's SL1,Fulham United,South Adelaide,2,8,0,2,,,away-win,90
EN2pn8WnZd,HPG Homes State League 1 Under 18's,U18,SL1,False,2026-03-28 10:45,R5,L3 Football Stadium,Adelaide Olympic Under 18's SL1,Modbury Jets Under 18's SL1,Adelaide Olympic,Modbury Jets,1,0,1,0,,,home-win,90
4KLlzbLzGK,HPG Homes State League 1 Under 18's,U18,SL1,False,2026-03-28 12:00,R5,Southern Soccer Facility,Cove FC Under 18's SL1,Salisbury United Under 18's SL1,Cove FC,Salisbury United,1,0,0,0,,,home-win,90
pN6R98g90N,HPG Homes State League 1 Under 18's,U18,SL1,False,2026-03-28 14:00,R5,Pro Paint and Panel - Weigall Oval,Adelaide Cobras FC Under 18's SL1,Adelaide Croatia Raiders Under 18's SL1,Adelaide Cobras FC,Adelaide Croatia Raiders,3,1,2,0,,,home-win,90
BdDb9eLW1N,HPG Homes State League 1 Under 18's,U18,SL1,False,2026-04-11 10:00,R6,Rushworth Reserve,Adelaide Atletico VSC Under 18's SL1,Cove FC Under 18's SL1,Adelaide Atletico VSC,Cove FC,4,2,1,1,,,home-win,90
2Kp0p7bJzK,HPG Homes State League 1 Under 18's,U18,SL1,False,2026-04-11 10:30,R6,Croatian Sports Centre,Adelaide Croatia Raiders Under 18's SL1,Cumberland United Under 18's SL1,Adelaide Croatia Raiders,Cumberland United,4,3,1,2,,,home-win,90
MNGJxZLYXm,HPG Homes State League 1 Under 18's,U18,SL1,False,2026-04-11 10:30,R6,Smith Partners Stadium,Modbury Jets Under 18's SL1,Eastern United Under 18's SL1,Modbury Jets,Eastern United,4,0,3,0,,,home-win,90
ld4548Wz2m,HPG Homes State League 1 Under 18's,U18,SL1,False,2026-04-11 10:30,R6,O'Sullivan Beach Sports & Community Centre,South Adelaide Under 18's SL1,Adelaide Blue Eagles Under 18's SL1,South Adelaide,Adelaide Blue Eagles,1,1,0,0,,,draw,90
vmZp94L82K,HPG Homes State League 1 Under 18's,U18,SL1,False,2026-04-11 10:30,R6,PSD Energy Park,Salisbury United Under 18's SL1,Adelaide Olympic Under 18's SL1,Salisbury United,Adelaide Olympic,0,6,0,2,,,away-win,90
lNbJjezGyN,HPG Homes State League 1 Under 18's,U18,SL1,False,2026-04-11 10:30,R6,West Beach Parks Football Centre,Fulham United Under 18's SL1,Adelaide Cobras FC Under 18's SL1,Fulham United,Adelaide Cobras FC,3,0,1,0,,,home-win,90
am14Q82gzd,HPG Homes State League 1 Under 18's,U18,SL1,False,2026-04-18 09:45,R7,Athelstone Recreation Reserve,Eastern United Under 18's SL1,Adelaide Croatia Raiders Under 18's SL1,Eastern United,Adelaide Croatia Raiders,1,7,0,5,,,away-win,90
MNGJxZL5Bm,HPG Homes State League 1 Under 18's,U18,SL1,False,2026-04-18 10:30,R7,Smith Partners Stadium,Modbury Jets Under 18's SL1,Salisbury United Under 18's SL1,Modbury Jets,Salisbury United,2,1,0,0,,,home-win,90
ld4548W6em,HPG Homes State League 1 Under 18's,U18,SL1,False,2026-04-18 10:30,R7,Lady Burra Stadium (AA Bailey Reserve),Cumberland United Under 18's SL1,Fulham United Under 18's SL1,Cumberland United,Fulham United,4,0,2,0,,,home-win,90
jdywlkLGLN,HPG Homes State League 1 Under 18's,U18,SL1,False,2026-04-18 10:45,R7,L3 Football Stadium,Adelaide Olympic Under 18's SL1,Adelaide Atletico VSC Under 18's SL1,Adelaide Olympic,Adelaide Atletico VSC,4,0,1,0,,,home-win,90
vmZp94LylK,HPG Homes State League 1 Under 18's,U18,SL1,False,2026-04-18 12:00,R7,Southern Soccer Facility,Cove FC Under 18's SL1,South Adelaide Under 18's SL1,Cove FC,South Adelaide,2,2,1,1,,,draw,90
lNbJjezZ3N,HPG Homes State League 1 Under 18's,U18,SL1,False,2026-04-18 14:30,R7,Pro Paint and Panel - Weigall Oval,Adelaide Cobras FC Under 18's SL1,Adelaide Blue Eagles Under 18's SL1,Adelaide Cobras FC,Adelaide Blue Eagles,0,5,0,2,,,away-win,90
pN6R98gg2N,HPG Homes State League 1 Under 18's,U18,SL1,False,2026-05-02 10:00,R8,Rushworth Reserve,Adelaide Atletico VSC Under 18's SL1,Modbury Jets Under 18's SL1,Adelaide Atletico VSC,Modbury Jets,1,2,1,1,,,away-win,90
4KLlzbLLDK,HPG Homes State League 1 Under 18's,U18,SL1,False,2026-05-02 10:30,R8,PSD Energy Park,Salisbury United Under 18's SL1,Eastern United Under 18's SL1,Salisbury United,Eastern United,2,3,1,2,,,away-win,90
2Kp0p7bboK,HPG Homes State League 1 Under 18's,U18,SL1,False,2026-05-02 10:30,R8,O'Sullivan Beach Sports & Community Centre,South Adelaide Under 18's SL1,Adelaide Olympic Under 18's SL1,South Adelaide,Adelaide Olympic,0,1,0,0,,,away-win,90
BdDb9eLLGN,HPG Homes State League 1 Under 18's,U18,SL1,False,2026-05-02 10:30,R8,Pro Paint and Panel - Weigall Oval,Adelaide Cobras FC Under 18's SL1,Cove FC Under 18's SL1,Adelaide Cobras FC,Cove FC,2,3,2,1,,,away-win,90
bd9pWQevDK,HPG Homes State League 1 Under 18's,U18,SL1,False,2026-05-02 10:30,R8,West Beach Parks Football Centre,Fulham United Under 18's SL1,Adelaide Croatia Raiders Under 18's SL1,Fulham United,Adelaide Croatia Raiders,4,0,1,0,,,home-win,90
1K3pv8W33d,HPG Homes State League 1 Under 18's,U18,SL1,False,2026-05-02 10:30,R8,Marden Sports Complex,Adelaide Blue Eagles Under 18's SL1,Cumberland United Under 18's SL1,Adelaide Blue Eagles,Cumberland United,3,1,2,1,,,home-win,90
pmvvwnrjom,HPG Homes State League 1 Under 18's,U18,SL1,False,2026-05-09 09:45,R9,Athelstone Recreation Reserve,Eastern United Under 18's SL1,Fulham United Under 18's SL1,Eastern United,Fulham United,1,2,0,1,,,away-win,90
gdM6EWZ5Bm,HPG Homes State League 1 Under 18's,U18,SL1,False,2026-05-09 10:30,R9,Lady Burra Stadium (AA Bailey Reserve),Cumberland United Under 18's SL1,Cove FC Under 18's SL1,Cumberland United,Cove FC,2,1,1,0,,,home-win,90
nmYnZv7wxN,HPG Homes State League 1 Under 18's,U18,SL1,False,2026-05-09 10:30,R9,Smith Partners Stadium,Modbury Jets Under 18's SL1,South Adelaide Under 18's SL1,Modbury Jets,South Adelaide,2,2,1,0,,,draw,90
8NO5XLWWad,HPG Homes State League 1 Under 18's,U18,SL1,False,2026-05-09 10:30,R9,PSD Energy Park,Salisbury United Under 18's SL1,Adelaide Atletico VSC Under 18's SL1,Salisbury United,Adelaide Atletico VSC,3,3,1,2,,,draw,90
jmazB9LZMN,HPG Homes State League 1 Under 18's,U18,SL1,False,2026-05-09 10:45,R9,L3 Football Stadium,Adelaide Olympic Under 18's SL1,Adelaide Cobras FC Under 18's SL1,Adelaide Olympic,Adelaide Cobras FC,4,0,2,0,,,home-win,90
OmepXZ22vd,HPG Homes State League 1 Under 18's,U18,SL1,False,2026-05-09 12:30,R9,Croatian Sports Centre,Adelaide Croatia Raiders Under 18's SL1,Adelaide Blue Eagles Under 18's SL1,Adelaide Croatia Raiders,Adelaide Blue Eagles,4,0,3,0,,,home-win,90
4KLlzbMRDK,HPG Homes State League 1 Under 18's,U18,SL1,False,2026-05-16 10:00,R10,Rushworth Reserve,Adelaide Atletico VSC Under 18's SL1,Eastern United Under 18's SL1,Adelaide Atletico VSC,Eastern United,4,2,2,2,,,home-win,90
pN6R983l2N,HPG Homes State League 1 Under 18's,U18,SL1,False,2026-05-16 10:30,R10,O'Sullivan Beach Sports & Community Centre,South Adelaide Under 18's SL1,Salisbury United Under 18's SL1,South Adelaide,Salisbury United,4,1,4,0,,,home-win,90
2Kp0p7gzoK,HPG Homes State League 1 Under 18's,U18,SL1,False,2026-05-16 10:30,R10,Marden Sports Complex,Adelaide Blue Eagles Under 18's SL1,Fulham United Under 18's SL1,Adelaide Blue Eagles,Fulham United,5,1,1,1,,,home-win,90
BdDb9eakGN,HPG Homes State League 1 Under 18's,U18,SL1,False,2026-05-16 12:00,R10,Southern Soccer Facility,Cove FC Under 18's SL1,Adelaide Croatia Raiders Under 18's SL1,Cove FC,Adelaide Croatia Raiders,2,4,0,2,,,away-win,90
MNGJxZ1v0m,HPG Homes State League 1 Under 18's,U18,SL1,False,2026-05-16 14:30,R10,Pro Paint and Panel - Weigall Oval,Adelaide Cobras FC Under 18's SL1,Modbury Jets Under 18's SL1,Adelaide Cobras FC,Modbury Jets,0,1,0,0,,,away-win,90
OmepXZ4gvd,HPG Homes State League 1 Under 18's,U18,SL1,False,2026-05-17 12:00,R10,L3 Football Stadium,Adelaide Olympic Under 18's SL1,Cumberland United Under 18's SL1,Adelaide Olympic,Cumberland United,1,3,1,1,,,away-win,90
ld45489pBm,HPG Homes State League 1 Under 18's,U18,SL1,False,2026-05-23 09:45,R11,Athelstone Recreation Reserve,Eastern United Under 18's SL1,Adelaide Blue Eagles Under 18's SL1,Eastern United,Adelaide Blue Eagles,2,3,2,1,,,away-win,90
bd9pWQ3z5K,HPG Homes State League 1 Under 18's,U18,SL1,False,2026-05-23 10:00,R11,Rushworth Reserve,Adelaide Atletico VSC Under 18's SL1,South Adelaide Under 18's SL1,Adelaide Atletico VSC,South Adelaide,2,7,0,4,,,away-win,90
1K3pv8Vlod,HPG Homes State League 1 Under 18's,U18,SL1,False,2026-05-23 10:30,R11,Croatian Sports Centre,Adelaide Croatia Raiders Under 18's SL1,Adelaide Olympic Under 18's SL1,Adelaide Croatia Raiders,Adelaide Olympic,2,4,2,2,,,away-win,90
jdywlkpqqN,HPG Homes State League 1 Under 18's,U18,SL1,False,2026-05-23 10:30,R11,Smith Partners Stadium,Modbury Jets Under 18's SL1,Cumberland United Under 18's SL1,Modbury Jets,Cumberland United,6,0,3,0,,,home-win,90
am14Q8Yxkd,HPG Homes State League 1 Under 18's,U18,SL1,False,2026-05-23 10:30,R11,West Beach Parks Football Centre,Fulham United Under 18's SL1,Cove FC Under 18's SL1,Fulham United,Cove FC,1,0,0,0,,,home-win,90
MNGJxZ1pEm,HPG Homes State League 1 Under 18's,U18,SL1,False,2026-05-23 10:30,R11,PSD Energy Park,Salisbury United Under 18's SL1,Adelaide Cobras FC Under 18's SL1,Salisbury United,Adelaide Cobras FC,3,6,0,2,,,away-win,90
Pmj27bJX6m,HPG Homes State League 1 Under 18's,U18,SL1,False,2026-05-30 10:30,R12,O'Sullivan Beach Sports & Community Centre,South Adelaide Under 18's SL1,Eastern United Under 18's SL1,South Adelaide,Eastern United,5,1,2,0,,,home-win,90
emAneXOyBN,HPG Homes State League 1 Under 18's,U18,SL1,False,2026-05-30 10:30,R12,Pro Paint and Panel - Weigall Oval,Adelaide Cobras FC Under 18's SL1,Adelaide Atletico VSC Under 18's SL1,Adelaide Cobras FC,Adelaide Atletico VSC,2,0,1,0,,,home-win,90
PmrGq6ngXN,HPG Homes State League 1 Under 18's,U18,SL1,False,2026-05-30 10:30,R12,Lady Burra Stadium (AA Bailey Reserve),Cumberland United Under 18's SL1,Salisbury United Under 18's SL1,Cumberland United,Salisbury United,4,1,2,1,,,home-win,90
EN2pn81XVd,HPG Homes State League 1 Under 18's,U18,SL1,False,2026-05-30 10:30,R12,Croatian Sports Centre,Adelaide Croatia Raiders Under 18's SL1,Modbury Jets Under 18's SL1,Adelaide Croatia Raiders,Modbury Jets,1,0,0,0,,,home-win,90
nmYnZvjlzN,HPG Homes State League 1 Under 18's,U18,SL1,False,2026-05-30 10:45,R12,L3 Football Stadium,Adelaide Olympic Under 18's SL1,Fulham United Under 18's SL1,Adelaide Olympic,Fulham United,3,2,1,1,,,home-win,90
8NO5XLgGkd,HPG Homes State League 1 Under 18's,U18,SL1,False,2026-05-30 12:00,R12,Southern Soccer Facility,Cove FC Under 18's SL1,Adelaide Blue Eagles Under 18's SL1,Cove FC,Adelaide Blue Eagles,1,2,1,2,,,away-win,90
2Kp0p7DZ9K,HPG Homes State League 1 Under 18's,U18,SL1,False,2026-06-04 18:30,R13,Smith Partners Stadium,Modbury Jets Under 18's SL1,Fulham United Under 18's SL1,Modbury Jets,Fulham United,0,2,0,2,,,away-win,90
OmepXZxr0d,HPG Homes State League 1 Under 18's,U18,SL1,False,2026-06-06 09:45,R13,Athelstone Recreation Reserve,Eastern United Under 18's SL1,Cove FC Under 18's SL1,Eastern United,Cove FC,2,1,2,0,,,home-win,90
4KLlzbjJ0K,HPG Homes State League 1 Under 18's,U18,SL1,False,2026-06-06 10:00,R13,Rushworth Reserve,Adelaide Atletico VSC Under 18's SL1,Cumberland United Under 18's SL1,Adelaide Atletico VSC,Cumberland United,1,2,0,1,,,away-win,90
pN6R9854AN,HPG Homes State League 1 Under 18's,U18,SL1,False,2026-06-06 10:30,R13,O'Sullivan Beach Sports & Community Centre,South Adelaide Under 18's SL1,Adelaide Cobras FC Under 18's SL1,South Adelaide,Adelaide Cobras FC,4,0,2,0,,,home-win,90
BdDb9eVPwN,HPG Homes State League 1 Under 18's,U18,SL1,False,2026-06-06 10:30,R13,Marden Sports Complex,Adelaide Blue Eagles Under 18's SL1,Adelaide Olympic Under 18's SL1,Adelaide Blue Eagles,Adelaide Olympic,2,4,1,2,,,away-win,90
MNGJxZRXpm,HPG Homes State League 1 Under 18's,U18,SL1,False,2026-06-06 10:30,R13,PSD Energy Park,Salisbury United Under 18's SL1,Adelaide Croatia Raiders Under 18's SL1,Salisbury United,Adelaide Croatia Raiders,1,3,0,1,,,away-win,90
ld45481JGm,HPG Homes State League 1 Under 18's,U18,SL1,False,2026-06-13 09:45,R14,Athelstone Recreation Reserve,Eastern United Under 18's SL1,Adelaide Olympic Under 18's SL1,Eastern United,Adelaide Olympic,3,6,0,5,,,away-win,90
jmazB9xo6N,HPG Homes State League 1 Under 18's,U18,SL1,False,2026-06-13 10:30,R14,West Beach Parks Football Centre,Fulham United Under 18's SL1,Adelaide Atletico VSC Under 18's SL1,Fulham United,Adelaide Atletico VSC,0,0,0,0,,,draw,90
nmYnZvjraN,HPG Homes State League 1 Under 18's,U18,SL1,False,2026-06-20 10:30,R15,Pro Paint and Panel - Weigall Oval,Adelaide Cobras FC Under 18's SL1,Eastern United Under 18's SL1,Adelaide Cobras FC,Eastern United,1,4,0,1,,,away-win,90
vmZp94aZ2K,HPG Homes State League 1 Under 18's,U18,SL1,False,2026-06-20 10:30,R15,L3 Football Stadium,Adelaide Olympic Under 18's SL1,Cove FC Under 18's SL1,Adelaide Olympic,Cove FC,5,1,2,1,,,home-win,90
gdM6EWjQbm,HPG Homes State League 1 Under 18's,U18,SL1,False,2026-06-20 10:30,R15,Lady Burra Stadium (AA Bailey Reserve),Cumberland United Under 18's SL1,South Adelaide Under 18's SL1,Cumberland United,South Adelaide,4,4,1,3,,,draw,90
jmazB9xPGN,HPG Homes State League 1 Under 18's,U18,SL1,False,2026-06-20 10:30,R15,Smith Partners Stadium,Modbury Jets Under 18's SL1,Adelaide Blue Eagles Under 18's SL1,Modbury Jets,Adelaide Blue Eagles,2,3,1,1,,,away-win,90
pmvvwnlEEm,HPG Homes State League 1 Under 18's,U18,SL1,False,2026-06-20 10:30,R15,West Beach Parks Football Centre,Fulham United Under 18's SL1,Salisbury United Under 18's SL1,Fulham United,Salisbury United,8,0,3,0,,,home-win,90
nmYnZvjRDN,HPG Homes State League 1 Under 18's,U18,SL1,False,2026-06-27 09:45,R16,Athelstone Recreation Reserve,Eastern United Under 18's SL1,Cumberland United Under 18's SL1,Eastern United,Cumberland United,0,6,0,2,,,away-win,90
8NO5XLgvbd,HPG Homes State League 1 Under 18's,U18,SL1,False,2026-06-27 10:00,R16,Rushworth Reserve,Adelaide Atletico VSC Under 18's SL1,Adelaide Blue Eagles Under 18's SL1,Adelaide Atletico VSC,Adelaide Blue Eagles,0,1,0,0,,,away-win,90
OmepXZxq1d,HPG Homes State League 1 Under 18's,U18,SL1,False,2026-06-27 10:30,R16,Smith Partners Stadium,Modbury Jets Under 18's SL1,Adelaide Olympic Under 18's SL1,Modbury Jets,Adelaide Olympic,1,9,0,5,,,away-win,90
4KLlzbj81K,HPG Homes State League 1 Under 18's,U18,SL1,False,2026-06-27 10:30,R16,Croatian Sports Centre,Adelaide Croatia Raiders Under 18's SL1,Adelaide Cobras FC Under 18's SL1,Adelaide Croatia Raiders,Adelaide Cobras FC,5,1,2,1,,,home-win,90
pN6R985ADN,HPG Homes State League 1 Under 18's,U18,SL1,False,2026-06-27 10:30,R16,O'Sullivan Beach Sports & Community Centre,South Adelaide Under 18's SL1,Fulham United Under 18's SL1,South Adelaide,Fulham United,3,0,2,0,,,home-win,90
2Kp0p7DVBK,HPG Homes State League 1 Under 18's,U18,SL1,False,2026-06-27 10:30,R16,PSD Energy Park,Salisbury United Under 18's SL1,Cove FC Under 18's SL1,Salisbury United,Cove FC,2,1,1,0,,,home-win,90
lNbJjexBXN,HPG Homes State League 1 Under 18's,U18,SL1,False,2026-06-30 19:00,R14,Croatian Sports Centre,Adelaide Croatia Raiders Under 18's SL1,South Adelaide Under 18's SL1,Adelaide Croatia Raiders,South Adelaide,2,1,0,0,,,home-win,90
vmZp94aB0K,HPG Homes State League 1 Under 18's,U18,SL1,False,2026-06-30 19:45,R14,Pro Paint and Panel - Weigall Oval,Adelaide Cobras FC Under 18's SL1,Cumberland United Under 18's SL1,Adelaide Cobras FC,Cumberland United,3,1,1,0,,,home-win,90
BdDb9eV83N,HPG Homes State League 1 Under 18's,U18,SL1,False,2026-07-04 09:45,R17,Athelstone Recreation Reserve,Eastern United Under 18's SL1,Modbury Jets Under 18's SL1,Eastern United,Modbury Jets,0,3,0,1,,,away-win,90
bd9pWQGglK,HPG Homes State League 1 Under 18's,U18,SL1,False,2026-07-04 10:30,R17,L3 Football Stadium,Adelaide Olympic Under 18's SL1,Salisbury United Under 18's SL1,Adelaide Olympic,Salisbury United,3,0,2,0,,,home-win,90
1K3pv812Bd,HPG Homes State League 1 Under 18's,U18,SL1,False,2026-07-04 10:30,R17,Pro Paint and Panel - Weigall Oval,Adelaide Cobras FC Under 18's SL1,Fulham United Under 18's SL1,Adelaide Cobras FC,Fulham United,0,3,0,0,,,away-win,90
jdywlkXaLN,HPG Homes State League 1 Under 18's,U18,SL1,False,2026-07-04 10:30,R17,Marden Sports Complex,Adelaide Blue Eagles Under 18's SL1,South Adelaide Under 18's SL1,Adelaide Blue Eagles,South Adelaide,1,2,1,0,,,away-win,90
am14Q81Ezd,HPG Homes State League 1 Under 18's,U18,SL1,False,2026-07-04 12:00,R17,Southern Soccer Facility,Cove FC Under 18's SL1,Adelaide Atletico VSC Under 18's SL1,Cove FC,Adelaide Atletico VSC,3,2,0,2,,,home-win,90
MNGJxZRABm,HPG Homes State League 1 Under 18's,U18,SL1,False,2026-07-04 14:00,R17,Lady Burra Stadium (AA Bailey Reserve),Cumberland United Under 18's SL1,Adelaide Croatia Raiders Under 18's SL1,Cumberland United,Adelaide Croatia Raiders,1,1,1,1,,,draw,90
pmvvwnl15m,HPG Homes State League 1 Under 18's,U18,SL1,False,2026-07-07 19:00,R14,Southern Soccer Facility,Cove FC Under 18's SL1,Modbury Jets Under 18's SL1,Cove FC,Modbury Jets,1,1,0,0,,,draw,90
lNbJjex5yN,HPG Homes State League 1 Under 18's,U18,SL1,False,2026-07-08 19:00,R15,Rushworth Reserve,Adelaide Atletico VSC Under 18's SL1,Adelaide Croatia Raiders Under 18's SL1,Adelaide Atletico VSC,Adelaide Croatia Raiders,3,2,1,2,,,home-win,90
gdM6EWjBxm,HPG Homes State League 1 Under 18's,U18,SL1,False,2026-07-15 19:00,R14,Marden Sports Complex,Adelaide Blue Eagles Under 18's SL1,Salisbury United Under 18's SL1,Adelaide Blue Eagles,Salisbury United,2,1,2,0,,,home-win,90
vmZp94aQDK,HPG Homes State League 1 Under 18's,U18,SL1,False,2026-07-18 10:00,R18,Rushworth Reserve,Adelaide Atletico VSC Under 18's SL1,Adelaide Olympic Under 18's SL1,Adelaide Atletico VSC,Adelaide Olympic,1,9,1,2,,,away-win,90
ld45481Lem,HPG Homes State League 1 Under 18's,U18,SL1,False,2026-07-18 10:30,R18,Croatian Sports Centre,Adelaide Croatia Raiders Under 18's SL1,Eastern United Under 18's SL1,Adelaide Croatia Raiders,Eastern United,2,0,1,0,,,home-win,90
pmvvwnlMDm,HPG Homes State League 1 Under 18's,U18,SL1,False,2026-07-18 10:30,R18,PSD Energy Park,Salisbury United Under 18's SL1,Modbury Jets Under 18's SL1,Salisbury United,Modbury Jets,0,1,0,1,,,away-win,90
gdM6EWjR7m,HPG Homes State League 1 Under 18's,U18,SL1,False,2026-07-18 10:30,R18,O'Sullivan Beach Sports & Community Centre,South Adelaide Under 18's SL1,Cove FC Under 18's SL1,South Adelaide,Cove FC,5,1,2,0,,,home-win,90
nmYnZvj9yN,HPG Homes State League 1 Under 18's,U18,SL1,False,2026-07-19 10:30,R18,West Beach Parks Football Centre,Fulham United Under 18's SL1,Cumberland United Under 18's SL1,Fulham United,Cumberland United,1,0,0,0,,,home-win,90
lNbJjexXoN,HPG Homes State League 1 Under 18's,U18,SL1,False,2026-07-22 19:30,R18,Marden Sports Complex,Adelaide Blue Eagles Under 18's SL1,Adelaide Cobras FC Under 18's SL1,Adelaide Blue Eagles,Adelaide Cobras FC,5,0,2,0,,,home-win,90
jmazB9xe0N,HPG Homes State League 1 Under 18's,U18,SL1,False,2026-07-25 09:45,R19,Athelstone Recreation Reserve,Eastern United Under 18's SL1,Salisbury United Under 18's SL1,Eastern United,Salisbury United,3,2,1,2,,,home-win,90
pmvvwnlOrm,HPG Homes State League 1 Under 18's,U18,SL1,False,2026-07-25 10:30,R19,L3 Football Stadium,Adelaide Olympic Under 18's SL1,South Adelaide Under 18's SL1,Adelaide Olympic,South Adelaide,2,1,1,0,,,home-win,90
Pmj27bJWQm,HPG Homes State League 1 Under 18's,U18,SL1,False,2026-07-25 10:30,R19,Smith Partners Stadium,Modbury Jets Under 18's SL1,Adelaide Atletico VSC Under 18's SL1,Modbury Jets,Adelaide Atletico VSC,0,1,0,0,,,away-win,90
emAneXOrgN,HPG Homes State League 1 Under 18's,U18,SL1,False,2026-07-25 12:00,R19,Southern Soccer Facility,Cove FC Under 18's SL1,Adelaide Cobras FC Under 18's SL1,Cove FC,Adelaide Cobras FC,0,2,0,1,,,away-win,90
PmrGq6nW5N,HPG Homes State League 1 Under 18's,U18,SL1,False,2026-07-25 14:00,R19,Lady Burra Stadium (AA Bailey Reserve),Cumberland United Under 18's SL1,Adelaide Blue Eagles Under 18's SL1,Cumberland United,Adelaide Blue Eagles,5,2,2,0,,,home-win,90
8NO5XLgRBd,HPG Homes State League 1 Under 18's,U18,SL1,False,2026-08-01 10:00,R20,Rushworth Reserve,Adelaide Atletico VSC Under 18's SL1,Salisbury United Under 18's SL1,Adelaide Atletico VSC,Salisbury United,6,1,3,0,,,home-win,90
EN2pn819Od,HPG Homes State League 1 Under 18's,U18,SL1,False,2026-08-01 10:30,R20,West Beach Parks Football Centre,Fulham United Under 18's SL1,Eastern United Under 18's SL1,Fulham United,Eastern United,9,3,4,0,,,home-win,90
BdDb9eVn8N,HPG Homes State League 1 Under 18's,U18,SL1,False,2026-08-01 10:30,R20,O'Sullivan Beach Sports & Community Centre,South Adelaide Under 18's SL1,Modbury Jets Under 18's SL1,South Adelaide,Modbury Jets,2,0,1,0,,,home-win,90
bd9pWQGx5K,HPG Homes State League 1 Under 18's,U18,SL1,False,2026-08-01 10:30,R20,Marden Sports Complex,Adelaide Blue Eagles Under 18's SL1,Adelaide Croatia Raiders Under 18's SL1,Adelaide Blue Eagles,Adelaide Croatia Raiders,1,3,0,2,,,away-win,90
1K3pv81eod,HPG Homes State League 1 Under 18's,U18,SL1,False,2026-08-01 12:00,R20,Southern Soccer Facility,Cove FC Under 18's SL1,Cumberland United Under 18's SL1,Cove FC,Cumberland United,1,4,0,3,,,away-win,90
jdywlkX3qN,HPG Homes State League 1 Under 18's,U18,SL1,False,2026-08-01 14:30,R20,Pro Paint and Panel - Weigall Oval,Adelaide Cobras FC Under 18's SL1,Adelaide Olympic Under 18's SL1,Adelaide Cobras FC,Adelaide Olympic,3,3,1,2,,,draw,90
MNGJxZRBEm,HPG Homes State League 1 Under 18's,U18,SL1,False,2026-08-06 19:30,R21,Croatian Sports Centre,Adelaide Croatia Raiders Under 18's SL1,Cove FC Under 18's SL1,Adelaide Croatia Raiders,Cove FC,1,1,1,0,,,draw,90
vmZp94aRMK,HPG Homes State League 1 Under 18's,U18,SL1,False,2026-08-07 18:30,R21,PSD Energy Park,Salisbury United Under 18's SL1,South Adelaide Under 18's SL1,Salisbury United,South Adelaide,4,4,1,2,,,draw,90
am14Q81Dkd,HPG Homes State League 1 Under 18's,U18,SL1,False,2026-08-08 09:45,R21,Athelstone Recreation Reserve,Eastern United Under 18's SL1,Adelaide Atletico VSC Under 18's SL1,Eastern United,Adelaide Atletico VSC,2,2,1,1,,,draw,90
ld45481vrm,HPG Homes State League 1 Under 18's,U18,SL1,False,2026-08-08 10:30,R21,Smith Partners Stadium,Modbury Jets Under 18's SL1,Adelaide Cobras FC Under 18's SL1,Modbury Jets,Adelaide Cobras FC,4,3,3,3,,,home-win,90
lNbJjexWEN,HPG Homes State League 1 Under 18's,U18,SL1,False,2026-08-08 10:30,R21,West Beach Parks Football Centre,Fulham United Under 18's SL1,Adelaide Blue Eagles Under 18's SL1,Fulham United,Adelaide Blue Eagles,3,2,3,1,,,home-win,90
8NO5XL4AWd,HPG Homes State League 1 Under 18's,U18,SL1,False,2026-08-08 14:00,R21,Lady Burra Stadium (AA Bailey Reserve),Cumberland United Under 18's SL1,Adelaide Olympic Under 18's SL1,Cumberland United,Adelaide Olympic,1,2,0,1,,,away-win,90
nmYnZvj4rN,HPG Homes State League 1 Under 18's,U18,SL1,False,2026-08-11 19:30,R19,Croatian Sports Centre,Adelaide Croatia Raiders Under 18's SL1,Fulham United Under 18's SL1,Adelaide Croatia Raiders,Fulham United,1,2,1,1,,,away-win,90
OmepXZ8wyd,HPG Homes State League 1 Under 18's,U18,SL1,False,2026-08-15 12:30,R22,Marden Sports Complex,Adelaide Blue Eagles Under 18's SL1,Eastern United Under 18's SL1,Adelaide Blue Eagles,Eastern United,10,0,5,0,,,home-win,90
4KLlzbQ6GK,HPG Homes State League 1 Under 18's,U18,SL1,False,2026-08-15 12:30,R22,O'Sullivan Beach Sports & Community Centre,South Adelaide Under 18's SL1,Adelaide Atletico VSC Under 18's SL1,South Adelaide,Adelaide Atletico VSC,7,1,3,0,,,home-win,90
pN6R98rL0N,HPG Homes State League 1 Under 18's,U18,SL1,False,2026-08-15 12:30,R22,Southern Soccer Facility,Cove FC Under 18's SL1,Fulham United Under 18's SL1,Cove FC,Fulham United,1,2,1,2,,,away-win,90
2Kp0p7GMzK,HPG Homes State League 1 Under 18's,U18,SL1,False,2026-08-15 12:30,R22,Pro Paint and Panel - Weigall Oval,Adelaide Cobras FC Under 18's SL1,Salisbury United Under 18's SL1,Adelaide Cobras FC,Salisbury United,4,1,2,0,,,home-win,90
BdDb9eyR1N,HPG Homes State League 1 Under 18's,U18,SL1,False,2026-08-15 12:30,R22,L3 Football Stadium,Adelaide Olympic Under 18's SL1,Adelaide Croatia Raiders Under 18's SL1,Adelaide Olympic,Adelaide Croatia Raiders,2,0,2,0,,,home-win,90
bd9pWQjnJK,HPG Homes State League 1 Under 18's,U18,SL1,False,2026-08-15 12:30,R22,Lady Burra Stadium (AA Bailey Reserve),Cumberland United Under 18's SL1,Modbury Jets Under 18's SL1,Cumberland United,Modbury Jets,3,1,1,0,,,home-win,90
ZNQOwAZ23d,HPG Homes State League 1 Under 18's,U18,SL1,True,2026-08-22 10:00,Elimination Finals,Southern Soccer Facility,Cumberland United Under 18's SL1,Adelaide Blue Eagles Under 18's SL1,Cumberland United,Adelaide Blue Eagles,3,2,1,1,,,home-win,90
EN2peq9wVd,HPG Homes State League 1 Under 18's,U18,SL1,True,2026-08-22 12:00,Elimination Finals,West Beach Parks Football Centre,Fulham United Under 18's SL1,Adelaide Croatia Raiders Under 18's SL1,Fulham United,Adelaide Croatia Raiders,2,1,0,1,,,home-win,90
OmepywY60d,HPG Homes State League 1 Under 18's,U18,SL1,True,2026-08-29 10:00,Semi Finals Round 1,L3 Football Stadium,Adelaide Olympic Under 18's SL1,Cumberland United Under 18's SL1,Adelaide Olympic,Cumberland United,1,1,0,0,,,draw,90
ydoR1axk7K,HPG Homes State League 1 Under 18's,U18,SL1,True,2026-08-29 10:00,Semi Finals Round 1,Marden Sports Complex,South Adelaide Under 18's SL1,Fulham United Under 18's SL1,South Adelaide,Fulham United,1,0,1,0,,,home-win,90
pN6RBLZ0AN,HPG Homes State League 1 Under 18's,U18,SL1,True,2026-09-05 10:00,Semi Final Round 2,Smith Partners Stadium,Cumberland United Under 18's SL1,Adelaide Olympic Under 18's SL1,Cumberland United,Adelaide Olympic,1,1,1,0,5,6,away-win,120
xm8Zrzo3LK,HPG Homes State League 1 Under 18's,U18,SL1,True,2026-09-05 10:00,Semi Final Round 2,Croatian Sports Centre,Fulham United Under 18's SL1,South Adelaide Under 18's SL1,Fulham United,South Adelaide,3,0,2,0,,,home-win,90
BdDbJAn6wN,HPG Homes State League 1 Under 18's,U18,SL1,True,2026-09-12 09:00,Grand Final,ServiceFM Stadium,Adelaide Olympic Under 18's SL1,Fulham United Under 18's SL1,Adelaide Olympic,Fulham United,5,1,2,0,,,home-win,90
ydoR1XXk7K,HPG Homes State League 2 (18s) Final Series,U18,SL2,True,2026-08-22 10:30,Elimination Finals,Ngarrpadla Josie Agius Reserve (Taperoo Reserve),Adelaide Hills Hawks Under 18's SL2,Port Adelaide Under 18's SL2,Adelaide Hills Hawks,Port Adelaide,2,1,1,1,,,home-win,90
OmepyGG60d,HPG Homes State League 2 (18s) Final Series,U18,SL2,True,2026-08-22 12:00,Elimination Finals,Carnegie Reserve,Salisbury Inter Under 18's SL2,Western Strikers Under 18's SL2,Salisbury Inter,Western Strikers,1,1,1,0,5,3,home-win,120
pN6RBAA0AN,HPG Homes State League 2 (18s) Final Series,U18,SL2,True,2026-08-29 10:00,Semi Finals Round 1,Underdown Park,Salisbury Inter Under 18's SL2,Vipers FC Under 18's SL2,Salisbury Inter,Vipers FC,1,1,0,0,,,draw,90
xm8ZrAA3LK,HPG Homes State League 2 (18s) Final Series,U18,SL2,True,2026-08-29 12:15,Semi Finals Round 1,Newspot Stadium,Modbury Vista Under 18's SL2,Adelaide Hills Hawks Under 18's SL2,Modbury Vista,Adelaide Hills Hawks,2,1,2,0,,,home-win,90
BdDbJ886wN,HPG Homes State League 2 (18s) Final Series,U18,SL2,True,2026-09-05 10:00,Semi Final Round 2,Evian Football Park @ St Clair Oval,Vipers FC Under 18's SL2,Salisbury Inter Under 18's SL2,Vipers FC,Salisbury Inter,1,0,0,0,,,home-win,90
Rdk21kkQjK,HPG Homes State League 2 (18s) Final Series,U18,SL2,True,2026-09-05 11:30,Semi Final Round 2,Argana Park,Modbury Vista Under 18's SL2,Adelaide Hills Hawks Under 18's SL2,Modbury Vista,Adelaide Hills Hawks,2,3,0,1,,,away-win,120
ld450227Gm,HPG Homes State League 2 (18s) Final Series,U18,SL2,True,2026-09-12 09:00,Grand Final,ServiceFM Stadium,Vipers FC Under 18's SL2,Adelaide Hills Hawks Under 18's SL2,Vipers FC,Adelaide Hills Hawks,3,2,2,1,,,home-win,90
EN2peEEwVd,HPG Homes State League 2 (Reserves) Final Series,RES,SL2,True,2026-08-22 13:15,F1,Ngarrpadla Josie Agius Reserve (Taperoo Reserve),Port Adelaide Men's Reserves SL2,Noarlunga United Men's Reserves SL2,Port Adelaide,Noarlunga United,6,2,3,0,,,home-win,90
ZNQOw6623d,HPG Homes State League 2 (Reserves) Final Series,RES,SL2,True,2026-08-22 14:30,F1,Carnegie Reserve,Western Strikers Men's Reserves SL2,Modbury Vista Men's Reserves SL2,Western Strikers,Modbury Vista,0,1,0,0,,,away-win,90
JmXWA88p6d,HPG Homes State League 2 (Reserves) Final Series,RES,SL2,True,2026-08-29 12:30,Semi Finals Round 1,Underdown Park,Port Adelaide Men's Reserves SL2,Vipers FC Men's Reserves SL2,Port Adelaide,Vipers FC,1,1,1,1,,,draw,90
nmYnrpp2zN,HPG Homes State League 2 (Reserves) Final Series,RES,SL2,True,2026-08-29 14:45,Semi Finals Round 1,Newspot Stadium,Modbury Vista Men's Reserves SL2,Pontian Eagles Men's Reserves SL2,Modbury Vista,Pontian Eagles,0,3,0,2,,,away-win,90
ZKRyz662PN,HPG Homes State League 2 (Reserves) Final Series,RES,SL2,True,2026-09-05 12:30,Semi Final Round 2,Evian Football Park @ St Clair Oval,Vipers FC Men's Reserves SL2,Port Adelaide Men's Reserves SL2,Vipers FC,Port Adelaide,0,2,0,2,,,away-win,90
emAnB88wBN,HPG Homes State League 2 (Reserves) Final Series,RES,SL2,True,2026-09-05 14:00,Semi Final Round 2,Argana Park,Pontian Eagles Men's Reserves SL2,Modbury Vista Men's Reserves SL2,Pontian Eagles,Modbury Vista,4,0,3,0,,,home-win,90
RNEgB882Ad,HPG Homes State League 2 (Reserves) Final Series,RES,SL2,True,2026-09-12 11:30,Grand Final,ServiceFM Stadium,Pontian Eagles Men's Reserves SL2,Port Adelaide Men's Reserves SL2,Pontian Eagles,Port Adelaide,2,1,0,0,,,home-win,90
BdDbJaGJ8N,HPG Homes State League 2 (Seniors) Finals Series,SEN,SL2,True,2026-08-14 19:15,Round 1,ServiceFM Stadium,Vipers FC Senior Men's SL2,Pontian Eagles Senior Men's SL2,Vipers FC,Pontian Eagles,0,1,0,0,,,away-win,90
ydoR1EQPJK,HPG Homes State League 2 (Seniors) Finals Series,SEN,SL2,True,2026-08-21 19:30,Round 2,Karingal Reserve,Seaford Rangers Senior Men's SL2,Modbury Vista Senior Men's SL2,Seaford Rangers,Modbury Vista,1,0,1,0,,,home-win,90
Rdk21V51BK,HPG Homes State League 2 (Seniors) Finals Series,SEN,SL2,True,2026-08-22 17:00,Round 2,Carnegie Reserve,Western Strikers Senior Men's SL2,Salisbury Inter Senior Men's SL2,Western Strikers,Salisbury Inter,4,2,1,0,,,home-win,90
Omepy41qjd,HPG Homes State League 2 (Seniors) Finals Series,SEN,SL2,True,2026-08-22 17:00,Round 2,Argana Park,Elizabeth Downs Soccer Club Senior Men's SL2,Ghan United Senior Men's SL2,Elizabeth Downs Soccer Club,Ghan United,1,1,1,1,,,draw,90
pN6RB37xBN,HPG Homes State League 2 (Seniors) Finals Series,SEN,SL2,True,2026-08-29 15:00,Round 3,Underdown Park,Salisbury Inter Senior Men's SL2,Western Strikers Senior Men's SL2,Salisbury Inter,Western Strikers,1,2,0,1,,,away-win,90
xm8Zrb6qzK,HPG Homes State League 2 (Seniors) Finals Series,SEN,SL2,True,2026-08-29 17:00,Round 3,Regency Park,Ghan United Senior Men's SL2,Elizabeth Downs Soccer Club Senior Men's SL2,Ghan United,Elizabeth Downs Soccer Club,4,4,3,1,,,away-win,120
BdDbJaGE6N,HPG Homes State League 2 (Seniors) Finals Series,SEN,SL2,True,2026-08-29 17:15,Round 3,Newspot Stadium,Modbury Vista Senior Men's SL2,Seaford Rangers Senior Men's SL2,Modbury Vista,Seaford Rangers,3,1,2,0,,,home-win,90
Rdk21V5P4K,HPG Homes State League 2 (Seniors) Finals Series,SEN,SL2,True,2026-09-05 15:30,Round 4,Evian Football Park @ St Clair Oval,Vipers FC Senior Men's SL2,Modbury Vista Senior Men's SL2,Vipers FC,Modbury Vista,0,2,0,0,,,away-win,90
1K3pRVLqYd,HPG Homes State League 2 (Seniors) Finals Series,SEN,SL2,True,2026-09-05 17:00,Round 4,Argana Park,Elizabeth Downs Soccer Club Senior Men's SL2,Western Strikers Senior Men's SL2,Elizabeth Downs Soccer Club,Western Strikers,2,6,0,1,,,away-win,90
vdWDw4xrkm,HPG Homes State League 2 (Seniors) Finals Series,SEN,SL2,True,2026-09-12 14:15,Round 5,ServiceFM Stadium,Modbury Vista Senior Men's SL2,Western Strikers Senior Men's SL2,Modbury Vista,Western Strikers,5,1,1,1,,,home-win,90
MNGJxZJ2Em,HPG Homes State League 2 North,SEN,SL2,False,2026-03-13 19:00,R1,Dauntsey Reserve,Elizabeth Grove Senior Men's SL2,Port Adelaide Senior Men's SL2,Elizabeth Grove,Port Adelaide,2,1,1,0,,,home-win,90
jdywlkwbqN,HPG Homes State League 2 North,SEN,SL2,False,2026-03-14 15:00,R1,Underdown Park,Salisbury Inter Senior Men's SL2,Angle Vale Senior Men's SL2,Salisbury Inter,Angle Vale,2,0,0,0,,,home-win,90
vmZp94p2MK,HPG Homes State League 2 North,SEN,SL2,False,2026-03-14 15:00,R1,Terry Kalaitsidis Park,Pontian Eagles Senior Men's SL2,Barossa United Senior Men's SL2,Pontian Eagles,Barossa United,3,0,0,0,,,home-win,90
ld45485wrm,HPG Homes State League 2 North,SEN,SL2,False,2026-03-14 15:30,R1,Byrne Park,Northern Demons Senior Men's SL2,Modbury Vista Senior Men's SL2,Northern Demons,Modbury Vista,3,1,1,0,,,home-win,90
am14Q84wkd,HPG Homes State League 2 North,SEN,SL2,False,2026-03-14 19:00,R1,Argana Park,Elizabeth Downs Soccer Club Senior Men's SL2,Gawler Eagles Senior Men's SL2,Elizabeth Downs Soccer Club,Gawler Eagles,2,0,0,0,,,home-win,90
gdM6EW641m,HPG Homes State League 2 North,SEN,SL2,False,2026-03-21 15:00,R2,Underdown Park,Salisbury Inter Senior Men's SL2,Port Adelaide Senior Men's SL2,Salisbury Inter,Port Adelaide,3,1,0,0,,,home-win,90
nmYnZvn3YN,HPG Homes State League 2 North,SEN,SL2,False,2026-03-21 15:00,R2,Barossa United Stadium,Barossa United Senior Men's SL2,Elizabeth Grove Senior Men's SL2,Barossa United,Elizabeth Grove,2,2,0,2,,,draw,90
pmvvwnve8m,HPG Homes State League 2 North,SEN,SL2,False,2026-03-21 15:30,R2,Byrne Park,Northern Demons Senior Men's SL2,Gawler Eagles Senior Men's SL2,Northern Demons,Gawler Eagles,4,0,2,0,,,home-win,90
lNbJjeJ2EN,HPG Homes State League 2 North,SEN,SL2,False,2026-03-21 17:00,R2,Angle Vale Community Sports Centre,Angle Vale Senior Men's SL2,Elizabeth Downs Soccer Club Senior Men's SL2,Angle Vale,Elizabeth Downs Soccer Club,2,1,1,0,,,home-win,90
8NO5XL5lzd,HPG Homes State League 2 North,SEN,SL2,False,2026-03-21 17:30,R2,Newspot Stadium,Modbury Vista Senior Men's SL2,Pontian Eagles Senior Men's SL2,Modbury Vista,Pontian Eagles,2,3,2,2,,,away-win,90
OmepXZpOjd,HPG Homes State League 2 North,SEN,SL2,False,2026-03-27 19:30,R3,Ngarrpadla Josie Agius Reserve (Taperoo Reserve),Port Adelaide Senior Men's SL2,Angle Vale Senior Men's SL2,Port Adelaide,Angle Vale,1,0,1,0,,,home-win,90
Pmj27bY0Qm,HPG Homes State League 2 North,SEN,SL2,False,2026-03-28 15:00,R3,Barossa United Stadium,Barossa United Senior Men's SL2,Salisbury Inter Senior Men's SL2,Barossa United,Salisbury Inter,0,3,0,1,,,away-win,90
emAneXoZgN,HPG Homes State League 2 North,SEN,SL2,False,2026-03-28 15:00,R3,Terry Kalaitsidis Park,Pontian Eagles Senior Men's SL2,Gawler Eagles Senior Men's SL2,Pontian Eagles,Gawler Eagles,3,2,0,1,,,home-win,90
4KLlzbl3LK,HPG Homes State League 2 North,SEN,SL2,False,2026-03-28 15:30,R3,Byrne Park,Northern Demons Senior Men's SL2,Elizabeth Downs Soccer Club Senior Men's SL2,Northern Demons,Elizabeth Downs Soccer Club,2,2,1,0,,,draw,90
PmrGq6Jy5N,HPG Homes State League 2 North,SEN,SL2,False,2026-03-28 17:15,R3,Newspot Stadium,Modbury Vista Senior Men's SL2,Elizabeth Grove Senior Men's SL2,Modbury Vista,Elizabeth Grove,3,2,1,2,,,home-win,90
8NO5XLo3Bd,HPG Homes State League 2 North,SEN,SL2,False,2026-04-10 19:30,R4,Ngarrpadla Josie Agius Reserve (Taperoo Reserve),Port Adelaide Senior Men's SL2,Barossa United Senior Men's SL2,Port Adelaide,Barossa United,2,0,1,0,,,home-win,90
OmepXZ007d,HPG Homes State League 2 North,SEN,SL2,False,2026-04-11 15:00,R4,Argana Park,Elizabeth Downs Soccer Club Senior Men's SL2,Pontian Eagles Senior Men's SL2,Elizabeth Downs Soccer Club,Pontian Eagles,0,2,0,2,,,away-win,90
4KLlzbnn7K,HPG Homes State League 2 North,SEN,SL2,False,2026-04-11 15:00,R4,Underdown Park,Salisbury Inter Senior Men's SL2,Modbury Vista Senior Men's SL2,Salisbury Inter,Modbury Vista,1,0,0,0,,,home-win,90
pN6R98OOnN,HPG Homes State League 2 North,SEN,SL2,False,2026-04-11 15:00,R4,Karbeethan Reserve,Gawler Eagles Senior Men's SL2,Elizabeth Grove Senior Men's SL2,Gawler Eagles,Elizabeth Grove,3,0,1,0,,,home-win,90
EN2pn8PjOd,HPG Homes State League 2 North,SEN,SL2,False,2026-04-11 15:30,R4,Angle Vale Community Sports Centre,Angle Vale Senior Men's SL2,Northern Demons Senior Men's SL2,Angle Vale,Northern Demons,5,2,5,2,,,home-win,90
pmvvwnzp6m,HPG Homes State League 2 North,SEN,SL2,False,2026-04-18 15:00,R5,Dauntsey Reserve,Elizabeth Grove Senior Men's SL2,Elizabeth Downs Soccer Club Senior Men's SL2,Elizabeth Grove,Elizabeth Downs Soccer Club,1,3,1,1,,,away-win,90
nmYnZvygpN,HPG Homes State League 2 North,SEN,SL2,False,2026-04-18 15:00,R5,Karbeethan Reserve,Gawler Eagles Senior Men's SL2,Salisbury Inter Senior Men's SL2,Gawler Eagles,Salisbury Inter,1,2,0,2,,,away-win,90
gdM6EWvLOm,HPG Homes State League 2 North,SEN,SL2,False,2026-04-18 15:30,R5,Terry Kalaitsidis Park,Pontian Eagles Senior Men's SL2,Northern Demons Senior Men's SL2,Pontian Eagles,Northern Demons,2,2,1,1,,,draw,90
lNbJje3jgN,HPG Homes State League 2 North,SEN,SL2,False,2026-04-18 17:00,R5,Angle Vale Community Sports Centre,Angle Vale Senior Men's SL2,Barossa United Senior Men's SL2,Angle Vale,Barossa United,3,2,3,1,,,home-win,90
jmazB9VJVN,HPG Homes State League 2 North,SEN,SL2,False,2026-04-18 17:15,R5,Newspot Stadium,Modbury Vista Senior Men's SL2,Port Adelaide Senior Men's SL2,Modbury Vista,Port Adelaide,5,1,3,0,,,home-win,90
vmZp94w3GK,HPG Homes State League 2 North,SEN,SL2,False,2026-05-02 15:00,R6,Terry Kalaitsidis Park,Pontian Eagles Senior Men's SL2,Angle Vale Senior Men's SL2,Pontian Eagles,Angle Vale,3,2,0,2,,,home-win,90
jmazB9VkqN,HPG Homes State League 2 North,SEN,SL2,False,2026-05-02 15:00,R6,Ngarrpadla Josie Agius Reserve (Taperoo Reserve),Port Adelaide Senior Men's SL2,Gawler Eagles Senior Men's SL2,Port Adelaide,Gawler Eagles,1,3,0,1,,,away-win,90
gdM6EWv0Zm,HPG Homes State League 2 North,SEN,SL2,False,2026-05-02 15:30,R6,Byrne Park,Northern Demons Senior Men's SL2,Elizabeth Grove Senior Men's SL2,Northern Demons,Elizabeth Grove,0,0,0,0,,,draw,90
lNbJje3lpN,HPG Homes State League 2 North,SEN,SL2,False,2026-05-02 17:15,R6,Newspot Stadium,Modbury Vista Senior Men's SL2,Barossa United Senior Men's SL2,Modbury Vista,Barossa United,7,0,3,0,,,home-win,90
pmvvwnzJRm,HPG Homes State League 2 North,SEN,SL2,False,2026-05-03 15:00,R6,Argana Park,Elizabeth Downs Soccer Club Senior Men's SL2,Salisbury Inter Senior Men's SL2,Elizabeth Downs Soccer Club,Salisbury Inter,5,1,2,1,,,home-win,90
OmepXZ0W0d,HPG Homes State League 2 North,SEN,SL2,False,2026-05-09 14:00,R7,Barossa United Stadium,Barossa United Senior Men's SL2,Gawler Eagles Senior Men's SL2,Barossa United,Gawler Eagles,2,2,1,0,,,draw,90
jdywlkeLEN,HPG Homes State League 2 North,SEN,SL2,False,2026-05-09 15:00,R7,Argana Park,Elizabeth Downs Soccer Club Senior Men's SL2,Port Adelaide Senior Men's SL2,Elizabeth Downs Soccer Club,Port Adelaide,1,1,0,1,,,draw,90
4KLlzbnE0K,HPG Homes State League 2 North,SEN,SL2,False,2026-05-09 15:30,R7,Byrne Park,Northern Demons Senior Men's SL2,Salisbury Inter Senior Men's SL2,Northern Demons,Salisbury Inter,2,2,1,1,,,draw,90
8NO5XLD3kd,HPG Homes State League 2 North,SEN,SL2,False,2026-05-09 16:00,R7,Dauntsey Reserve,Elizabeth Grove Senior Men's SL2,Pontian Eagles Senior Men's SL2,Elizabeth Grove,Pontian Eagles,0,3,0,1,,,away-win,90
nmYnZvyO3N,HPG Homes State League 2 North,SEN,SL2,False,2026-05-09 17:00,R7,Angle Vale Community Sports Centre,Angle Vale Senior Men's SL2,Modbury Vista Senior Men's SL2,Angle Vale,Modbury Vista,0,7,0,2,,,away-win,90
am14Q8q26d,HPG Homes State League 2 North,SEN,SL2,False,2026-05-16 15:00,R8,Karbeethan Reserve,Gawler Eagles Senior Men's SL2,Angle Vale Senior Men's SL2,Gawler Eagles,Angle Vale,1,4,0,3,,,away-win,90
bd9pWQXBlK,HPG Homes State League 2 North,SEN,SL2,False,2026-05-16 15:15,R8,Newspot Stadium,Modbury Vista Senior Men's SL2,Elizabeth Downs Soccer Club Senior Men's SL2,Modbury Vista,Elizabeth Downs Soccer Club,6,1,2,1,,,home-win,90
jdywlkeXLN,HPG Homes State League 2 North,SEN,SL2,False,2026-05-16 15:30,R8,Barossa United Stadium,Barossa United Senior Men's SL2,Northern Demons Senior Men's SL2,Barossa United,Northern Demons,1,3,0,2,,,away-win,90
MNGJxZoLzm,HPG Homes State League 2 North,SEN,SL2,False,2026-05-16 16:00,R8,Dauntsey Reserve,Elizabeth Grove Senior Men's SL2,Salisbury Inter Senior Men's SL2,Elizabeth Grove,Salisbury Inter,1,3,1,0,,,away-win,90
1K3pv8Y1Bd,HPG Homes State League 2 North,SEN,SL2,False,2026-05-16 17:30,R8,Terry Kalaitsidis Park,Pontian Eagles Senior Men's SL2,Port Adelaide Senior Men's SL2,Pontian Eagles,Port Adelaide,9,1,3,1,,,home-win,90
MNGJxZoRBm,HPG Homes State League 2 North,SEN,SL2,False,2026-05-23 15:00,R9,Karbeethan Reserve,Gawler Eagles Senior Men's SL2,Modbury Vista Senior Men's SL2,Gawler Eagles,Modbury Vista,1,2,1,1,,,away-win,90
ld4548O1em,HPG Homes State League 2 North,SEN,SL2,False,2026-05-23 15:00,R9,Underdown Park,Salisbury Inter Senior Men's SL2,Pontian Eagles Senior Men's SL2,Salisbury Inter,Pontian Eagles,1,3,1,2,,,away-win,90
vmZp94wZlK,HPG Homes State League 2 North,SEN,SL2,False,2026-05-23 15:00,R9,Barossa United Stadium,Barossa United Senior Men's SL2,Elizabeth Downs Soccer Club Senior Men's SL2,Barossa United,Elizabeth Downs Soccer Club,1,4,0,3,,,away-win,90
lNbJje353N,HPG Homes State League 2 North,SEN,SL2,False,2026-05-23 15:30,R9,Ngarrpadla Josie Agius Reserve (Taperoo Reserve),Port Adelaide Senior Men's SL2,Northern Demons Senior Men's SL2,Port Adelaide,Northern Demons,0,0,0,0,,,draw,90
am14Q8q1zd,HPG Homes State League 2 North,SEN,SL2,False,2026-05-23 17:00,R9,Angle Vale Community Sports Centre,Angle Vale Senior Men's SL2,Elizabeth Grove Senior Men's SL2,Angle Vale,Elizabeth Grove,1,2,1,0,,,away-win,90
4KLlzbnW2K,HPG Homes State League 2 North,SEN,SL2,False,2026-05-29 19:30,R10,Ngarrpadla Josie Agius Reserve (Taperoo Reserve),Port Adelaide Senior Men's SL2,Elizabeth Grove Senior Men's SL2,Port Adelaide,Elizabeth Grove,1,0,1,0,,,home-win,90
OmepXZ0MGd,HPG Homes State League 2 North,SEN,SL2,False,2026-05-30 15:00,R10,Karbeethan Reserve,Gawler Eagles Senior Men's SL2,Elizabeth Downs Soccer Club Senior Men's SL2,Gawler Eagles,Elizabeth Downs Soccer Club,2,2,0,0,,,draw,90
am14Q8qVAd,HPG Homes State League 2 North,SEN,SL2,False,2026-05-30 15:00,R10,Barossa United Stadium,Barossa United Senior Men's SL2,Pontian Eagles Senior Men's SL2,Barossa United,Pontian Eagles,1,4,0,1,,,away-win,90
jdywlkeQ6N,HPG Homes State League 2 North,SEN,SL2,False,2026-05-30 15:30,R10,Newspot Stadium,Modbury Vista Senior Men's SL2,Northern Demons Senior Men's SL2,Modbury Vista,Northern Demons,4,3,4,1,,,home-win,90
8NO5XLDQBd,HPG Homes State League 2 North,SEN,SL2,False,2026-05-30 17:00,R10,Angle Vale Community Sports Centre,Angle Vale Senior Men's SL2,Salisbury Inter Senior Men's SL2,Angle Vale,Salisbury Inter,0,2,0,1,,,away-win,90
BdDb9e17gN,HPG Homes State League 2 North,SEN,SL2,False,2026-06-12 19:00,R11,Argana Park,Elizabeth Downs Soccer Club Senior Men's SL2,Angle Vale Senior Men's SL2,Elizabeth Downs Soccer Club,Angle Vale,4,2,1,1,,,home-win,90
MNGJxZo7Em,HPG Homes State League 2 North,SEN,SL2,False,2026-06-13 15:00,R11,Ngarrpadla Josie Agius Reserve (Taperoo Reserve),Port Adelaide Senior Men's SL2,Salisbury Inter Senior Men's SL2,Port Adelaide,Salisbury Inter,1,1,1,1,,,draw,90
lNbJje3YEN,HPG Homes State League 2 North,SEN,SL2,False,2026-06-13 15:00,R11,Terry Kalaitsidis Park,Pontian Eagles Senior Men's SL2,Modbury Vista Senior Men's SL2,Pontian Eagles,Modbury Vista,1,1,0,0,,,draw,90
vmZp94wDMK,HPG Homes State League 2 North,SEN,SL2,False,2026-06-13 16:00,R11,Dauntsey Reserve,Elizabeth Grove Senior Men's SL2,Barossa United Senior Men's SL2,Elizabeth Grove,Barossa United,3,2,2,2,,,home-win,90
Pmj27bnEQm,HPG Homes State League 2 North,SEN,SL2,False,2026-06-20 15:00,R12,Underdown Park,Salisbury Inter Senior Men's SL2,Elizabeth Grove Senior Men's SL2,Salisbury Inter,Elizabeth Grove,3,1,1,0,,,home-win,90
PmrGq6kM5N,HPG Homes State League 2 North,SEN,SL2,False,2026-06-20 15:00,R12,Ngarrpadla Josie Agius Reserve (Taperoo Reserve),Port Adelaide Senior Men's SL2,Pontian Eagles Senior Men's SL2,Port Adelaide,Pontian Eagles,0,5,0,2,,,away-win,90
EN2pn8OxOd,HPG Homes State League 2 North,SEN,SL2,False,2026-06-20 15:30,R12,Byrne Park,Northern Demons Senior Men's SL2,Barossa United Senior Men's SL2,Northern Demons,Barossa United,2,1,0,0,,,home-win,90
emAneX1AgN,HPG Homes State League 2 North,SEN,SL2,False,2026-06-20 17:00,R12,Argana Park,Elizabeth Downs Soccer Club Senior Men's SL2,Modbury Vista Senior Men's SL2,Elizabeth Downs Soccer Club,Modbury Vista,3,2,3,0,,,home-win,90
MNGJxZo8bm,HPG Homes State League 2 North,SEN,SL2,False,2026-06-27 15:00,R13,Underdown Park,Salisbury Inter Senior Men's SL2,Barossa United Senior Men's SL2,Salisbury Inter,Barossa United,2,0,1,0,,,home-win,90
ld4548OLpm,HPG Homes State League 2 North,SEN,SL2,False,2026-06-27 15:00,R13,Karbeethan Reserve,Gawler Eagles Senior Men's SL2,Pontian Eagles Senior Men's SL2,Gawler Eagles,Pontian Eagles,1,4,1,1,,,away-win,90
am14Q8qArd,HPG Homes State League 2 North,SEN,SL2,False,2026-06-27 15:30,R13,Argana Park,Elizabeth Downs Soccer Club Senior Men's SL2,Northern Demons Senior Men's SL2,Elizabeth Downs Soccer Club,Northern Demons,3,2,1,2,,,home-win,90
pmvvwnzarm,HPG Homes State League 2 North,SEN,SL2,False,2026-06-27 16:00,R13,Dauntsey Reserve,Elizabeth Grove Senior Men's SL2,Modbury Vista Senior Men's SL2,Elizabeth Grove,Modbury Vista,0,2,0,0,,,away-win,90
jdywlkejAN,HPG Homes State League 2 North,SEN,SL2,False,2026-06-27 17:00,R13,Angle Vale Community Sports Centre,Angle Vale Senior Men's SL2,Port Adelaide Senior Men's SL2,Angle Vale,Port Adelaide,0,4,0,2,,,away-win,90
gdM6EWvBbm,HPG Homes State League 2 North,SEN,SL2,False,2026-07-04 15:30,R14,Byrne Park,Northern Demons Senior Men's SL2,Angle Vale Senior Men's SL2,Northern Demons,Angle Vale,3,0,1,0,,,home-win,90
jmazB9VoGN,HPG Homes State League 2 North,SEN,SL2,False,2026-07-04 16:00,R14,Barossa United Stadium,Barossa United Senior Men's SL2,Port Adelaide Senior Men's SL2,Barossa United,Port Adelaide,2,4,2,3,,,away-win,90
Pmj27bnA9m,HPG Homes State League 2 North,SEN,SL2,False,2026-07-04 16:00,R14,Dauntsey Reserve,Elizabeth Grove Senior Men's SL2,Gawler Eagles Senior Men's SL2,Elizabeth Grove,Gawler Eagles,2,2,1,1,,,draw,90
nmYnZvyBDN,HPG Homes State League 2 North,SEN,SL2,False,2026-07-04 17:15,R14,Newspot Stadium,Modbury Vista Senior Men's SL2,Salisbury Inter Senior Men's SL2,Modbury Vista,Salisbury Inter,3,1,0,0,,,home-win,90
pmvvwnz6Em,HPG Homes State League 2 North,SEN,SL2,False,2026-07-05 15:00,R14,Terry Kalaitsidis Park,Pontian Eagles Senior Men's SL2,Elizabeth Downs Soccer Club Senior Men's SL2,Pontian Eagles,Elizabeth Downs Soccer Club,1,2,1,0,,,away-win,90
nmYnZvy8rN,HPG Homes State League 2 North,SEN,SL2,False,2026-07-08 19:30,R12,Angle Vale Community Sports Centre,Angle Vale Senior Men's SL2,Gawler Eagles Senior Men's SL2,Angle Vale,Gawler Eagles,0,1,0,0,,,away-win,90
8NO5XLDw7d,HPG Homes State League 2 North,SEN,SL2,False,2026-07-17 19:00,R15,Argana Park,Elizabeth Downs Soccer Club Senior Men's SL2,Elizabeth Grove Senior Men's SL2,Elizabeth Downs Soccer Club,Elizabeth Grove,1,1,0,1,,,draw,90
emAneX1vqN,HPG Homes State League 2 North,SEN,SL2,False,2026-07-18 15:00,R15,Barossa United Stadium,Barossa United Senior Men's SL2,Angle Vale Senior Men's SL2,Barossa United,Angle Vale,1,1,0,1,,,draw,90
PmrGq6k1rN,HPG Homes State League 2 North,SEN,SL2,False,2026-07-18 15:00,R15,Byrne Park,Northern Demons Senior Men's SL2,Pontian Eagles Senior Men's SL2,Northern Demons,Pontian Eagles,0,2,0,1,,,away-win,90
EN2pn8Oe2d,HPG Homes State League 2 North,SEN,SL2,False,2026-07-18 15:00,R15,Ngarrpadla Josie Agius Reserve (Taperoo Reserve),Port Adelaide Senior Men's SL2,Modbury Vista Senior Men's SL2,Port Adelaide,Modbury Vista,0,0,0,0,,,draw,90
BdDb9e1J3N,HPG Homes State League 2 North,SEN,SL2,False,2026-07-18 15:00,R15,Underdown Park,Salisbury Inter Senior Men's SL2,Gawler Eagles Senior Men's SL2,Salisbury Inter,Gawler Eagles,1,1,0,0,,,draw,90
ld4548OWAm,HPG Homes State League 2 North,SEN,SL2,False,2026-07-25 15:00,R16,Angle Vale Community Sports Centre,Angle Vale Senior Men's SL2,Pontian Eagles Senior Men's SL2,Angle Vale,Pontian Eagles,1,0,0,0,,,home-win,90
pmvvwnzG5m,HPG Homes State League 2 North,SEN,SL2,False,2026-07-25 15:00,R16,Barossa United Stadium,Barossa United Senior Men's SL2,Modbury Vista Senior Men's SL2,Barossa United,Modbury Vista,1,8,0,3,,,away-win,90
vmZp94wV2K,HPG Homes State League 2 North,SEN,SL2,False,2026-07-25 15:00,R16,Karbeethan Reserve,Gawler Eagles Senior Men's SL2,Port Adelaide Senior Men's SL2,Gawler Eagles,Port Adelaide,2,0,1,0,,,home-win,90
nmYnZvyaaN,HPG Homes State League 2 North,SEN,SL2,False,2026-07-25 15:30,R16,Dauntsey Reserve,Elizabeth Grove Senior Men's SL2,Northern Demons Senior Men's SL2,Elizabeth Grove,Northern Demons,0,1,0,0,,,away-win,90
lNbJje3ryN,HPG Homes State League 2 North,SEN,SL2,False,2026-07-25 17:00,R16,Underdown Park,Salisbury Inter Senior Men's SL2,Elizabeth Downs Soccer Club Senior Men's SL2,Salisbury Inter,Elizabeth Downs Soccer Club,1,0,1,0,,,home-win,90
2Kp0p7vy9K,HPG Homes State League 2 North,SEN,SL2,False,2026-08-01 15:00,R17,Terry Kalaitsidis Park,Pontian Eagles Senior Men's SL2,Elizabeth Grove Senior Men's SL2,Pontian Eagles,Elizabeth Grove,3,0,0,0,,,home-win,90
BdDb9e15wN,HPG Homes State League 2 North,SEN,SL2,False,2026-08-01 15:00,R17,Karbeethan Reserve,Gawler Eagles Senior Men's SL2,Barossa United Senior Men's SL2,Gawler Eagles,Barossa United,0,2,0,0,,,away-win,90
1K3pv8YWOd,HPG Homes State League 2 North,SEN,SL2,False,2026-08-01 15:00,R17,Ngarrpadla Josie Agius Reserve (Taperoo Reserve),Port Adelaide Senior Men's SL2,Elizabeth Downs Soccer Club Senior Men's SL2,Port Adelaide,Elizabeth Downs Soccer Club,2,1,0,1,,,home-win,90
bd9pWQXe8K,HPG Homes State League 2 North,SEN,SL2,False,2026-08-01 15:30,R17,Underdown Park,Salisbury Inter Senior Men's SL2,Northern Demons Senior Men's SL2,Salisbury Inter,Northern Demons,3,1,1,1,,,home-win,90
pN6R98OjAN,HPG Homes State League 2 North,SEN,SL2,False,2026-08-01 17:15,R17,Newspot Stadium,Modbury Vista Senior Men's SL2,Angle Vale Senior Men's SL2,Modbury Vista,Angle Vale,7,0,4,0,,,home-win,90
2Kp0p7vvWK,HPG Homes State League 2 North,SEN,SL2,False,2026-08-08 15:00,R18,Dauntsey Reserve,Elizabeth Grove Senior Men's SL2,Angle Vale Senior Men's SL2,Elizabeth Grove,Angle Vale,1,1,1,0,,,draw,90
BdDb9e19xN,HPG Homes State League 2 North,SEN,SL2,False,2026-08-08 15:00,R18,Newspot Stadium,Modbury Vista Senior Men's SL2,Gawler Eagles Senior Men's SL2,Modbury Vista,Gawler Eagles,4,0,2,0,,,home-win,90
MNGJxZoxLm,HPG Homes State League 2 North,SEN,SL2,False,2026-08-08 15:00,R18,Terry Kalaitsidis Park,Pontian Eagles Senior Men's SL2,Salisbury Inter Senior Men's SL2,Pontian Eagles,Salisbury Inter,0,3,0,1,,,away-win,90
ld4548O40m,HPG Homes State League 2 North,SEN,SL2,False,2026-08-08 15:00,R18,Argana Park,Elizabeth Downs Soccer Club Senior Men's SL2,Barossa United Senior Men's SL2,Elizabeth Downs Soccer Club,Barossa United,6,2,4,1,,,home-win,90
vmZp94w9RK,HPG Homes State League 2 North,SEN,SL2,False,2026-08-08 15:00,R18,Byrne Park,Northern Demons Senior Men's SL2,Port Adelaide Senior Men's SL2,Northern Demons,Port Adelaide,1,0,1,0,,,home-win,90
ld4548OVrm,HPG Homes State League 2 North,SEN,SL2,False,2026-08-15 15:00,R11,Barossa United Stadium,Gawler Eagles Senior Men's SL2,Northern Demons Senior Men's SL2,Gawler Eagles,Northern Demons,1,3,0,2,,,away-win,90
EN2pn8Awld,HPG Homes State League 2 North - Reserves,RES,SL2,False,2026-03-14 12:45,R1,Underdown Park,Salisbury Inter Men's Reserves SL2,Angle Vale Men's Reserves SL2,Salisbury Inter,Angle Vale,3,2,,,,,home-win,90
am14Q8LXjd,HPG Homes State League 2 North - Reserves,RES,SL2,False,2026-03-14 12:45,R1,Terry Kalaitsidis Park,Pontian Eagles Men's Reserves SL2,Barossa United Men's Reserves SL2,Pontian Eagles,Barossa United,5,0,,,,,home-win,90
1K3pv8gwLd,HPG Homes State League 2 North - Reserves,RES,SL2,False,2026-03-14 13:15,R1,Byrne Park,Northern Demons Men's Reserves SL2,Modbury Vista Men's Reserves SL2,Northern Demons,Modbury Vista,1,3,,,,,away-win,90
8NO5XLj2vd,HPG Homes State League 2 North - Reserves,RES,SL2,False,2026-03-14 16:45,R1,Argana Park,Elizabeth Downs Soccer Club Men's Reserves SL2,Gawler Eagles Men's Reserves SL2,Elizabeth Downs Soccer Club,Gawler Eagles,1,2,,,,,away-win,90
BdDb9eY24N,HPG Homes State League 2 North - Reserves,RES,SL2,False,2026-03-15 15:15,R1,Dauntsey Reserve,Elizabeth Grove Men's Reserves SL2,Port Adelaide Men's Reserves SL2,Elizabeth Grove,Port Adelaide,1,5,,,,,away-win,90
emAneXkMRN,HPG Homes State League 2 North - Reserves,RES,SL2,False,2026-03-21 12:45,R2,Underdown Park,Salisbury Inter Men's Reserves SL2,Port Adelaide Men's Reserves SL2,Salisbury Inter,Port Adelaide,0,3,,,,,away-win,90
4KLlzb39GK,HPG Homes State League 2 North - Reserves,RES,SL2,False,2026-03-21 12:45,R2,Barossa United Stadium,Barossa United Men's Reserves SL2,Elizabeth Grove Men's Reserves SL2,Barossa United,Elizabeth Grove,1,3,,,,,away-win,90
8NO5XLj0Wd,HPG Homes State League 2 North - Reserves,RES,SL2,False,2026-03-21 13:15,R2,Byrne Park,Northern Demons Men's Reserves SL2,Gawler Eagles Men's Reserves SL2,Northern Demons,Gawler Eagles,2,0,,,,,home-win,90
pmvvwnAARm,HPG Homes State League 2 North - Reserves,RES,SL2,False,2026-03-21 14:45,R2,Angle Vale Community Sports Centre,Angle Vale Men's Reserves SL2,Elizabeth Downs Soccer Club Men's Reserves SL2,Angle Vale,Elizabeth Downs Soccer Club,3,2,,,,,home-win,90
2Kp0p7xezK,HPG Homes State League 2 North - Reserves,RES,SL2,False,2026-03-21 14:45,R2,Newspot Stadium,Modbury Vista Men's Reserves SL2,Pontian Eagles Men's Reserves SL2,Modbury Vista,Pontian Eagles,1,4,,,,,away-win,90
MNGJxZ9VXm,HPG Homes State League 2 North - Reserves,RES,SL2,False,2026-03-28 12:45,R3,Ngarrpadla Josie Agius Reserve (Taperoo Reserve),Port Adelaide Men's Reserves SL2,Angle Vale Men's Reserves SL2,Port Adelaide,Angle Vale,4,2,,,,,home-win,90
jmazB9vlGN,HPG Homes State League 2 North - Reserves,RES,SL2,False,2026-03-28 12:45,R3,Barossa United Stadium,Barossa United Men's Reserves SL2,Salisbury Inter Men's Reserves SL2,Barossa United,Salisbury Inter,0,3,,,,,away-win,90
pmvvwnAyEm,HPG Homes State League 2 North - Reserves,RES,SL2,False,2026-03-28 12:45,R3,Terry Kalaitsidis Park,Pontian Eagles Men's Reserves SL2,Gawler Eagles Men's Reserves SL2,Pontian Eagles,Gawler Eagles,7,1,,,,,home-win,90
vmZp94PE2K,HPG Homes State League 2 North - Reserves,RES,SL2,False,2026-03-28 13:15,R3,Byrne Park,Northern Demons Men's Reserves SL2,Elizabeth Downs Soccer Club Men's Reserves SL2,Northern Demons,Elizabeth Downs Soccer Club,2,4,,,,,away-win,90
nmYnZvE5DN,HPG Homes State League 2 North - Reserves,RES,SL2,False,2026-03-28 13:15,R3,Newspot Stadium,Modbury Vista Men's Reserves SL2,Elizabeth Grove Men's Reserves SL2,Modbury Vista,Elizabeth Grove,3,1,,,,,home-win,90
jmazBQRP6N,HPG Homes State League 2 North - Reserves,RES,SL2,False,2026-04-11 12:45,R4,Ngarrpadla Josie Agius Reserve (Taperoo Reserve),Port Adelaide Men's Reserves SL2,Barossa United Men's Reserves SL2,Port Adelaide,Barossa United,13,0,,,,,home-win,90
pmvvwB535m,HPG Homes State League 2 North - Reserves,RES,SL2,False,2026-04-11 12:45,R4,Argana Park,Elizabeth Downs Soccer Club Men's Reserves SL2,Pontian Eagles Men's Reserves SL2,Elizabeth Downs Soccer Club,Pontian Eagles,2,3,,,,,away-win,90
nmYnZqMpaN,HPG Homes State League 2 North - Reserves,RES,SL2,False,2026-04-11 12:45,R4,Underdown Park,Salisbury Inter Men's Reserves SL2,Modbury Vista Men's Reserves SL2,Salisbury Inter,Modbury Vista,2,2,,,,,draw,90
emAne2p8RN,HPG Homes State League 2 North - Reserves,RES,SL2,False,2026-04-11 12:45,R4,Karbeethan Reserve,Gawler Eagles Men's Reserves SL2,Elizabeth Grove Men's Reserves SL2,Gawler Eagles,Elizabeth Grove,0,2,,,,,away-win,90
ld454ay3Gm,HPG Homes State League 2 North - Reserves,RES,SL2,False,2026-04-11 13:15,R4,Angle Vale Community Sports Centre,Angle Vale Men's Reserves SL2,Northern Demons Men's Reserves SL2,Angle Vale,Northern Demons,2,2,,,,,draw,90
lNbJjnDBDN,HPG Homes State League 2 North - Reserves,RES,SL2,False,2026-04-18 12:45,R5,Dauntsey Reserve,Elizabeth Grove Men's Reserves SL2,Elizabeth Downs Soccer Club Men's Reserves SL2,Elizabeth Grove,Elizabeth Downs Soccer Club,1,0,,,,,home-win,90
gdM6EqaBQm,HPG Homes State League 2 North - Reserves,RES,SL2,False,2026-04-18 12:45,R5,Karbeethan Reserve,Gawler Eagles Men's Reserves SL2,Salisbury Inter Men's Reserves SL2,Gawler Eagles,Salisbury Inter,3,1,,,,,home-win,90
MNGJxqaP2m,HPG Homes State League 2 North - Reserves,RES,SL2,False,2026-04-18 13:15,R5,Terry Kalaitsidis Park,Pontian Eagles Men's Reserves SL2,Northern Demons Men's Reserves SL2,Pontian Eagles,Northern Demons,4,0,,,,,home-win,90
vmZp9q3BJK,HPG Homes State League 2 North - Reserves,RES,SL2,False,2026-04-18 13:15,R5,Newspot Stadium,Modbury Vista Men's Reserves SL2,Port Adelaide Men's Reserves SL2,Modbury Vista,Port Adelaide,1,2,,,,,away-win,90
8NO5Xq1AWd,HPG Homes State League 2 North - Reserves,RES,SL2,False,2026-04-18 14:45,R5,Angle Vale Community Sports Centre,Angle Vale Men's Reserves SL2,Barossa United Men's Reserves SL2,Angle Vale,Barossa United,2,1,,,,,home-win,90
pmvvwBJW5m,HPG Homes State League 2 North - Reserves,RES,SL2,False,2026-05-02 12:45,R6,Terry Kalaitsidis Park,Pontian Eagles Men's Reserves SL2,Angle Vale Men's Reserves SL2,Pontian Eagles,Angle Vale,6,1,,,,,home-win,90
1K3pvaX2Bd,HPG Homes State League 2 North - Reserves,RES,SL2,False,2026-05-02 12:45,R6,Ngarrpadla Josie Agius Reserve (Taperoo Reserve),Port Adelaide Men's Reserves SL2,Gawler Eagles Men's Reserves SL2,Port Adelaide,Gawler Eagles,3,2,,,,,home-win,90
nmYnZqO1aN,HPG Homes State League 2 North - Reserves,RES,SL2,False,2026-05-02 13:15,R6,Newspot Stadium,Modbury Vista Men's Reserves SL2,Barossa United Men's Reserves SL2,Modbury Vista,Barossa United,8,2,,,,,home-win,90
bd9pWaZglK,HPG Homes State League 2 North - Reserves,RES,SL2,False,2026-05-02 13:15,R6,Byrne Park,Northern Demons Men's Reserves SL2,Elizabeth Grove Men's Reserves SL2,Northern Demons,Elizabeth Grove,4,1,,,,,home-win,90
jdywlgAaLN,HPG Homes State League 2 North - Reserves,RES,SL2,False,2026-05-03 12:45,R6,Argana Park,Elizabeth Downs Soccer Club Men's Reserves SL2,Salisbury Inter Men's Reserves SL2,Elizabeth Downs Soccer Club,Salisbury Inter,1,2,,,,,away-win,90
lNbJjnYXoN,HPG Homes State League 2 North - Reserves,RES,SL2,False,2026-05-09 11:45,R7,Barossa United Stadium,Barossa United Men's Reserves SL2,Gawler Eagles Men's Reserves SL2,Barossa United,Gawler Eagles,1,2,,,,,away-win,90
BdDb9q4JQN,HPG Homes State League 2 North - Reserves,RES,SL2,False,2026-05-09 12:45,R7,Argana Park,Elizabeth Downs Soccer Club Men's Reserves SL2,Port Adelaide Men's Reserves SL2,Elizabeth Downs Soccer Club,Port Adelaide,2,6,,,,,away-win,90
pN6R9a2J7N,HPG Homes State League 2 North - Reserves,RES,SL2,False,2026-05-09 13:15,R7,Byrne Park,Northern Demons Men's Reserves SL2,Salisbury Inter Men's Reserves SL2,Northern Demons,Salisbury Inter,3,0,,,,,home-win,90
2Kp0p3BBoK,HPG Homes State League 2 North - Reserves,RES,SL2,False,2026-05-09 13:45,R7,Dauntsey Reserve,Elizabeth Grove Men's Reserves SL2,Pontian Eagles Men's Reserves SL2,Elizabeth Grove,Pontian Eagles,4,3,,,,,home-win,90
am14QaOEzd,HPG Homes State League 2 North - Reserves,RES,SL2,False,2026-05-09 14:45,R7,Angle Vale Community Sports Centre,Angle Vale Men's Reserves SL2,Modbury Vista Men's Reserves SL2,Angle Vale,Modbury Vista,1,0,,,,,home-win,90
vmZp9qRQDK,HPG Homes State League 2 North - Reserves,RES,SL2,False,2026-05-16 12:45,R8,Karbeethan Reserve,Gawler Eagles Men's Reserves SL2,Angle Vale Men's Reserves SL2,Gawler Eagles,Angle Vale,4,1,,,,,home-win,90
gdM6EqDR7m,HPG Homes State League 2 North - Reserves,RES,SL2,False,2026-05-16 13:15,R8,Newspot Stadium,Modbury Vista Men's Reserves SL2,Elizabeth Downs Soccer Club Men's Reserves SL2,Modbury Vista,Elizabeth Downs Soccer Club,2,4,,,,,away-win,90
pmvvwBROrm,HPG Homes State League 2 North - Reserves,RES,SL2,False,2026-05-16 13:15,R8,Barossa United Stadium,Barossa United Men's Reserves SL2,Northern Demons Men's Reserves SL2,Barossa United,Northern Demons,1,1,,,,,draw,90
lNbJjnWXoN,HPG Homes State League 2 North - Reserves,RES,SL2,False,2026-05-16 13:45,R8,Dauntsey Reserve,Elizabeth Grove Men's Reserves SL2,Salisbury Inter Men's Reserves SL2,Elizabeth Grove,Salisbury Inter,2,3,,,,,away-win,90
jmazBQbe0N,HPG Homes State League 2 North - Reserves,RES,SL2,False,2026-05-16 15:15,R8,Terry Kalaitsidis Park,Pontian Eagles Men's Reserves SL2,Port Adelaide Men's Reserves SL2,Pontian Eagles,Port Adelaide,3,2,,,,,home-win,90
OmepXkAZjd,HPG Homes State League 2 North - Reserves,RES,SL2,False,2026-05-23 12:45,R9,Karbeethan Reserve,Gawler Eagles Men's Reserves SL2,Modbury Vista Men's Reserves SL2,Gawler Eagles,Modbury Vista,1,3,,,,,away-win,90
pN6R9ak8BN,HPG Homes State League 2 North - Reserves,RES,SL2,False,2026-05-23 12:45,R9,Barossa United Stadium,Barossa United Men's Reserves SL2,Elizabeth Downs Soccer Club Men's Reserves SL2,Barossa United,Elizabeth Downs Soccer Club,1,3,,,,,away-win,90
bd9pWaavlK,HPG Homes State League 2 North - Reserves,RES,SL2,False,2026-05-23 12:45,R9,Underdown Park,Salisbury Inter Men's Reserves SL2,Pontian Eagles Men's Reserves SL2,Salisbury Inter,Pontian Eagles,0,2,,,,,away-win,90
2Kp0p3O7OK,HPG Homes State League 2 North - Reserves,RES,SL2,False,2026-05-23 13:15,R9,Ngarrpadla Josie Agius Reserve (Taperoo Reserve),Port Adelaide Men's Reserves SL2,Northern Demons Men's Reserves SL2,Port Adelaide,Northern Demons,0,0,,,,,draw,90
8NO5Xqnyzd,HPG Homes State League 2 North - Reserves,RES,SL2,False,2026-05-23 14:45,R9,Angle Vale Community Sports Centre,Angle Vale Men's Reserves SL2,Elizabeth Grove Men's Reserves SL2,Angle Vale,Elizabeth Grove,3,3,,,,,draw,90
MNGJxqBqQm,HPG Homes State League 2 North - Reserves,RES,SL2,False,2026-05-30 12:45,R10,Karbeethan Reserve,Gawler Eagles Men's Reserves SL2,Elizabeth Downs Soccer Club Men's Reserves SL2,Gawler Eagles,Elizabeth Downs Soccer Club,0,0,,,,,draw,90
gdM6EqDq2m,HPG Homes State League 2 North - Reserves,RES,SL2,False,2026-05-30 12:45,R10,Ngarrpadla Josie Agius Reserve (Taperoo Reserve),Port Adelaide Men's Reserves SL2,Elizabeth Grove Men's Reserves SL2,Port Adelaide,Elizabeth Grove,4,0,,,,,home-win,90
OmepXkbwyd,HPG Homes State League 2 North - Reserves,RES,SL2,False,2026-05-30 12:45,R10,Barossa United Stadium,Barossa United Men's Reserves SL2,Pontian Eagles Men's Reserves SL2,Barossa United,Pontian Eagles,0,3,,,,,away-win,90
8NO5XqyAWd,HPG Homes State League 2 North - Reserves,RES,SL2,False,2026-05-30 13:15,R10,Newspot Stadium,Modbury Vista Men's Reserves SL2,Northern Demons Men's Reserves SL2,Modbury Vista,Northern Demons,2,0,,,,,home-win,90
BdDb9qje6N,HPG Homes State League 2 North - Reserves,RES,SL2,False,2026-05-30 14:45,R10,Angle Vale Community Sports Centre,Angle Vale Men's Reserves SL2,Salisbury Inter Men's Reserves SL2,Angle Vale,Salisbury Inter,2,1,,,,,home-win,90
pN6R9anL0N,HPG Homes State League 2 North - Reserves,RES,SL2,False,2026-06-13 12:45,R11,Ngarrpadla Josie Agius Reserve (Taperoo Reserve),Port Adelaide Men's Reserves SL2,Salisbury Inter Men's Reserves SL2,Port Adelaide,Salisbury Inter,0,1,,,,,away-win,90
gdM6Eqg9Bm,HPG Homes State League 2 North - Reserves,RES,SL2,False,2026-06-13 13:45,R11,Dauntsey Reserve,Elizabeth Grove Men's Reserves SL2,Barossa United Men's Reserves SL2,Elizabeth Grove,Barossa United,4,1,,,,,home-win,90
pN6R9ank2N,HPG Homes State League 2 North - Reserves,RES,SL2,False,2026-06-20 12:45,R12,Ngarrpadla Josie Agius Reserve (Taperoo Reserve),Port Adelaide Men's Reserves SL2,Pontian Eagles Men's Reserves SL2,Port Adelaide,Pontian Eagles,2,2,,,,,draw,90
BdDb9q3jGN,HPG Homes State League 2 North - Reserves,RES,SL2,False,2026-06-20 13:15,R12,Byrne Park,Northern Demons Men's Reserves SL2,Barossa United Men's Reserves SL2,Northern Demons,Barossa United,7,3,,,,,home-win,90
4KLlzqAGDK,HPG Homes State League 2 North - Reserves,RES,SL2,False,2026-06-20 14:45,R12,Argana Park,Elizabeth Downs Soccer Club Men's Reserves SL2,Modbury Vista Men's Reserves SL2,Elizabeth Downs Soccer Club,Modbury Vista,2,1,,,,,home-win,90
4KLlzqb7pK,HPG Homes State League 2 North - Reserves,RES,SL2,False,2026-06-27 12:45,R13,Underdown Park,Salisbury Inter Men's Reserves SL2,Barossa United Men's Reserves SL2,Salisbury Inter,Barossa United,2,2,,,,,draw,90
2Kp0p37BPK,HPG Homes State League 2 North - Reserves,RES,SL2,False,2026-06-27 12:45,R13,Karbeethan Reserve,Gawler Eagles Men's Reserves SL2,Pontian Eagles Men's Reserves SL2,Gawler Eagles,Pontian Eagles,0,1,,,,,away-win,90
OmepXkZMPd,HPG Homes State League 2 North - Reserves,RES,SL2,False,2026-06-27 13:15,R13,Argana Park,Elizabeth Downs Soccer Club Men's Reserves SL2,Northern Demons Men's Reserves SL2,Elizabeth Downs Soccer Club,Northern Demons,1,0,,,,,home-win,90
MNGJxqZ7zm,HPG Homes State League 2 North - Reserves,RES,SL2,False,2026-06-27 13:45,R13,Dauntsey Reserve,Elizabeth Grove Men's Reserves SL2,Modbury Vista Men's Reserves SL2,Elizabeth Grove,Modbury Vista,1,1,,,,,draw,90
8NO5XqLQ2d,HPG Homes State League 2 North - Reserves,RES,SL2,False,2026-06-27 14:45,R13,Angle Vale Community Sports Centre,Angle Vale Men's Reserves SL2,Port Adelaide Men's Reserves SL2,Angle Vale,Port Adelaide,1,4,,,,,away-win,90
4KLlzqbAgK,HPG Homes State League 2 North - Reserves,RES,SL2,False,2026-07-04 13:15,R14,Byrne Park,Northern Demons Men's Reserves SL2,Angle Vale Men's Reserves SL2,Northern Demons,Angle Vale,0,1,,,,,away-win,90
BdDb9qeeJN,HPG Homes State League 2 North - Reserves,RES,SL2,False,2026-07-04 13:15,R14,,Modbury Vista Men's Reserves SL2,Salisbury Inter Men's Reserves SL2,Modbury Vista,Salisbury Inter,4,1,,,,,home-win,90
pN6R9a88pN,HPG Homes State League 2 North - Reserves,RES,SL2,False,2026-07-04 13:45,R14,Barossa United Stadium,Barossa United Men's Reserves SL2,Port Adelaide Men's Reserves SL2,Barossa United,Port Adelaide,0,6,,,,,away-win,90
bd9pWaQQYK,HPG Homes State League 2 North - Reserves,RES,SL2,False,2026-07-04 13:45,R14,Dauntsey Reserve,Elizabeth Grove Men's Reserves SL2,Gawler Eagles Men's Reserves SL2,Elizabeth Grove,Gawler Eagles,6,1,,,,,home-win,90
2Kp0p377bK,HPG Homes State League 2 North - Reserves,RES,SL2,False,2026-07-05 12:45,R14,Terry Kalaitsidis Park,Pontian Eagles Men's Reserves SL2,Elizabeth Downs Soccer Club Men's Reserves SL2,Pontian Eagles,Elizabeth Downs Soccer Club,5,1,,,,,home-win,90
jmazBQ34MN,HPG Homes State League 2 North - Reserves,RES,SL2,False,2026-07-09 19:45,R11,Terry Kalaitsidis Park,Pontian Eagles Men's Reserves SL2,Modbury Vista Men's Reserves SL2,Pontian Eagles,Modbury Vista,0,0,,,,,draw,90
OmepXkbAvd,HPG Homes State League 2 North - Reserves,RES,SL2,False,2026-07-14 19:00,R12,Underdown Park,Salisbury Inter Men's Reserves SL2,Elizabeth Grove Men's Reserves SL2,Salisbury Inter,Elizabeth Grove,1,2,,,,,away-win,90
8NO5Xqynad,HPG Homes State League 2 North - Reserves,RES,SL2,False,2026-07-15 19:30,R12,Angle Vale Community Sports Centre,Angle Vale Men's Reserves SL2,Gawler Eagles Men's Reserves SL2,Angle Vale,Gawler Eagles,1,2,,,,,away-win,90
vmZp9qqpRK,HPG Homes State League 2 North - Reserves,RES,SL2,False,2026-07-18 12:45,R15,Byrne Park,Northern Demons Men's Reserves SL2,Pontian Eagles Men's Reserves SL2,Northern Demons,Pontian Eagles,0,2,,,,,away-win,90
bd9pWa5rJK,HPG Homes State League 2 North - Reserves,RES,SL2,False,2026-07-18 12:45,R15,Barossa United Stadium,Barossa United Men's Reserves SL2,Angle Vale Men's Reserves SL2,Barossa United,Angle Vale,2,4,,,,,away-win,90
1K3pvawEqd,HPG Homes State League 2 North - Reserves,RES,SL2,False,2026-07-18 12:45,R15,Ngarrpadla Josie Agius Reserve (Taperoo Reserve),Port Adelaide Men's Reserves SL2,Modbury Vista Men's Reserves SL2,Port Adelaide,Modbury Vista,4,3,,,,,home-win,90
jdywlgbWbN,HPG Homes State League 2 North - Reserves,RES,SL2,False,2026-07-18 12:45,R15,Argana Park,Elizabeth Downs Soccer Club Men's Reserves SL2,Elizabeth Grove Men's Reserves SL2,Elizabeth Downs Soccer Club,Elizabeth Grove,1,1,,,,,draw,90
am14QawyZd,HPG Homes State League 2 North - Reserves,RES,SL2,False,2026-07-18 12:45,R15,Underdown Park,Salisbury Inter Men's Reserves SL2,Gawler Eagles Men's Reserves SL2,Salisbury Inter,Gawler Eagles,2,1,,,,,home-win,90
4KLlzqA6GK,HPG Homes State League 2 North - Reserves,RES,SL2,False,2026-07-22 20:15,R11,Argana Park,Elizabeth Downs Soccer Club Men's Reserves SL2,Angle Vale Men's Reserves SL2,Elizabeth Downs Soccer Club,Angle Vale,4,0,,,,,home-win,90
pmvvwBBX6m,HPG Homes State League 2 North - Reserves,RES,SL2,False,2026-07-25 12:45,R16,Angle Vale Community Sports Centre,Angle Vale Men's Reserves SL2,Pontian Eagles Men's Reserves SL2,Angle Vale,Pontian Eagles,1,3,,,,,away-win,90
8NO5Xqqo2d,HPG Homes State League 2 North - Reserves,RES,SL2,False,2026-07-25 12:45,R16,Barossa United Stadium,Barossa United Men's Reserves SL2,Modbury Vista Men's Reserves SL2,Barossa United,Modbury Vista,1,10,,,,,away-win,90
pN6R9aaXQN,HPG Homes State League 2 North - Reserves,RES,SL2,False,2026-07-25 12:45,R16,Karbeethan Reserve,Gawler Eagles Men's Reserves SL2,Port Adelaide Men's Reserves SL2,Gawler Eagles,Port Adelaide,1,4,,,,,away-win,90
BdDb9qqD4N,HPG Homes State League 2 North - Reserves,RES,SL2,False,2026-07-25 12:45,R16,Underdown Park,Salisbury Inter Men's Reserves SL2,Elizabeth Downs Soccer Club Men's Reserves SL2,Salisbury Inter,Elizabeth Downs Soccer Club,1,1,,,,,draw,90
OmepXkkBPd,HPG Homes State League 2 North - Reserves,RES,SL2,False,2026-07-25 13:15,R16,Dauntsey Reserve,Elizabeth Grove Men's Reserves SL2,Northern Demons Men's Reserves SL2,Elizabeth Grove,Northern Demons,3,2,,,,,home-win,90
1K3pvaaPLd,HPG Homes State League 2 North - Reserves,RES,SL2,False,2026-08-01 12:45,R17,Terry Kalaitsidis Park,Pontian Eagles Men's Reserves SL2,Elizabeth Grove Men's Reserves SL2,Pontian Eagles,Elizabeth Grove,3,0,,,,,home-win,90
am14Qaaqjd,HPG Homes State League 2 North - Reserves,RES,SL2,False,2026-08-01 12:45,R17,Karbeethan Reserve,Gawler Eagles Men's Reserves SL2,Barossa United Men's Reserves SL2,Gawler Eagles,Barossa United,4,1,,,,,home-win,90
MNGJxqq0pm,HPG Homes State League 2 North - Reserves,RES,SL2,False,2026-08-01 12:45,R17,Ngarrpadla Josie Agius Reserve (Taperoo Reserve),Port Adelaide Men's Reserves SL2,Elizabeth Downs Soccer Club Men's Reserves SL2,Port Adelaide,Elizabeth Downs Soccer Club,4,0,,,,,home-win,90
bd9pWaa8wK,HPG Homes State League 2 North - Reserves,RES,SL2,False,2026-08-01 13:15,R17,Newspot Stadium,Modbury Vista Men's Reserves SL2,Angle Vale Men's Reserves SL2,Modbury Vista,Angle Vale,6,0,,,,,home-win,90
2Kp0p33J9K,HPG Homes State League 2 North - Reserves,RES,SL2,False,2026-08-01 13:15,R17,Underdown Park,Salisbury Inter Men's Reserves SL2,Northern Demons Men's Reserves SL2,Salisbury Inter,Northern Demons,2,3,,,,,away-win,90
nmYnZqq1aN,HPG Homes State League 2 North - Reserves,RES,SL2,False,2026-08-06 20:10,R18,Terry Kalaitsidis Park,Pontian Eagles Men's Reserves SL2,Salisbury Inter Men's Reserves SL2,Pontian Eagles,Salisbury Inter,3,0,,,,,home-win,90
jmazBQQR6N,HPG Homes State League 2 North - Reserves,RES,SL2,False,2026-08-08 12:45,R18,Dauntsey Reserve,Elizabeth Grove Men's Reserves SL2,Angle Vale Men's Reserves SL2,Elizabeth Grove,Angle Vale,5,2,,,,,home-win,90
pmvvwBBW5m,HPG Homes State League 2 North - Reserves,RES,SL2,False,2026-08-08 12:45,R18,Newspot Stadium,Modbury Vista Men's Reserves SL2,Gawler Eagles Men's Reserves SL2,Modbury Vista,Gawler Eagles,6,2,,,,,home-win,90
emAne22xRN,HPG Homes State League 2 North - Reserves,RES,SL2,False,2026-08-08 12:45,R18,Argana Park,Elizabeth Downs Soccer Club Men's Reserves SL2,Barossa United Men's Reserves SL2,Elizabeth Downs Soccer Club,Barossa United,13,1,,,,,home-win,90
PmrGqxxwLN,HPG Homes State League 2 North - Reserves,RES,SL2,False,2026-08-08 12:45,R18,Byrne Park,Northern Demons Men's Reserves SL2,Port Adelaide Men's Reserves SL2,Northern Demons,Port Adelaide,3,2,,,,,home-win,90
vmZp9qXAlK,HPG Homes State League 2 North - Reserves,RES,SL2,False,2026-08-15 12:45,R11,Barossa United Stadium,Gawler Eagles Men's Reserves SL2,Northern Demons Men's Reserves SL2,Gawler Eagles,Northern Demons,3,1,,,,,home-win,90
jdywlggEqN,HPG Homes State League 2 North - Under 18's,U18,SL2,False,2026-03-14 10:30,R1,Underdown Park,Salisbury Inter Under 18's SL2,Angle Vale Under 18's SL2,Salisbury Inter,Angle Vale,22,1,9,0,,,home-win,90
vmZp9qq0MK,HPG Homes State League 2 North - Under 18's,U18,SL2,False,2026-03-14 10:30,R1,Terry Kalaitsidis Park,Pontian Eagles Under 18's SL2,Barossa United Under 18's SL2,Pontian Eagles,Barossa United,5,2,4,0,,,home-win,90
ld454aa3rm,HPG Homes State League 2 North - Under 18's,U18,SL2,False,2026-03-14 11:00,R1,Byrne Park,Northern Demons Under 18's SL2,Modbury Vista Under 18's SL2,Northern Demons,Modbury Vista,0,7,0,3,,,away-win,90
am14QaaRkd,HPG Homes State League 2 North - Under 18's,U18,SL2,False,2026-03-14 14:30,R1,Argana Park,Elizabeth Downs Soccer Club Under 18's SL2,Gawler Eagles Under 18's SL2,Elizabeth Downs Soccer Club,Gawler Eagles,4,0,1,0,,,home-win,90
MNGJxqqEEm,HPG Homes State League 2 North - Under 18's,U18,SL2,False,2026-03-15 13:00,R1,Dauntsey Reserve,Elizabeth Grove Under 18's SL2,Port Adelaide Under 18's SL2,Elizabeth Grove,Port Adelaide,0,4,0,3,,,away-win,90
gdM6Eqq81m,HPG Homes State League 2 North - Under 18's,U18,SL2,False,2026-03-21 10:30,R2,Underdown Park,Salisbury Inter Under 18's SL2,Port Adelaide Under 18's SL2,Salisbury Inter,Port Adelaide,4,3,2,1,,,home-win,90
pmvvwBB38m,HPG Homes State League 2 North - Under 18's,U18,SL2,False,2026-03-21 10:30,R2,Barossa United Stadium,Barossa United Under 18's SL2,Elizabeth Grove Under 18's SL2,Barossa United,Elizabeth Grove,1,2,1,2,,,away-win,90
jmazBQQM5N,HPG Homes State League 2 North - Under 18's,U18,SL2,False,2026-03-21 11:00,R2,Byrne Park,Northern Demons Under 18's SL2,Gawler Eagles Under 18's SL2,Northern Demons,Gawler Eagles,7,0,5,0,,,home-win,90
nmYnZqqpYN,HPG Homes State League 2 North - Under 18's,U18,SL2,False,2026-03-21 12:15,R2,Newspot Stadium,Modbury Vista Under 18's SL2,Pontian Eagles Under 18's SL2,Modbury Vista,Pontian Eagles,5,0,1,0,,,home-win,90
lNbJjnnPEN,HPG Homes State League 2 North - Under 18's,U18,SL2,False,2026-03-21 12:30,R2,Angle Vale Community Sports Centre,Angle Vale Under 18's SL2,Elizabeth Downs Soccer Club Under 18's SL2,Angle Vale,Elizabeth Downs Soccer Club,0,10,0,3,,,away-win,90
BdDb9qqA6N,HPG Homes State League 2 North - Under 18's,U18,SL2,False,2026-03-28 10:30,R3,,Port Adelaide Under 18's SL2,Angle Vale Under 18's SL2,Port Adelaide,Angle Vale,3,0,,,,,home-win,90
4KLlzqqe7K,HPG Homes State League 2 North - Under 18's,U18,SL2,False,2026-03-28 10:30,R3,Barossa United Stadium,Barossa United Under 18's SL2,Salisbury Inter Under 18's SL2,Barossa United,Salisbury Inter,1,3,1,2,,,away-win,90
pN6R9aa2nN,HPG Homes State League 2 North - Under 18's,U18,SL2,False,2026-03-28 10:30,R3,Terry Kalaitsidis Park,Pontian Eagles Under 18's SL2,Gawler Eagles Under 18's SL2,Pontian Eagles,Gawler Eagles,4,0,1,0,,,home-win,90
OmepXkke7d,HPG Homes State League 2 North - Under 18's,U18,SL2,False,2026-03-28 11:00,R3,Byrne Park,Northern Demons Under 18's SL2,Elizabeth Downs Soccer Club Under 18's SL2,Northern Demons,Elizabeth Downs Soccer Club,2,5,2,2,,,away-win,90
2Kp0p33LWK,HPG Homes State League 2 North - Under 18's,U18,SL2,False,2026-03-28 11:00,R3,Newspot Stadium,Modbury Vista Under 18's SL2,Elizabeth Grove Under 18's SL2,Modbury Vista,Elizabeth Grove,8,0,4,0,,,home-win,90
MNGJxqqrLm,HPG Homes State League 2 North - Under 18's,U18,SL2,False,2026-04-11 10:30,R4,Ngarrpadla Josie Agius Reserve (Taperoo Reserve),Port Adelaide Under 18's SL2,Barossa United Under 18's SL2,Port Adelaide,Barossa United,2,0,2,0,,,home-win,90
ld454aaj0m,HPG Homes State League 2 North - Under 18's,U18,SL2,False,2026-04-11 10:30,R4,Argana Park,Elizabeth Downs Soccer Club Under 18's SL2,Pontian Eagles Under 18's SL2,Elizabeth Downs Soccer Club,Pontian Eagles,1,1,0,0,,,draw,90
jdywlggbEN,HPG Homes State League 2 North - Under 18's,U18,SL2,False,2026-04-11 10:30,R4,Underdown Park,Salisbury Inter Under 18's SL2,Modbury Vista Under 18's SL2,Salisbury Inter,Modbury Vista,1,4,0,3,,,away-win,90
am14Qaaw6d,HPG Homes State League 2 North - Under 18's,U18,SL2,False,2026-04-11 10:30,R4,Karbeethan Reserve,Gawler Eagles Under 18's SL2,Elizabeth Grove Under 18's SL2,Gawler Eagles,Elizabeth Grove,0,4,0,2,,,away-win,90
BdDb9qqrxN,HPG Homes State League 2 North - Under 18's,U18,SL2,False,2026-04-11 11:00,R4,Angle Vale Community Sports Centre,Angle Vale Under 18's SL2,Northern Demons Under 18's SL2,Angle Vale,Northern Demons,0,5,0,2,,,away-win,90
nmYnZqq3aN,HPG Homes State League 2 North - Under 18's,U18,SL2,False,2026-04-18 10:30,R5,Dauntsey Reserve,Elizabeth Grove Under 18's SL2,Elizabeth Downs Soccer Club Under 18's SL2,Elizabeth Grove,Elizabeth Downs Soccer Club,2,6,2,3,,,away-win,90
Pmj27VVD3m,HPG Homes State League 2 North - Under 18's,U18,SL2,False,2026-04-18 10:30,R5,Karbeethan Reserve,Gawler Eagles Under 18's SL2,Salisbury Inter Under 18's SL2,Gawler Eagles,Salisbury Inter,0,6,0,2,,,away-win,90
ld454aawAm,HPG Homes State League 2 North - Under 18's,U18,SL2,False,2026-04-18 11:00,R5,Terry Kalaitsidis Park,Pontian Eagles Under 18's SL2,Northern Demons Under 18's SL2,Pontian Eagles,Northern Demons,2,1,0,0,,,home-win,90
pmvvwBBe5m,HPG Homes State League 2 North - Under 18's,U18,SL2,False,2026-04-18 11:00,R5,Newspot Stadium,Modbury Vista Under 18's SL2,Port Adelaide Under 18's SL2,Modbury Vista,Port Adelaide,5,2,1,1,,,home-win,90
MNGJxqq2zm,HPG Homes State League 2 North - Under 18's,U18,SL2,False,2026-04-18 12:30,R5,Angle Vale Community Sports Centre,Angle Vale Under 18's SL2,Barossa United Under 18's SL2,Angle Vale,Barossa United,1,11,1,4,,,away-win,90
am14Qaw8Xd,HPG Homes State League 2 North - Under 18's,U18,SL2,False,2026-05-02 10:30,R6,Terry Kalaitsidis Park,Pontian Eagles Under 18's SL2,Angle Vale Under 18's SL2,Pontian Eagles,Angle Vale,13,0,5,0,,,home-win,90
2Kp0p39AbK,HPG Homes State League 2 North - Under 18's,U18,SL2,False,2026-05-02 10:30,R6,Ngarrpadla Josie Agius Reserve (Taperoo Reserve),Port Adelaide Under 18's SL2,Gawler Eagles Under 18's SL2,Port Adelaide,Gawler Eagles,7,1,3,0,,,home-win,90
MNGJxq2qQm,HPG Homes State League 2 North - Under 18's,U18,SL2,False,2026-05-02 11:00,R6,Newspot Stadium,Modbury Vista Under 18's SL2,Barossa United Under 18's SL2,Modbury Vista,Barossa United,10,0,5,0,,,home-win,90
pN6R9awYpN,HPG Homes State League 2 North - Under 18's,U18,SL2,False,2026-05-02 11:00,R6,Byrne Park,Northern Demons Under 18's SL2,Elizabeth Grove Under 18's SL2,Northern Demons,Elizabeth Grove,1,6,1,5,,,away-win,90
BdDb9q2BJN,HPG Homes State League 2 North - Under 18's,U18,SL2,False,2026-05-03 10:30,R6,Argana Park,Elizabeth Downs Soccer Club Under 18's SL2,Salisbury Inter Under 18's SL2,Elizabeth Downs Soccer Club,Salisbury Inter,0,2,0,2,,,away-win,90
ld454ae5pm,HPG Homes State League 2 North - Under 18's,U18,SL2,False,2026-05-09 09:30,R7,Barossa United Stadium,Barossa United Under 18's SL2,Gawler Eagles Under 18's SL2,Barossa United,Gawler Eagles,7,3,2,1,,,home-win,90
lNbJjngJAN,HPG Homes State League 2 North - Under 18's,U18,SL2,False,2026-05-09 10:30,R7,Argana Park,Elizabeth Downs Soccer Club Under 18's SL2,Port Adelaide Under 18's SL2,Elizabeth Downs Soccer Club,Port Adelaide,1,1,0,0,,,draw,90
vmZp9qopLK,HPG Homes State League 2 North - Under 18's,U18,SL2,False,2026-05-09 11:00,R7,Byrne Park,Northern Demons Under 18's SL2,Salisbury Inter Under 18's SL2,Northern Demons,Salisbury Inter,0,1,0,0,,,away-win,90
MNGJxqMvbm,HPG Homes State League 2 North - Under 18's,U18,SL2,False,2026-05-09 11:30,R7,Dauntsey Reserve,Elizabeth Grove Under 18's SL2,Pontian Eagles Under 18's SL2,Elizabeth Grove,Pontian Eagles,2,1,1,0,,,home-win,90
BdDb9q6x3N,HPG Homes State League 2 North - Under 18's,U18,SL2,False,2026-05-09 12:30,R7,Angle Vale Community Sports Centre,Angle Vale Under 18's SL2,Modbury Vista Under 18's SL2,Angle Vale,Modbury Vista,0,13,0,5,,,away-win,90
nmYnZqovzN,HPG Homes State League 2 North - Under 18's,U18,SL2,False,2026-05-16 10:30,R8,Karbeethan Reserve,Gawler Eagles Under 18's SL2,Angle Vale Under 18's SL2,Gawler Eagles,Angle Vale,1,1,1,0,,,draw,90
emAne26XBN,HPG Homes State League 2 North - Under 18's,U18,SL2,False,2026-05-16 11:00,R8,Newspot Stadium,Modbury Vista Under 18's SL2,Elizabeth Downs Soccer Club Under 18's SL2,Modbury Vista,Elizabeth Downs Soccer Club,6,3,3,2,,,home-win,90
EN2pnaz8Vd,HPG Homes State League 2 North - Under 18's,U18,SL2,False,2026-05-16 11:00,R8,Barossa United Stadium,Barossa United Under 18's SL2,Northern Demons Under 18's SL2,Barossa United,Northern Demons,3,5,0,4,,,away-win,90
Pmj27VGb6m,HPG Homes State League 2 North - Under 18's,U18,SL2,False,2026-05-16 11:30,R8,Dauntsey Reserve,Elizabeth Grove Under 18's SL2,Salisbury Inter Under 18's SL2,Elizabeth Grove,Salisbury Inter,5,5,3,3,,,draw,90
PmrGqxO6XN,HPG Homes State League 2 North - Under 18's,U18,SL2,False,2026-05-16 13:00,R8,Terry Kalaitsidis Park,Pontian Eagles Under 18's SL2,Port Adelaide Under 18's SL2,Pontian Eagles,Port Adelaide,1,4,0,2,,,away-win,90
4KLlzq4q0K,HPG Homes State League 2 North - Under 18's,U18,SL2,False,2026-05-23 10:30,R9,Karbeethan Reserve,Gawler Eagles Under 18's SL2,Modbury Vista Under 18's SL2,Gawler Eagles,Modbury Vista,0,6,0,2,,,away-win,90
pN6R9aoaAN,HPG Homes State League 2 North - Under 18's,U18,SL2,False,2026-05-23 10:30,R9,Underdown Park,Salisbury Inter Under 18's SL2,Pontian Eagles Under 18's SL2,Salisbury Inter,Pontian Eagles,4,0,4,0,,,home-win,90
BdDb9qMqwN,HPG Homes State League 2 North - Under 18's,U18,SL2,False,2026-05-23 10:30,R9,Barossa United Stadium,Barossa United Under 18's SL2,Elizabeth Downs Soccer Club Under 18's SL2,Barossa United,Elizabeth Downs Soccer Club,0,10,0,3,,,away-win,90
MNGJxqG2pm,HPG Homes State League 2 North - Under 18's,U18,SL2,False,2026-05-23 11:00,R9,Ngarrpadla Josie Agius Reserve (Taperoo Reserve),Port Adelaide Under 18's SL2,Northern Demons Under 18's SL2,Port Adelaide,Northern Demons,2,1,2,1,,,home-win,90
8NO5XqOqkd,HPG Homes State League 2 North - Under 18's,U18,SL2,False,2026-05-23 12:30,R9,Angle Vale Community Sports Centre,Angle Vale Under 18's SL2,Elizabeth Grove Under 18's SL2,Angle Vale,Elizabeth Grove,2,7,0,4,,,away-win,90
vmZp9qx20K,HPG Homes State League 2 North - Under 18's,U18,SL2,False,2026-05-30 10:30,R10,Karbeethan Reserve,Gawler Eagles Under 18's SL2,Elizabeth Downs Soccer Club Under 18's SL2,Gawler Eagles,Elizabeth Downs Soccer Club,0,4,0,1,,,away-win,90
lNbJjn72XN,HPG Homes State League 2 North - Under 18's,U18,SL2,False,2026-05-30 10:30,R10,Ngarrpadla Josie Agius Reserve (Taperoo Reserve),Port Adelaide Under 18's SL2,Elizabeth Grove Under 18's SL2,Port Adelaide,Elizabeth Grove,2,1,1,1,,,home-win,90
ld454aZZ2m,HPG Homes State League 2 North - Under 18's,U18,SL2,False,2026-05-30 10:30,R10,Barossa United Stadium,Barossa United Under 18's SL2,Pontian Eagles Under 18's SL2,Barossa United,Pontian Eagles,1,4,0,4,,,away-win,90
jmazBQg26N,HPG Homes State League 2 North - Under 18's,U18,SL2,False,2026-05-30 11:00,R10,Newspot Stadium,Modbury Vista Under 18's SL2,Northern Demons Under 18's SL2,Modbury Vista,Northern Demons,5,0,3,0,,,home-win,90
ld454aZwGm,HPG Homes State League 2 North - Under 18's,U18,SL2,False,2026-05-30 12:30,R10,Angle Vale Community Sports Centre,Angle Vale Under 18's SL2,Salisbury Inter Under 18's SL2,Angle Vale,Salisbury Inter,0,6,0,2,,,away-win,90
gdM6Eqkxbm,HPG Homes State League 2 North - Under 18's,U18,SL2,False,2026-06-13 10:30,R11,Ngarrpadla Josie Agius Reserve (Taperoo Reserve),Port Adelaide Under 18's SL2,Salisbury Inter Under 18's SL2,Port Adelaide,Salisbury Inter,0,2,0,1,,,away-win,90
pmvvwB9LEm,HPG Homes State League 2 North - Under 18's,U18,SL2,False,2026-06-13 11:30,R11,Dauntsey Reserve,Elizabeth Grove Under 18's SL2,Barossa United Under 18's SL2,Elizabeth Grove,Barossa United,6,0,4,0,,,home-win,90
8NO5XqO6Bd,HPG Homes State League 2 North - Under 18's,U18,SL2,False,2026-06-20 10:30,R12,Ngarrpadla Josie Agius Reserve (Taperoo Reserve),Port Adelaide Under 18's SL2,Pontian Eagles Under 18's SL2,Port Adelaide,Pontian Eagles,5,2,3,0,,,home-win,90
BdDb9qMl8N,HPG Homes State League 2 North - Under 18's,U18,SL2,False,2026-06-20 11:00,R12,Byrne Park,Northern Demons Under 18's SL2,Barossa United Under 18's SL2,Northern Demons,Barossa United,9,2,3,2,,,home-win,90
EN2pnazROd,HPG Homes State League 2 North - Under 18's,U18,SL2,False,2026-06-20 12:30,R12,Argana Park,Elizabeth Downs Soccer Club Under 18's SL2,Modbury Vista Under 18's SL2,Elizabeth Downs Soccer Club,Modbury Vista,1,1,0,1,,,draw,90
8NO5XYko2d,HPG Homes State League 2 North - Under 18's,U18,SL2,False,2026-06-27 10:30,R13,Underdown Park,Salisbury Inter Under 18's SL2,Barossa United Under 18's SL2,Salisbury Inter,Barossa United,6,0,5,0,,,home-win,90
BdDb9wkpwN,HPG Homes State League 2 North - Under 18's,U18,SL2,False,2026-06-27 10:30,R13,Karbeethan Reserve,Gawler Eagles Under 18's SL2,Pontian Eagles Under 18's SL2,Gawler Eagles,Pontian Eagles,1,3,1,2,,,away-win,90
4KLlzoBO7K,HPG Homes State League 2 North - Under 18's,U18,SL2,False,2026-06-27 11:00,R13,Argana Park,Elizabeth Downs Soccer Club Under 18's SL2,Northern Demons Under 18's SL2,Elizabeth Downs Soccer Club,Northern Demons,1,2,1,1,,,away-win,90
ld454xOROm,HPG Homes State League 2 North - Under 18's,U18,SL2,False,2026-06-27 11:30,R13,Dauntsey Reserve,Elizabeth Grove Under 18's SL2,Modbury Vista Under 18's SL2,Elizabeth Grove,Modbury Vista,0,5,0,2,,,away-win,90
OmepXlE17d,HPG Homes State League 2 North - Under 18's,U18,SL2,False,2026-06-27 12:30,R13,Angle Vale Community Sports Centre,Angle Vale Under 18's SL2,Port Adelaide Under 18's SL2,Angle Vale,Port Adelaide,1,3,0,2,,,away-win,90
BdDb9wW2gN,HPG Homes State League 2 North - Under 18's,U18,SL2,False,2026-07-04 11:00,R14,Byrne Park,Northern Demons Under 18's SL2,Angle Vale Under 18's SL2,Northern Demons,Angle Vale,6,1,5,1,,,home-win,90
MNGJxDYM0m,HPG Homes State League 2 North - Under 18's,U18,SL2,False,2026-07-04 11:00,R14,Newspot Stadium,Modbury Vista Under 18's SL2,Salisbury Inter Under 18's SL2,Modbury Vista,Salisbury Inter,6,0,4,0,,,home-win,90
bd9pWLV52K,HPG Homes State League 2 North - Under 18's,U18,SL2,False,2026-07-04 11:30,R14,Barossa United Stadium,Barossa United Under 18's SL2,Port Adelaide Under 18's SL2,Barossa United,Port Adelaide,3,4,1,3,,,away-win,90
vmZp9j8oDK,HPG Homes State League 2 North - Under 18's,U18,SL2,False,2026-07-04 11:30,R14,Dauntsey Reserve,Elizabeth Grove Under 18's SL2,Gawler Eagles Under 18's SL2,Elizabeth Grove,Gawler Eagles,6,3,3,1,,,home-win,90
jdywlRrbzN,HPG Homes State League 2 North - Under 18's,U18,SL2,False,2026-07-05 10:30,R14,Terry Kalaitsidis Park,Pontian Eagles Under 18's SL2,Elizabeth Downs Soccer Club Under 18's SL2,Pontian Eagles,Elizabeth Downs Soccer Club,1,5,1,4,,,away-win,90
PmrGqxOe5N,HPG Homes State League 2 North - Under 18's,U18,SL2,False,2026-07-09 19:00,R12,Underdown Park,Salisbury Inter Under 18's SL2,Elizabeth Grove Under 18's SL2,Salisbury Inter,Elizabeth Grove,7,1,2,0,,,home-win,90
jmazBQgnGN,HPG Homes State League 2 North - Under 18's,U18,SL2,False,2026-07-11 10:30,R11,Karbeethan Reserve,Gawler Eagles Under 18's SL2,Northern Demons Under 18's SL2,Gawler Eagles,Northern Demons,3,2,1,1,,,home-win,90
Pmj27VGxQm,HPG Homes State League 2 North - Under 18's,U18,SL2,False,2026-07-15 18:45,R12,Angle Vale Community Sports Centre,Angle Vale Under 18's SL2,Gawler Eagles Under 18's SL2,Angle Vale,Gawler Eagles,0,5,0,1,,,away-win,90
lNbJjyGgoN,HPG Homes State League 2 North - Under 18's,U18,SL2,False,2026-07-18 10:30,R15,Barossa United Stadium,Barossa United Under 18's SL2,Angle Vale Under 18's SL2,Barossa United,Angle Vale,4,1,0,1,,,home-win,90
pmvvwVpArm,HPG Homes State League 2 North - Under 18's,U18,SL2,False,2026-07-18 10:30,R15,Byrne Park,Northern Demons Under 18's SL2,Pontian Eagles Under 18's SL2,Northern Demons,Pontian Eagles,2,1,2,0,,,home-win,90
nmYnZxgErN,HPG Homes State League 2 North - Under 18's,U18,SL2,False,2026-07-18 10:30,R15,Ngarrpadla Josie Agius Reserve (Taperoo Reserve),Port Adelaide Under 18's SL2,Modbury Vista Under 18's SL2,Port Adelaide,Modbury Vista,1,3,0,1,,,away-win,90
pmvvwVpLLm,HPG Homes State League 2 North - Under 18's,U18,SL2,False,2026-07-18 10:30,R15,Argana Park,Elizabeth Downs Soccer Club Under 18's SL2,Elizabeth Grove Under 18's SL2,Elizabeth Downs Soccer Club,Elizabeth Grove,2,0,0,0,,,home-win,90
Pmj27rzrjm,HPG Homes State League 2 North - Under 18's,U18,SL2,False,2026-07-18 10:30,R15,Underdown Park,Salisbury Inter Under 18's SL2,Gawler Eagles Under 18's SL2,Salisbury Inter,Gawler Eagles,4,1,1,1,,,home-win,90
nmYnZqoPDN,HPG Homes State League 2 North - Under 18's,U18,SL2,False,2026-07-21 19:45,R11,Terry Kalaitsidis Park,Pontian Eagles Under 18's SL2,Modbury Vista Under 18's SL2,Pontian Eagles,Modbury Vista,2,7,1,4,,,away-win,90
lNbJjn77yN,HPG Homes State League 2 North - Under 18's,U18,SL2,False,2026-07-22 18:15,R11,Argana Park,Elizabeth Downs Soccer Club Under 18's SL2,Angle Vale Under 18's SL2,Elizabeth Downs Soccer Club,Angle Vale,4,2,2,0,,,home-win,90
PmrGql8lAN,HPG Homes State League 2 North - Under 18's,U18,SL2,False,2026-07-25 10:30,R16,Angle Vale Community Sports Centre,Angle Vale Under 18's SL2,Pontian Eagles Under 18's SL2,Angle Vale,Pontian Eagles,2,1,2,0,,,home-win,90
EN2pn3g3rd,HPG Homes State League 2 North - Under 18's,U18,SL2,False,2026-07-25 10:30,R16,Barossa United Stadium,Barossa United Under 18's SL2,Modbury Vista Under 18's SL2,Barossa United,Modbury Vista,1,10,1,4,,,away-win,90
OmepXPnajd,HPG Homes State League 2 North - Under 18's,U18,SL2,False,2026-07-25 10:30,R16,Karbeethan Reserve,Gawler Eagles Under 18's SL2,Port Adelaide Under 18's SL2,Gawler Eagles,Port Adelaide,1,6,0,3,,,away-win,90
4KLlzkY9LK,HPG Homes State League 2 North - Under 18's,U18,SL2,False,2026-07-25 10:30,R16,Underdown Park,Salisbury Inter Under 18's SL2,Elizabeth Downs Soccer Club Under 18's SL2,Salisbury Inter,Elizabeth Downs Soccer Club,2,0,1,0,,,home-win,90
8NO5XY9Yzd,HPG Homes State League 2 North - Under 18's,U18,SL2,False,2026-07-25 11:00,R16,Dauntsey Reserve,Elizabeth Grove Under 18's SL2,Northern Demons Under 18's SL2,Elizabeth Grove,Northern Demons,4,3,2,2,,,home-win,90
MNGJxDYVQm,HPG Homes State League 2 North - Under 18's,U18,SL2,False,2026-08-01 10:30,R17,Terry Kalaitsidis Park,Pontian Eagles Under 18's SL2,Elizabeth Grove Under 18's SL2,Pontian Eagles,Elizabeth Grove,2,2,0,1,,,draw,90
ld454xzPOm,HPG Homes State League 2 North - Under 18's,U18,SL2,False,2026-08-01 10:30,R17,Karbeethan Reserve,Gawler Eagles Under 18's SL2,Barossa United Under 18's SL2,Gawler Eagles,Barossa United,3,1,1,1,,,home-win,90
lNbJjyGVgN,HPG Homes State League 2 North - Under 18's,U18,SL2,False,2026-08-01 10:30,R17,Ngarrpadla Josie Agius Reserve (Taperoo Reserve),Port Adelaide Under 18's SL2,Elizabeth Downs Soccer Club Under 18's SL2,Port Adelaide,Elizabeth Downs Soccer Club,0,3,0,2,,,away-win,90
2Kp0p4JXOK,HPG Homes State League 2 North - Under 18's,U18,SL2,False,2026-08-01 11:00,R17,Newspot Stadium,Modbury Vista Under 18's SL2,Angle Vale Under 18's SL2,Modbury Vista,Angle Vale,12,1,4,0,,,home-win,90
vmZp9j8EBK,HPG Homes State League 2 North - Under 18's,U18,SL2,False,2026-08-01 11:00,R17,Underdown Park,Salisbury Inter Under 18's SL2,Northern Demons Under 18's SL2,Salisbury Inter,Northern Demons,4,1,0,1,,,home-win,90
BdDb9w0k4N,HPG Homes State League 2 North - Under 18's,U18,SL2,False,2026-08-06 18:00,R18,Terry Kalaitsidis Park,Pontian Eagles Under 18's SL2,Salisbury Inter Under 18's SL2,Pontian Eagles,Salisbury Inter,1,1,0,0,,,draw,90
jmazB7JWVN,HPG Homes State League 2 North - Under 18's,U18,SL2,False,2026-08-08 10:30,R18,Dauntsey Reserve,Elizabeth Grove Under 18's SL2,Angle Vale Under 18's SL2,Elizabeth Grove,Angle Vale,3,3,1,1,,,draw,90
pN6R9bqlQN,HPG Homes State League 2 North - Under 18's,U18,SL2,False,2026-08-08 10:30,R18,Newspot Stadium,Modbury Vista Under 18's SL2,Gawler Eagles Under 18's SL2,Modbury Vista,Gawler Eagles,9,1,5,1,,,home-win,90
1K3pvoy4Ld,HPG Homes State League 2 North - Under 18's,U18,SL2,False,2026-08-08 10:30,R18,Argana Park,Elizabeth Downs Soccer Club Under 18's SL2,Barossa United Under 18's SL2,Elizabeth Downs Soccer Club,Barossa United,8,2,3,1,,,home-win,90
jdywlRD4DN,HPG Homes State League 2 North - Under 18's,U18,SL2,False,2026-08-08 10:30,R18,Byrne Park,Northern Demons Under 18's SL2,Port Adelaide Under 18's SL2,Northern Demons,Port Adelaide,1,7,0,1,,,away-win,90
vmZp9XQ00K,HPG Homes State League 2 South,SEN,SL2,False,2026-03-13 19:00,R1,Summit Sport and Recreation Park,Mount Barker United Senior Men's SL2,Noarlunga United Senior Men's SL2,Mount Barker United,Noarlunga United,0,0,0,0,,,draw,90
MNGJxjOEpm,HPG Homes State League 2 South,SEN,SL2,False,2026-03-13 20:00,R1,University Ovals,Adelaide University Senior Men's SL2,Plympton FC Senior Men's SL2,Adelaide University,Plympton FC,5,1,3,0,,,home-win,90
am14Qr6MZd,HPG Homes State League 2 South,SEN,SL2,False,2026-03-14 17:00,R1,Karingal Reserve,Seaford Rangers Senior Men's SL2,Western Strikers Senior Men's SL2,Seaford Rangers,Western Strikers,2,4,0,3,,,away-win,90
ld454Dr3Gm,HPG Homes State League 2 South,SEN,SL2,False,2026-03-14 18:00,R1,Ferryden Park Reserve,Ghan United Senior Men's SL2,Vipers FC Senior Men's SL2,Ghan United,Vipers FC,0,1,0,0,,,away-win,90
lNbJjoXPXN,HPG Homes State League 2 South,SEN,SL2,False,2026-03-14 18:00,R1,West Beach Parks Football Centre,Adelaide Titans Football Club Senior Men's SL2,Adelaide Hills Hawks Senior Men's SL2,Adelaide Titans Football Club,Adelaide Hills Hawks,2,1,1,0,,,home-win,90
gdM6EgRQxm,HPG Homes State League 2 South,SEN,SL2,False,2026-03-20 19:45,R2,Carnegie Reserve,Western Strikers Senior Men's SL2,Adelaide University Senior Men's SL2,Western Strikers,Adelaide University,1,3,1,1,,,away-win,90
nmYnZYDpaN,HPG Homes State League 2 South,SEN,SL2,False,2026-03-21 15:00,R2,Evian Football Park @ St Clair Oval,Vipers FC Senior Men's SL2,Adelaide Hills Hawks Senior Men's SL2,Vipers FC,Adelaide Hills Hawks,2,0,0,0,,,home-win,90
jmazB3YP6N,HPG Homes State League 2 South,SEN,SL2,False,2026-03-21 17:00,R2,Karingal Reserve,Seaford Rangers Senior Men's SL2,Ghan United Senior Men's SL2,Seaford Rangers,Ghan United,5,0,2,0,,,home-win,90
8NO5XyZJ7d,HPG Homes State League 2 South,SEN,SL2,False,2026-03-21 18:00,R2,West Beach Parks Football Centre,Adelaide Titans Football Club Senior Men's SL2,Mount Barker United Senior Men's SL2,Adelaide Titans Football Club,Mount Barker United,5,2,3,0,,,home-win,90
pmvvw2435m,HPG Homes State League 2 South,SEN,SL2,False,2026-03-21 19:00,R2,Wilfred Taylor Reserve,Noarlunga United Senior Men's SL2,Plympton FC Senior Men's SL2,Noarlunga United,Plympton FC,2,0,1,0,,,home-win,90
4KLlzAe8gK,HPG Homes State League 2 South,SEN,SL2,False,2026-03-27 20:00,R3,University Ovals,Adelaide University Senior Men's SL2,Noarlunga United Senior Men's SL2,Adelaide University,Noarlunga United,0,0,0,0,,,draw,90
PmrGq2DAPN,HPG Homes State League 2 South,SEN,SL2,False,2026-03-28 14:30,R3,Jack Smith Park,Plympton FC Senior Men's SL2,Adelaide Titans Football Club Senior Men's SL2,Plympton FC,Adelaide Titans Football Club,2,3,1,1,,,away-win,90
pN6R9n2LpN,HPG Homes State League 2 South,SEN,SL2,False,2026-03-28 15:00,R3,Hawks Nest,Adelaide Hills Hawks Senior Men's SL2,Seaford Rangers Senior Men's SL2,Adelaide Hills Hawks,Seaford Rangers,1,2,1,2,,,away-win,90
EN2pnr7Y7d,HPG Homes State League 2 South,SEN,SL2,False,2026-03-28 15:00,R3,Summit Sport and Recreation Park,Mount Barker United Senior Men's SL2,Vipers FC Senior Men's SL2,Mount Barker United,Vipers FC,0,3,0,0,,,away-win,90
OmepXbeGbd,HPG Homes State League 2 South,SEN,SL2,False,2026-03-28 17:00,R3,Ferryden Park Reserve,Ghan United Senior Men's SL2,Western Strikers Senior Men's SL2,Ghan United,Western Strikers,1,0,0,0,,,home-win,90
8NO5XyZ7bd,HPG Homes State League 2 South,SEN,SL2,False,2026-04-10 19:45,R4,Carnegie Reserve,Western Strikers Senior Men's SL2,Noarlunga United Senior Men's SL2,Western Strikers,Noarlunga United,1,2,1,0,,,away-win,90
4KLlzAee1K,HPG Homes State League 2 South,SEN,SL2,False,2026-04-10 20:00,R4,University Ovals,Adelaide University Senior Men's SL2,Adelaide Titans Football Club Senior Men's SL2,Adelaide University,Adelaide Titans Football Club,1,2,0,1,,,away-win,90
2Kp0p2LLBK,HPG Homes State League 2 South,SEN,SL2,False,2026-04-11 14:00,R4,Jack Smith Park,Plympton FC Senior Men's SL2,Vipers FC Senior Men's SL2,Plympton FC,Vipers FC,1,4,1,3,,,away-win,90
OmepXbe91d,HPG Homes State League 2 South,SEN,SL2,False,2026-04-11 17:00,R4,Ferryden Park Reserve,Ghan United Senior Men's SL2,Adelaide Hills Hawks Senior Men's SL2,Ghan United,Adelaide Hills Hawks,3,2,1,2,,,home-win,90
pN6R9n22DN,HPG Homes State League 2 South,SEN,SL2,False,2026-04-11 17:00,R4,Karingal Reserve,Seaford Rangers Senior Men's SL2,Mount Barker United Senior Men's SL2,Seaford Rangers,Mount Barker United,8,3,4,0,,,home-win,90
BdDb93443N,HPG Homes State League 2 South,SEN,SL2,False,2026-04-18 15:00,R5,Hawks Nest,Adelaide Hills Hawks Senior Men's SL2,Western Strikers Senior Men's SL2,Adelaide Hills Hawks,Western Strikers,3,4,0,1,,,away-win,90
MNGJxjOObm,HPG Homes State League 2 South,SEN,SL2,False,2026-04-18 15:00,R5,West Beach Parks Football Centre,Adelaide Titans Football Club Senior Men's SL2,Noarlunga United Senior Men's SL2,Adelaide Titans Football Club,Noarlunga United,2,0,2,0,,,home-win,90
ld454Drjpm,HPG Homes State League 2 South,SEN,SL2,False,2026-04-18 15:00,R5,Summit Sport and Recreation Park,Mount Barker United Senior Men's SL2,Ghan United Senior Men's SL2,Mount Barker United,Ghan United,0,6,0,3,,,away-win,90
vmZp9XQkLK,HPG Homes State League 2 South,SEN,SL2,False,2026-04-18 15:00,R5,Evian Football Park @ St Clair Oval,Vipers FC Senior Men's SL2,Adelaide University Senior Men's SL2,Vipers FC,Adelaide University,0,0,0,0,,,draw,90
lNbJjoXRAN,HPG Homes State League 2 South,SEN,SL2,False,2026-04-18 17:00,R5,Karingal Reserve,Seaford Rangers Senior Men's SL2,Plympton FC Senior Men's SL2,Seaford Rangers,Plympton FC,0,1,0,1,,,away-win,90
pmvvw24gDm,HPG Homes State League 2 South,SEN,SL2,False,2026-05-01 19:30,R6,Wilfred Taylor Reserve,Noarlunga United Senior Men's SL2,Vipers FC Senior Men's SL2,Noarlunga United,Vipers FC,3,2,1,1,,,home-win,90
Pmj27goRAm,HPG Homes State League 2 South,SEN,SL2,False,2026-05-01 20:00,R6,University Ovals,Adelaide University Senior Men's SL2,Seaford Rangers Senior Men's SL2,Adelaide University,Seaford Rangers,0,2,0,2,,,away-win,90
gdM6EgRrDm,HPG Homes State League 2 South,SEN,SL2,False,2026-05-02 14:45,R6,Carnegie Reserve,Western Strikers Senior Men's SL2,Adelaide Titans Football Club Senior Men's SL2,Western Strikers,Adelaide Titans Football Club,2,1,1,0,,,home-win,90
jmazB3YeAN,HPG Homes State League 2 South,SEN,SL2,False,2026-05-02 15:00,R6,Hawks Nest,Adelaide Hills Hawks Senior Men's SL2,Mount Barker United Senior Men's SL2,Adelaide Hills Hawks,Mount Barker United,6,1,5,0,,,home-win,90
nmYnZYDLyN,HPG Homes State League 2 South,SEN,SL2,False,2026-05-02 17:00,R6,Ferryden Park Reserve,Ghan United Senior Men's SL2,Plympton FC Senior Men's SL2,Ghan United,Plympton FC,1,0,0,0,,,home-win,90
PmrGq2DWRN,HPG Homes State League 2 South,SEN,SL2,False,2026-05-08 20:00,R7,Wilfred Taylor Reserve,Noarlunga United Senior Men's SL2,Seaford Rangers Senior Men's SL2,Noarlunga United,Seaford Rangers,0,2,0,1,,,away-win,90
EN2pnr793d,HPG Homes State League 2 South,SEN,SL2,False,2026-05-08 20:00,R7,University Ovals,Adelaide University Senior Men's SL2,Ghan United Senior Men's SL2,Adelaide University,Ghan United,1,6,0,2,,,away-win,90
emAneRQG8N,HPG Homes State League 2 South,SEN,SL2,False,2026-05-09 15:00,R7,Hawks Nest,Adelaide Hills Hawks Senior Men's SL2,Plympton FC Senior Men's SL2,Adelaide Hills Hawks,Plympton FC,4,1,1,0,,,home-win,90
pmvvw24nrm,HPG Homes State League 2 South,SEN,SL2,False,2026-05-09 15:00,R7,Summit Sport and Recreation Park,Mount Barker United Senior Men's SL2,Western Strikers Senior Men's SL2,Mount Barker United,Western Strikers,3,4,0,2,,,away-win,90
nmYnZYDvrN,HPG Homes State League 2 South,SEN,SL2,False,2026-05-09 15:00,R7,West Beach Parks Football Centre,Adelaide Titans Football Club Senior Men's SL2,Vipers FC Senior Men's SL2,Adelaide Titans Football Club,Vipers FC,0,2,0,1,,,away-win,90
OmepXbeZ6d,HPG Homes State League 2 South,SEN,SL2,False,2026-05-16 15:00,R8,Evian Football Park @ St Clair Oval,Vipers FC Senior Men's SL2,Seaford Rangers Senior Men's SL2,Vipers FC,Seaford Rangers,0,3,0,1,,,away-win,90
4KLlzAeqRK,HPG Homes State League 2 South,SEN,SL2,False,2026-05-16 15:00,R8,Summit Sport and Recreation Park,Mount Barker United Senior Men's SL2,Adelaide University Senior Men's SL2,Mount Barker United,Adelaide University,1,1,1,1,,,draw,90
2Kp0p2L36K,HPG Homes State League 2 South,SEN,SL2,False,2026-05-16 15:00,R8,Hawks Nest,Adelaide Hills Hawks Senior Men's SL2,Noarlunga United Senior Men's SL2,Adelaide Hills Hawks,Noarlunga United,3,2,2,1,,,home-win,90
pN6R9n2aON,HPG Homes State League 2 South,SEN,SL2,False,2026-05-16 18:00,R8,West Beach Parks Football Centre,Adelaide Titans Football Club Senior Men's SL2,Ghan United Senior Men's SL2,Adelaide Titans Football Club,Ghan United,2,3,1,0,,,away-win,90
BdDb934q8N,HPG Homes State League 2 South,SEN,SL2,False,2026-05-22 19:30,R9,Evian Football Park @ St Clair Oval,Vipers FC Senior Men's SL2,Western Strikers Senior Men's SL2,Vipers FC,Western Strikers,2,0,0,0,,,home-win,90
bd9pWk7a5K,HPG Homes State League 2 South,SEN,SL2,False,2026-05-23 14:30,R9,Jack Smith Park,Plympton FC Senior Men's SL2,Mount Barker United Senior Men's SL2,Plympton FC,Mount Barker United,4,0,3,0,,,home-win,90
1K3pvG7aod,HPG Homes State League 2 South,SEN,SL2,False,2026-05-23 15:00,R9,Karingal Reserve,Seaford Rangers Senior Men's SL2,Adelaide Titans Football Club Senior Men's SL2,Seaford Rangers,Adelaide Titans Football Club,4,0,1,0,,,home-win,90
jdywl2ObqN,HPG Homes State League 2 South,SEN,SL2,False,2026-05-23 15:00,R9,Hawks Nest,Adelaide Hills Hawks Senior Men's SL2,Adelaide University Senior Men's SL2,Adelaide Hills Hawks,Adelaide University,0,2,0,2,,,away-win,90
am14Qr6wkd,HPG Homes State League 2 South,SEN,SL2,False,2026-05-23 15:00,R9,Wilfred Taylor Reserve,Noarlunga United Senior Men's SL2,Ghan United Senior Men's SL2,Noarlunga United,Ghan United,4,1,3,0,,,home-win,90
MNGJxjO2Em,HPG Homes State League 2 South,SEN,SL2,False,2026-05-29 19:45,R10,Carnegie Reserve,Western Strikers Senior Men's SL2,Seaford Rangers Senior Men's SL2,Western Strikers,Seaford Rangers,4,2,2,0,,,home-win,90
ld454Drwrm,HPG Homes State League 2 South,SEN,SL2,False,2026-05-30 14:30,R10,Jack Smith Park,Plympton FC Senior Men's SL2,Adelaide University Senior Men's SL2,Plympton FC,Adelaide University,0,6,0,2,,,away-win,90
pmvvw24oLm,HPG Homes State League 2 South,SEN,SL2,False,2026-05-30 15:00,R10,Evian Football Park @ St Clair Oval,Vipers FC Senior Men's SL2,Ghan United Senior Men's SL2,Vipers FC,Ghan United,1,0,0,0,,,home-win,90
nmYnZYD2bN,HPG Homes State League 2 South,SEN,SL2,False,2026-05-30 15:00,R10,Wilfred Taylor Reserve,Noarlunga United Senior Men's SL2,Mount Barker United Senior Men's SL2,Noarlunga United,Mount Barker United,1,0,0,0,,,home-win,90
Pmj27goDjm,HPG Homes State League 2 South,SEN,SL2,False,2026-05-30 15:00,R10,Hawks Nest,Adelaide Hills Hawks Senior Men's SL2,Adelaide Titans Football Club Senior Men's SL2,Adelaide Hills Hawks,Adelaide Titans Football Club,1,3,0,0,,,away-win,90
EN2pnr7Vrd,HPG Homes State League 2 South,SEN,SL2,False,2026-06-12 19:30,R11,ServiceFM Stadium,Adelaide University Senior Men's SL2,Mount Barker United Senior Men's SL2,Adelaide University,Mount Barker United,5,0,3,0,,,home-win,90
emAneRQg9N,HPG Homes State League 2 South,SEN,SL2,False,2026-06-12 19:45,R11,Carnegie Reserve,Western Strikers Senior Men's SL2,Plympton FC Senior Men's SL2,Western Strikers,Plympton FC,7,3,2,3,,,home-win,90
PmrGq2DYAN,HPG Homes State League 2 South,SEN,SL2,False,2026-06-13 15:00,R11,Karingal Reserve,Seaford Rangers Senior Men's SL2,Vipers FC Senior Men's SL2,Seaford Rangers,Vipers FC,2,1,0,0,,,home-win,90
nmYnZYDP1N,HPG Homes State League 2 South,SEN,SL2,False,2026-06-13 15:00,R11,Wilfred Taylor Reserve,Noarlunga United Senior Men's SL2,Adelaide Hills Hawks Senior Men's SL2,Noarlunga United,Adelaide Hills Hawks,3,0,2,0,,,home-win,90
pmvvw24L0m,HPG Homes State League 2 South,SEN,SL2,False,2026-06-13 17:00,R11,Ferryden Park Reserve,Ghan United Senior Men's SL2,Adelaide Titans Football Club Senior Men's SL2,Ghan United,Adelaide Titans Football Club,1,0,1,0,,,home-win,90
PmrGq2DjjN,HPG Homes State League 2 South,SEN,SL2,False,2026-06-20 14:30,R12,Jack Smith Park,Plympton FC Senior Men's SL2,Noarlunga United Senior Men's SL2,Plympton FC,Noarlunga United,0,8,0,6,,,away-win,90
Pmj27go9Pm,HPG Homes State League 2 South,SEN,SL2,False,2026-06-20 15:00,R12,Regency Park,Adelaide University Senior Men's SL2,Western Strikers Senior Men's SL2,Adelaide University,Western Strikers,1,2,0,0,,,away-win,90
8NO5XyZY1d,HPG Homes State League 2 South,SEN,SL2,False,2026-06-20 15:00,R12,Summit Sport and Recreation Park,Mount Barker United Senior Men's SL2,Adelaide Titans Football Club Senior Men's SL2,Mount Barker United,Adelaide Titans Football Club,3,2,1,1,,,home-win,90
emAneRQlQN,HPG Homes State League 2 South,SEN,SL2,False,2026-06-20 17:00,R12,Ferryden Park Reserve,Ghan United Senior Men's SL2,Seaford Rangers Senior Men's SL2,Ghan United,Seaford Rangers,3,0,0,0,,,home-win,90
BdDb934wQN,HPG Homes State League 2 South,SEN,SL2,False,2026-06-27 15:00,R13,Carnegie Reserve,Western Strikers Senior Men's SL2,Ghan United Senior Men's SL2,Western Strikers,Ghan United,3,5,2,4,,,away-win,90
bd9pWk7LZK,HPG Homes State League 2 South,SEN,SL2,False,2026-06-27 15:00,R13,Wilfred Taylor Reserve,Noarlunga United Senior Men's SL2,Adelaide University Senior Men's SL2,Noarlunga United,Adelaide University,0,3,0,2,,,away-win,90
1K3pvG7oGd,HPG Homes State League 2 South,SEN,SL2,False,2026-06-27 15:00,R13,Karingal Reserve,Seaford Rangers Senior Men's SL2,Adelaide Hills Hawks Senior Men's SL2,Seaford Rangers,Adelaide Hills Hawks,4,1,2,1,,,home-win,90
jdywl2ORPN,HPG Homes State League 2 South,SEN,SL2,False,2026-06-27 15:00,R13,West Beach Parks Football Centre,Adelaide Titans Football Club Senior Men's SL2,Plympton FC Senior Men's SL2,Adelaide Titans Football Club,Plympton FC,1,2,1,1,,,away-win,90
am14Qr6Bnd,HPG Homes State League 2 South,SEN,SL2,False,2026-06-27 15:00,R13,Evian Football Park @ St Clair Oval,Vipers FC Senior Men's SL2,Mount Barker United Senior Men's SL2,Vipers FC,Mount Barker United,1,0,1,0,,,home-win,90
lNbJjoX8gN,HPG Homes State League 2 South,SEN,SL2,False,2026-07-03 20:15,R14,ServiceFM Stadium,Adelaide University Senior Men's SL2,Adelaide Hills Hawks Senior Men's SL2,Adelaide University,Adelaide Hills Hawks,5,1,2,1,,,home-win,90
ld454Drg0m,HPG Homes State League 2 South,SEN,SL2,False,2026-07-04 15:00,R14,Summit Sport and Recreation Park,Mount Barker United Senior Men's SL2,Plympton FC Senior Men's SL2,Mount Barker United,Plympton FC,3,0,2,0,,,home-win,90
vmZp9XQgRK,HPG Homes State League 2 South,SEN,SL2,False,2026-07-04 15:00,R14,West Beach Parks Football Centre,Adelaide Titans Football Club Senior Men's SL2,Seaford Rangers Senior Men's SL2,Adelaide Titans Football Club,Seaford Rangers,3,3,2,0,,,draw,90
gdM6EgR3Om,HPG Homes State League 2 South,SEN,SL2,False,2026-07-04 17:00,R14,Ferryden Park Reserve,Ghan United Senior Men's SL2,Noarlunga United Senior Men's SL2,Ghan United,Noarlunga United,1,0,1,0,,,home-win,90
8NO5XyZLnd,HPG Homes State League 2 South,SEN,SL2,False,2026-07-10 20:00,R8,Jack Smith Park,Plympton FC Senior Men's SL2,Western Strikers Senior Men's SL2,Plympton FC,Western Strikers,0,7,0,5,,,away-win,90
MNGJxjOlLm,HPG Homes State League 2 South,SEN,SL2,False,2026-07-14 19:30,R14,Carnegie Reserve,Western Strikers Senior Men's SL2,Vipers FC Senior Men's SL2,Western Strikers,Vipers FC,2,3,1,1,,,away-win,90
jmazB3YaVN,HPG Homes State League 2 South,SEN,SL2,False,2026-07-18 15:00,R15,Hawks Nest,Adelaide Hills Hawks Senior Men's SL2,Ghan United Senior Men's SL2,Adelaide Hills Hawks,Ghan United,1,2,1,1,,,away-win,90
pmvvw24x6m,HPG Homes State League 2 South,SEN,SL2,False,2026-07-18 15:00,R15,Summit Sport and Recreation Park,Mount Barker United Senior Men's SL2,Seaford Rangers Senior Men's SL2,Mount Barker United,Seaford Rangers,1,4,1,2,,,away-win,90
nmYnZYD6pN,HPG Homes State League 2 South,SEN,SL2,False,2026-07-18 15:00,R15,Evian Football Park @ St Clair Oval,Vipers FC Senior Men's SL2,Plympton FC Senior Men's SL2,Vipers FC,Plympton FC,9,1,5,0,,,home-win,90
pmvvw24Yym,HPG Homes State League 2 South,SEN,SL2,False,2026-07-18 15:00,R15,West Beach Parks Football Centre,Adelaide Titans Football Club Senior Men's SL2,Adelaide University Senior Men's SL2,Adelaide Titans Football Club,Adelaide University,0,3,0,2,,,away-win,90
nmYnZYDQzN,HPG Homes State League 2 South,SEN,SL2,False,2026-07-18 19:30,R15,Wilfred Taylor Reserve,Noarlunga United Senior Men's SL2,Western Strikers Senior Men's SL2,Noarlunga United,Western Strikers,2,3,0,2,,,away-win,90
EN2pnr7yBd,HPG Homes State League 2 South,SEN,SL2,False,2026-07-21 19:30,R12,Hawks Nest,Adelaide Hills Hawks Senior Men's SL2,Vipers FC Senior Men's SL2,Adelaide Hills Hawks,Vipers FC,0,1,0,1,,,away-win,90
emAneRQjBN,HPG Homes State League 2 South,SEN,SL2,False,2026-07-24 19:30,R16,Summit Sport and Recreation Park,Mount Barker United Senior Men's SL2,Adelaide Hills Hawks Senior Men's SL2,Mount Barker United,Adelaide Hills Hawks,2,1,2,1,,,home-win,90
EN2pnr74Vd,HPG Homes State League 2 South,SEN,SL2,False,2026-07-25 14:30,R16,Jack Smith Park,Plympton FC Senior Men's SL2,Ghan United Senior Men's SL2,Plympton FC,Ghan United,2,6,2,4,,,away-win,90
Pmj27gox6m,HPG Homes State League 2 South,SEN,SL2,False,2026-07-25 15:00,R16,West Beach Parks Football Centre,Adelaide Titans Football Club Senior Men's SL2,Western Strikers Senior Men's SL2,Adelaide Titans Football Club,Western Strikers,1,2,0,0,,,away-win,90
8NO5XyZ6kd,HPG Homes State League 2 South,SEN,SL2,False,2026-07-25 15:00,R16,Karingal Reserve,Seaford Rangers Senior Men's SL2,Adelaide University Senior Men's SL2,Seaford Rangers,Adelaide University,4,2,4,2,,,home-win,90
PmrGq2D7XN,HPG Homes State League 2 South,SEN,SL2,False,2026-07-27 19:30,R16,Evian Football Park @ St Clair Oval,Vipers FC Senior Men's SL2,Noarlunga United Senior Men's SL2,Vipers FC,Noarlunga United,2,1,1,0,,,home-win,90
OmepXbeE0d,HPG Homes State League 2 South,SEN,SL2,False,2026-07-31 19:45,R17,Carnegie Reserve,Western Strikers Senior Men's SL2,Mount Barker United Senior Men's SL2,Western Strikers,Mount Barker United,6,0,2,0,,,home-win,90
pN6R9n2WAN,HPG Homes State League 2 South,SEN,SL2,False,2026-08-01 14:30,R17,Jack Smith Park,Plympton FC Senior Men's SL2,Adelaide Hills Hawks Senior Men's SL2,Plympton FC,Adelaide Hills Hawks,2,4,1,0,,,away-win,90
4KLlzAeB0K,HPG Homes State League 2 South,SEN,SL2,False,2026-08-01 15:00,R17,Evian Football Park @ St Clair Oval,Vipers FC Senior Men's SL2,Adelaide Titans Football Club Senior Men's SL2,Vipers FC,Adelaide Titans Football Club,1,0,1,0,,,home-win,90
2Kp0p2LY9K,HPG Homes State League 2 South,SEN,SL2,False,2026-08-01 15:00,R17,Karingal Reserve,Seaford Rangers Senior Men's SL2,Noarlunga United Senior Men's SL2,Seaford Rangers,Noarlunga United,2,2,2,0,,,draw,90
BdDb934lwN,HPG Homes State League 2 South,SEN,SL2,False,2026-08-01 15:00,R17,Ferryden Park Reserve,Ghan United Senior Men's SL2,Adelaide University Senior Men's SL2,Ghan United,Adelaide University,2,3,2,1,,,away-win,90
MNGJxjrQpm,HPG Homes State League 2 South,SEN,SL2,False,2026-08-08 15:00,R18,Carnegie Reserve,Western Strikers Senior Men's SL2,Adelaide Hills Hawks Senior Men's SL2,Western Strikers,Adelaide Hills Hawks,7,3,2,1,,,home-win,90
ld454DjkGm,HPG Homes State League 2 South,SEN,SL2,False,2026-08-08 15:00,R18,Wilfred Taylor Reserve,Noarlunga United Senior Men's SL2,Adelaide Titans Football Club Senior Men's SL2,Noarlunga United,Adelaide Titans Football Club,3,0,3,0,,,home-win,90
vmZp9Xkl0K,HPG Homes State League 2 South,SEN,SL2,False,2026-08-08 15:00,R18,Ferryden Park Reserve,Ghan United Senior Men's SL2,Mount Barker United Senior Men's SL2,Ghan United,Mount Barker United,3,2,3,0,,,home-win,90
lNbJjoR0XN,HPG Homes State League 2 South,SEN,SL2,False,2026-08-08 15:00,R18,T.K. Shutter Reserve,Adelaide University Senior Men's SL2,Vipers FC Senior Men's SL2,Adelaide University,Vipers FC,6,0,1,0,,,home-win,90
gdM6EgrOxm,HPG Homes State League 2 South,SEN,SL2,False,2026-08-08 15:00,R18,Jack Smith Park,Plympton FC Senior Men's SL2,Seaford Rangers Senior Men's SL2,Plympton FC,Seaford Rangers,0,1,0,0,,,away-win,90
MNGJxqq1Bm,HPG Homes State League 2 South - Reserves,RES,SL2,False,2026-03-14 12:45,R1,Summit Sport and Recreation Park,Mount Barker United Men's Reserves SL2,Noarlunga United Men's Reserves SL2,Mount Barker United,Noarlunga United,5,3,4,1,,,home-win,90
jdywlggpLN,HPG Homes State League 2 South - Reserves,RES,SL2,False,2026-03-14 13:45,R1,University Ovals,Adelaide University Men's Reserves SL2,Plympton FC Men's Reserves SL2,Adelaide University,Plympton FC,5,1,4,0,,,home-win,90
1K3pvaaVBd,HPG Homes State League 2 South - Reserves,RES,SL2,False,2026-03-14 14:45,R1,Karingal Reserve,Seaford Rangers Men's Reserves SL2,Western Strikers Men's Reserves SL2,Seaford Rangers,Western Strikers,0,3,0,1,,,away-win,90
ld454aa9em,HPG Homes State League 2 South - Reserves,RES,SL2,False,2026-03-14 15:30,R1,West Beach Parks Football Centre,Adelaide Titans Football Club Men's Reserves SL2,Adelaide Hills Hawks Men's Reserves SL2,Adelaide Titans Football Club,Adelaide Hills Hawks,2,5,2,2,,,away-win,90
am14QaaYzd,HPG Homes State League 2 South - Reserves,RES,SL2,False,2026-03-14 15:45,R1,Ferryden Park Reserve,Ghan United Men's Reserves SL2,Vipers FC Men's Reserves SL2,Ghan United,Vipers FC,0,4,0,2,,,away-win,90
pmvvwBBqDm,HPG Homes State League 2 South - Reserves,RES,SL2,False,2026-03-21 12:30,R2,Carnegie Reserve,Western Strikers Men's Reserves SL2,Adelaide University Men's Reserves SL2,Western Strikers,Adelaide University,5,2,4,0,,,home-win,90
emAne22P8N,HPG Homes State League 2 South - Reserves,RES,SL2,False,2026-03-21 12:45,R2,Evian Football Park @ St Clair Oval,Vipers FC Men's Reserves SL2,Adelaide Hills Hawks Men's Reserves SL2,Vipers FC,Adelaide Hills Hawks,7,1,3,1,,,home-win,90
nmYnZqqXyN,HPG Homes State League 2 South - Reserves,RES,SL2,False,2026-03-21 14:45,R2,Karingal Reserve,Seaford Rangers Men's Reserves SL2,Ghan United Men's Reserves SL2,Seaford Rangers,Ghan United,2,3,2,1,,,away-win,90
PmrGqxxZRN,HPG Homes State League 2 South - Reserves,RES,SL2,False,2026-03-21 15:30,R2,West Beach Parks Football Centre,Adelaide Titans Football Club Men's Reserves SL2,Mount Barker United Men's Reserves SL2,Adelaide Titans Football Club,Mount Barker United,1,2,1,1,,,away-win,90
Pmj27VVaAm,HPG Homes State League 2 South - Reserves,RES,SL2,False,2026-03-21 16:45,R2,Wilfred Taylor Reserve,Noarlunga United Men's Reserves SL2,Plympton FC Men's Reserves SL2,Noarlunga United,Plympton FC,4,0,1,0,,,home-win,90
4KLlzqq0DK,HPG Homes State League 2 South - Reserves,RES,SL2,False,2026-03-28 12:15,R3,Jack Smith Park,Plympton FC Men's Reserves SL2,Adelaide Titans Football Club Men's Reserves SL2,Plympton FC,Adelaide Titans Football Club,1,0,0,0,,,home-win,90
OmepXkkovd,HPG Homes State League 2 South - Reserves,RES,SL2,False,2026-03-28 12:45,R3,Hawks Nest,Adelaide Hills Hawks Men's Reserves SL2,Seaford Rangers Men's Reserves SL2,Adelaide Hills Hawks,Seaford Rangers,2,3,1,2,,,away-win,90
pN6R9aaJ2N,HPG Homes State League 2 South - Reserves,RES,SL2,False,2026-03-28 12:45,R3,Summit Sport and Recreation Park,Mount Barker United Men's Reserves SL2,Vipers FC Men's Reserves SL2,Mount Barker United,Vipers FC,1,3,0,2,,,away-win,90
8NO5XqqBad,HPG Homes State League 2 South - Reserves,RES,SL2,False,2026-03-28 13:45,R3,University Ovals,Adelaide University Men's Reserves SL2,Noarlunga United Men's Reserves SL2,Adelaide University,Noarlunga United,3,5,1,2,,,away-win,90
EN2pnaaD3d,HPG Homes State League 2 South - Reserves,RES,SL2,False,2026-03-28 14:45,R3,Ferryden Park Reserve,Ghan United Men's Reserves SL2,Western Strikers Men's Reserves SL2,Ghan United,Western Strikers,0,2,0,1,,,away-win,90
bd9pWaaj5K,HPG Homes State League 2 South - Reserves,RES,SL2,False,2026-04-11 11:45,R4,Jack Smith Park,Plympton FC Men's Reserves SL2,Vipers FC Men's Reserves SL2,Plympton FC,Vipers FC,2,2,1,1,,,draw,90
2Kp0p336oK,HPG Homes State League 2 South - Reserves,RES,SL2,False,2026-04-11 12:30,R4,Carnegie Reserve,Western Strikers Men's Reserves SL2,Noarlunga United Men's Reserves SL2,Western Strikers,Noarlunga United,7,1,4,1,,,home-win,90
8NO5Xqq4Bd,HPG Homes State League 2 South - Reserves,RES,SL2,False,2026-04-11 13:45,R4,University Ovals,Adelaide University Men's Reserves SL2,Adelaide Titans Football Club Men's Reserves SL2,Adelaide University,Adelaide Titans Football Club,0,1,0,0,,,away-win,90
BdDb9qqzGN,HPG Homes State League 2 South - Reserves,RES,SL2,False,2026-04-11 14:45,R4,Ferryden Park Reserve,Ghan United Men's Reserves SL2,Adelaide Hills Hawks Men's Reserves SL2,Ghan United,Adelaide Hills Hawks,2,4,1,2,,,away-win,90
BdDb9qqy8N,HPG Homes State League 2 South - Reserves,RES,SL2,False,2026-04-11 14:45,R4,Karingal Reserve,Seaford Rangers Men's Reserves SL2,Mount Barker United Men's Reserves SL2,Seaford Rangers,Mount Barker United,1,5,0,3,,,away-win,90
lNbJjnnRgN,HPG Homes State League 2 South - Reserves,RES,SL2,False,2026-04-18 12:30,R5,West Beach Parks Football Centre,Adelaide Titans Football Club Men's Reserves SL2,Noarlunga United Men's Reserves SL2,Adelaide Titans Football Club,Noarlunga United,0,4,0,0,,,away-win,90
vmZp9qqkRK,HPG Homes State League 2 South - Reserves,RES,SL2,False,2026-04-18 12:45,R5,Hawks Nest,Adelaide Hills Hawks Men's Reserves SL2,Western Strikers Men's Reserves SL2,Adelaide Hills Hawks,Western Strikers,1,2,0,1,,,away-win,90
gdM6Eqq9Om,HPG Homes State League 2 South - Reserves,RES,SL2,False,2026-04-18 12:45,R5,Summit Sport and Recreation Park,Mount Barker United Men's Reserves SL2,Ghan United Men's Reserves SL2,Mount Barker United,Ghan United,3,1,0,1,,,home-win,90
jmazBQQ4VN,HPG Homes State League 2 South - Reserves,RES,SL2,False,2026-04-18 12:45,R5,Evian Football Park @ St Clair Oval,Vipers FC Men's Reserves SL2,Adelaide University Men's Reserves SL2,Vipers FC,Adelaide University,0,1,0,0,,,away-win,90
pmvvwBBg6m,HPG Homes State League 2 South - Reserves,RES,SL2,False,2026-04-18 14:45,R5,Karingal Reserve,Seaford Rangers Men's Reserves SL2,Plympton FC Men's Reserves SL2,Seaford Rangers,Plympton FC,2,3,0,1,,,away-win,90
nmYnZqqLpN,HPG Homes State League 2 South - Reserves,RES,SL2,False,2026-05-02 12:30,R6,Carnegie Reserve,Western Strikers Men's Reserves SL2,Adelaide Titans Football Club Men's Reserves SL2,Western Strikers,Adelaide Titans Football Club,1,0,0,0,,,home-win,90
Pmj27VVRkm,HPG Homes State League 2 South - Reserves,RES,SL2,False,2026-05-02 12:45,R6,Hawks Nest,Adelaide Hills Hawks Men's Reserves SL2,Mount Barker United Men's Reserves SL2,Adelaide Hills Hawks,Mount Barker United,0,3,0,2,,,away-win,90
emAne22GMN,HPG Homes State League 2 South - Reserves,RES,SL2,False,2026-05-02 12:45,R6,Wilfred Taylor Reserve,Noarlunga United Men's Reserves SL2,Vipers FC Men's Reserves SL2,Noarlunga United,Vipers FC,1,0,1,0,,,home-win,90
EN2pnaaQld,HPG Homes State League 2 South - Reserves,RES,SL2,False,2026-05-02 13:45,R6,University Ovals,Adelaide University Men's Reserves SL2,Seaford Rangers Men's Reserves SL2,Adelaide University,Seaford Rangers,2,2,1,0,,,draw,90
PmrGqxxXVN,HPG Homes State League 2 South - Reserves,RES,SL2,False,2026-05-02 14:45,R6,Ferryden Park Reserve,Ghan United Men's Reserves SL2,Plympton FC Men's Reserves SL2,Ghan United,Plympton FC,2,2,0,0,,,draw,90
BdDb9qqj4N,HPG Homes State League 2 South - Reserves,RES,SL2,False,2026-05-09 12:30,R7,West Beach Parks Football Centre,Adelaide Titans Football Club Men's Reserves SL2,Vipers FC Men's Reserves SL2,Adelaide Titans Football Club,Vipers FC,1,4,0,0,,,away-win,90
8NO5Xqqnvd,HPG Homes State League 2 South - Reserves,RES,SL2,False,2026-05-09 12:45,R7,Summit Sport and Recreation Park,Mount Barker United Men's Reserves SL2,Western Strikers Men's Reserves SL2,Mount Barker United,Western Strikers,2,1,1,0,,,home-win,90
8NO5Xqqqkd,HPG Homes State League 2 South - Reserves,RES,SL2,False,2026-05-09 12:45,R7,Hawks Nest,Adelaide Hills Hawks Men's Reserves SL2,Plympton FC Men's Reserves SL2,Adelaide Hills Hawks,Plympton FC,2,0,2,0,,,home-win,90
OmepXkkk0d,HPG Homes State League 2 South - Reserves,RES,SL2,False,2026-05-09 12:45,R7,Wilfred Taylor Reserve,Noarlunga United Men's Reserves SL2,Seaford Rangers Men's Reserves SL2,Noarlunga United,Seaford Rangers,4,1,3,1,,,home-win,90
4KLlzqqq0K,HPG Homes State League 2 South - Reserves,RES,SL2,False,2026-05-09 13:45,R7,University Ovals,Adelaide University Men's Reserves SL2,Ghan United Men's Reserves SL2,Adelaide University,Ghan United,2,1,1,0,,,home-win,90
1K3pvaawOd,HPG Homes State League 2 South - Reserves,RES,SL2,False,2026-05-16 12:30,R8,Hawks Nest,Adelaide Hills Hawks Men's Reserves SL2,Noarlunga United Men's Reserves SL2,Adelaide Hills Hawks,Noarlunga United,0,3,0,2,,,away-win,90
2Kp0p3339K,HPG Homes State League 2 South - Reserves,RES,SL2,False,2026-05-16 12:45,R8,Evian Football Park @ St Clair Oval,Vipers FC Men's Reserves SL2,Seaford Rangers Men's Reserves SL2,Vipers FC,Seaford Rangers,5,0,2,0,,,home-win,90
BdDb9qqqwN,HPG Homes State League 2 South - Reserves,RES,SL2,False,2026-05-16 12:45,R8,Summit Sport and Recreation Park,Mount Barker United Men's Reserves SL2,Adelaide University Men's Reserves SL2,Mount Barker United,Adelaide University,3,1,1,1,,,home-win,90
bd9pWaa58K,HPG Homes State League 2 South - Reserves,RES,SL2,False,2026-05-16 15:30,R8,West Beach Parks Football Centre,Adelaide Titans Football Club Men's Reserves SL2,Ghan United Men's Reserves SL2,Adelaide Titans Football Club,Ghan United,1,0,0,0,,,home-win,90
pN6R9aaaAN,HPG Homes State League 2 South - Reserves,RES,SL2,False,2026-05-16 16:45,R8,Jack Smith Park,Plympton FC Men's Reserves SL2,Western Strikers Men's Reserves SL2,Plympton FC,Western Strikers,0,1,0,0,,,away-win,90
Pmj27Vkgjm,HPG Homes State League 2 South - Reserves,RES,SL2,False,2026-05-23 12:15,R9,Jack Smith Park,Plympton FC Men's Reserves SL2,Mount Barker United Men's Reserves SL2,Plympton FC,Mount Barker United,2,1,1,1,,,home-win,90
nmYnZq2ebN,HPG Homes State League 2 South - Reserves,RES,SL2,False,2026-05-23 12:45,R9,Evian Football Park @ St Clair Oval,Vipers FC Men's Reserves SL2,Western Strikers Men's Reserves SL2,Vipers FC,Western Strikers,4,3,0,0,,,home-win,90
emAne2wR9N,HPG Homes State League 2 South - Reserves,RES,SL2,False,2026-05-23 12:45,R9,Karingal Reserve,Seaford Rangers Men's Reserves SL2,Adelaide Titans Football Club Men's Reserves SL2,Seaford Rangers,Adelaide Titans Football Club,5,3,4,1,,,home-win,90
PmrGqxR2AN,HPG Homes State League 2 South - Reserves,RES,SL2,False,2026-05-23 12:45,R9,Wilfred Taylor Reserve,Noarlunga United Men's Reserves SL2,Ghan United Men's Reserves SL2,Noarlunga United,Ghan United,2,0,1,0,,,home-win,90
EN2pnawrrd,HPG Homes State League 2 South - Reserves,RES,SL2,False,2026-05-23 12:45,R9,Hawks Nest,Adelaide Hills Hawks Men's Reserves SL2,Adelaide University Men's Reserves SL2,Adelaide Hills Hawks,Adelaide University,0,3,0,2,,,away-win,90
BdDb9q2exN,HPG Homes State League 2 South - Reserves,RES,SL2,False,2026-05-30 12:15,R10,Jack Smith Park,Plympton FC Men's Reserves SL2,Adelaide University Men's Reserves SL2,Plympton FC,Adelaide University,1,1,1,0,,,draw,90
8NO5Xq2yzd,HPG Homes State League 2 South - Reserves,RES,SL2,False,2026-05-30 12:30,R10,Carnegie Reserve,Western Strikers Men's Reserves SL2,Seaford Rangers Men's Reserves SL2,Western Strikers,Seaford Rangers,8,0,1,0,,,home-win,90
bd9pWa5QeK,HPG Homes State League 2 South - Reserves,RES,SL2,False,2026-05-30 12:45,R10,Evian Football Park @ St Clair Oval,Vipers FC Men's Reserves SL2,Ghan United Men's Reserves SL2,Vipers FC,Ghan United,3,1,1,0,,,home-win,90
1K3pvaw8Rd,HPG Homes State League 2 South - Reserves,RES,SL2,False,2026-05-30 12:45,R10,Wilfred Taylor Reserve,Noarlunga United Men's Reserves SL2,Mount Barker United Men's Reserves SL2,Noarlunga United,Mount Barker United,1,0,0,0,,,home-win,90
jdywlgbk3N,HPG Homes State League 2 South - Reserves,RES,SL2,False,2026-05-30 12:45,R10,Hawks Nest,Adelaide Hills Hawks Men's Reserves SL2,Adelaide Titans Football Club Men's Reserves SL2,Adelaide Hills Hawks,Adelaide Titans Football Club,3,0,0,0,,,home-win,90
8NO5XqqjWd,HPG Homes State League 2 South - Reserves,RES,SL2,False,2026-06-13 12:45,R11,Karingal Reserve,Seaford Rangers Men's Reserves SL2,Vipers FC Men's Reserves SL2,Seaford Rangers,Vipers FC,2,6,1,2,,,away-win,90
MNGJxq2k2m,HPG Homes State League 2 South - Reserves,RES,SL2,False,2026-06-13 14:45,R11,Ferryden Park Reserve,Ghan United Men's Reserves SL2,Adelaide Titans Football Club Men's Reserves SL2,Ghan United,Adelaide Titans Football Club,1,1,1,0,,,draw,90
OmepXkkOyd,HPG Homes State League 2 South - Reserves,RES,SL2,False,2026-06-16 19:30,R11,Summit Sport and Recreation Park,Adelaide University Men's Reserves SL2,Mount Barker United Men's Reserves SL2,Adelaide University,Mount Barker United,3,4,2,1,,,away-win,90
gdM6Eq2DQm,HPG Homes State League 2 South - Reserves,RES,SL2,False,2026-06-20 12:15,R12,Jack Smith Park,Plympton FC Men's Reserves SL2,Noarlunga United Men's Reserves SL2,Plympton FC,Noarlunga United,1,2,0,0,,,away-win,90
vmZp9q2RJK,HPG Homes State League 2 South - Reserves,RES,SL2,False,2026-06-20 12:45,R12,Regency Park,Adelaide University Men's Reserves SL2,Western Strikers Men's Reserves SL2,Adelaide University,Western Strikers,1,2,1,0,,,away-win,90
pmvvwBoRLm,HPG Homes State League 2 South - Reserves,RES,SL2,False,2026-06-20 12:45,R12,Summit Sport and Recreation Park,Mount Barker United Men's Reserves SL2,Adelaide Titans Football Club Men's Reserves SL2,Mount Barker United,Adelaide Titans Football Club,0,2,0,1,,,away-win,90
lNbJjn2WDN,HPG Homes State League 2 South - Reserves,RES,SL2,False,2026-06-20 14:45,R12,Ferryden Park Reserve,Ghan United Men's Reserves SL2,Seaford Rangers Men's Reserves SL2,Ghan United,Seaford Rangers,2,0,1,0,,,home-win,90
jdywlgbZPN,HPG Homes State League 2 South - Reserves,RES,SL2,False,2026-06-27 12:30,R13,West Beach Parks Football Centre,Adelaide Titans Football Club Men's Reserves SL2,Plympton FC Men's Reserves SL2,Adelaide Titans Football Club,Plympton FC,1,2,1,1,,,away-win,90
ld454awaOm,HPG Homes State League 2 South - Reserves,RES,SL2,False,2026-06-27 12:45,R13,Carnegie Reserve,Western Strikers Men's Reserves SL2,Ghan United Men's Reserves SL2,Western Strikers,Ghan United,1,0,0,0,,,home-win,90
bd9pWa5oZK,HPG Homes State League 2 South - Reserves,RES,SL2,False,2026-06-27 12:45,R13,Wilfred Taylor Reserve,Noarlunga United Men's Reserves SL2,Adelaide University Men's Reserves SL2,Noarlunga United,Adelaide University,1,1,1,0,,,draw,90
1K3pvaw9Gd,HPG Homes State League 2 South - Reserves,RES,SL2,False,2026-06-27 12:45,R13,Karingal Reserve,Seaford Rangers Men's Reserves SL2,Adelaide Hills Hawks Men's Reserves SL2,Seaford Rangers,Adelaide Hills Hawks,1,5,1,3,,,away-win,90
am14QawLnd,HPG Homes State League 2 South - Reserves,RES,SL2,False,2026-06-27 12:45,R13,Evian Football Park @ St Clair Oval,Vipers FC Men's Reserves SL2,Mount Barker United Men's Reserves SL2,Vipers FC,Mount Barker United,6,1,4,0,,,home-win,90
pmvvwBoARm,HPG Homes State League 2 South - Reserves,RES,SL2,False,2026-07-04 12:30,R14,West Beach Parks Football Centre,Adelaide Titans Football Club Men's Reserves SL2,Seaford Rangers Men's Reserves SL2,Adelaide Titans Football Club,Seaford Rangers,5,1,1,0,,,home-win,90
ld454aw70m,HPG Homes State League 2 South - Reserves,RES,SL2,False,2026-07-04 12:45,R14,Summit Sport and Recreation Park,Mount Barker United Men's Reserves SL2,Plympton FC Men's Reserves SL2,Mount Barker United,Plympton FC,5,2,3,1,,,home-win,90
nmYnZq2E3N,HPG Homes State League 2 South - Reserves,RES,SL2,False,2026-07-04 12:45,R14,Regency Park,Adelaide University Men's Reserves SL2,Adelaide Hills Hawks Men's Reserves SL2,Adelaide University,Adelaide Hills Hawks,0,2,0,1,,,away-win,90
Pmj27VkG5m,HPG Homes State League 2 South - Reserves,RES,SL2,False,2026-07-04 14:45,R14,Ferryden Park Reserve,Ghan United Men's Reserves SL2,Noarlunga United Men's Reserves SL2,Ghan United,Noarlunga United,2,3,1,0,,,away-win,90
ld454awRxm,HPG Homes State League 2 South - Reserves,RES,SL2,False,2026-07-08 19:30,R11,Wilfred Taylor Reserve,Noarlunga United Men's Reserves SL2,Adelaide Hills Hawks Men's Reserves SL2,Noarlunga United,Adelaide Hills Hawks,2,0,0,0,,,home-win,90
EN2pnaaAZd,HPG Homes State League 2 South - Reserves,RES,SL2,False,2026-07-09 20:00,R11,Carnegie Reserve,Western Strikers Men's Reserves SL2,Plympton FC Men's Reserves SL2,Western Strikers,Plympton FC,4,0,2,0,,,home-win,90
OmepXkDzPd,HPG Homes State League 2 South - Reserves,RES,SL2,False,2026-07-18 12:30,R15,West Beach Parks Football Centre,Adelaide Titans Football Club Men's Reserves SL2,Adelaide University Men's Reserves SL2,Adelaide Titans Football Club,Adelaide University,1,3,1,0,,,away-win,90
emAne2w61N,HPG Homes State League 2 South - Reserves,RES,SL2,False,2026-07-18 12:45,R15,Hawks Nest,Adelaide Hills Hawks Men's Reserves SL2,Ghan United Men's Reserves SL2,Adelaide Hills Hawks,Ghan United,3,1,0,0,,,home-win,90
PmrGqxROEN,HPG Homes State League 2 South - Reserves,RES,SL2,False,2026-07-18 12:45,R15,Summit Sport and Recreation Park,Mount Barker United Men's Reserves SL2,Seaford Rangers Men's Reserves SL2,Mount Barker United,Seaford Rangers,5,1,1,1,,,home-win,90
EN2pnawzEd,HPG Homes State League 2 South - Reserves,RES,SL2,False,2026-07-18 12:45,R15,Evian Football Park @ St Clair Oval,Vipers FC Men's Reserves SL2,Plympton FC Men's Reserves SL2,Vipers FC,Plympton FC,5,0,2,0,,,home-win,90
pN6R9awMQN,HPG Homes State League 2 South - Reserves,RES,SL2,False,2026-07-18 17:15,R15,Wilfred Taylor Reserve,Noarlunga United Men's Reserves SL2,Western Strikers Men's Reserves SL2,Noarlunga United,Western Strikers,1,2,0,1,,,away-win,90
jmazBQ2bYN,HPG Homes State League 2 South - Reserves,RES,SL2,False,2026-07-22 20:15,R12,Hawks Nest,Adelaide Hills Hawks Men's Reserves SL2,Vipers FC Men's Reserves SL2,Adelaide Hills Hawks,Vipers FC,1,6,0,2,,,away-win,90
BdDb9q2X4N,HPG Homes State League 2 South - Reserves,RES,SL2,False,2026-07-25 12:15,R16,Jack Smith Park,Plympton FC Men's Reserves SL2,Ghan United Men's Reserves SL2,Plympton FC,Ghan United,2,1,1,1,,,home-win,90
8NO5Xq2O2d,HPG Homes State League 2 South - Reserves,RES,SL2,False,2026-07-25 12:30,R16,West Beach Parks Football Centre,Adelaide Titans Football Club Men's Reserves SL2,Western Strikers Men's Reserves SL2,Adelaide Titans Football Club,Western Strikers,0,3,0,1,,,away-win,90
4KLlzq2opK,HPG Homes State League 2 South - Reserves,RES,SL2,False,2026-07-25 12:45,R16,Summit Sport and Recreation Park,Mount Barker United Men's Reserves SL2,Adelaide Hills Hawks Men's Reserves SL2,Mount Barker United,Adelaide Hills Hawks,5,6,2,3,,,away-win,90
2Kp0p39oPK,HPG Homes State League 2 South - Reserves,RES,SL2,False,2026-07-25 12:45,R16,Evian Football Park @ St Clair Oval,Vipers FC Men's Reserves SL2,Noarlunga United Men's Reserves SL2,Vipers FC,Noarlunga United,4,1,3,0,,,home-win,90
MNGJxq2zzm,HPG Homes State League 2 South - Reserves,RES,SL2,False,2026-07-25 12:45,R16,Karingal Reserve,Seaford Rangers Men's Reserves SL2,Adelaide University Men's Reserves SL2,Seaford Rangers,Adelaide University,5,3,1,0,,,home-win,90
MNGJxq29Lm,HPG Homes State League 2 South - Reserves,RES,SL2,False,2026-07-28 19:45,R14,Carnegie Reserve,Western Strikers Men's Reserves SL2,Vipers FC Men's Reserves SL2,Western Strikers,Vipers FC,0,2,0,1,,,away-win,90
lNbJjn2OXN,HPG Homes State League 2 South - Reserves,RES,SL2,False,2026-08-01 12:15,R17,Jack Smith Park,Plympton FC Men's Reserves SL2,Adelaide Hills Hawks Men's Reserves SL2,Plympton FC,Adelaide Hills Hawks,1,4,1,2,,,away-win,90
ld454awQGm,HPG Homes State League 2 South - Reserves,RES,SL2,False,2026-08-01 12:30,R17,Carnegie Reserve,Western Strikers Men's Reserves SL2,Mount Barker United Men's Reserves SL2,Western Strikers,Mount Barker United,4,0,2,0,,,home-win,90
vmZp9q2G0K,HPG Homes State League 2 South - Reserves,RES,SL2,False,2026-08-01 12:45,R17,Evian Football Park @ St Clair Oval,Vipers FC Men's Reserves SL2,Adelaide Titans Football Club Men's Reserves SL2,Vipers FC,Adelaide Titans Football Club,2,1,0,0,,,home-win,90
gdM6Eq27xm,HPG Homes State League 2 South - Reserves,RES,SL2,False,2026-08-01 12:45,R17,Karingal Reserve,Seaford Rangers Men's Reserves SL2,Noarlunga United Men's Reserves SL2,Seaford Rangers,Noarlunga United,1,4,1,2,,,away-win,90
jmazBQ2l6N,HPG Homes State League 2 South - Reserves,RES,SL2,False,2026-08-01 12:45,R17,Ferryden Park Reserve,Ghan United Men's Reserves SL2,Adelaide University Men's Reserves SL2,Ghan United,Adelaide University,0,2,0,1,,,away-win,90
pmvvwBoY5m,HPG Homes State League 2 South - Reserves,RES,SL2,False,2026-08-06 20:00,R18,Carnegie Reserve,Western Strikers Men's Reserves SL2,Adelaide Hills Hawks Men's Reserves SL2,Western Strikers,Adelaide Hills Hawks,2,1,1,0,,,home-win,90
8NO5Xq2V7d,HPG Homes State League 2 South - Reserves,RES,SL2,False,2026-08-07 20:30,R18,Wilfred Taylor Reserve,Noarlunga United Men's Reserves SL2,Adelaide Titans Football Club Men's Reserves SL2,Noarlunga United,Adelaide Titans Football Club,4,2,3,1,,,home-win,90
nmYnZq2baN,HPG Homes State League 2 South - Reserves,RES,SL2,False,2026-08-08 12:45,R18,Ferryden Park Reserve,Ghan United Men's Reserves SL2,Mount Barker United Men's Reserves SL2,Ghan United,Mount Barker United,3,4,0,3,,,away-win,90
OmepXkD1bd,HPG Homes State League 2 South - Reserves,RES,SL2,False,2026-08-08 12:45,R18,Jack Smith Park,Plympton FC Men's Reserves SL2,Seaford Rangers Men's Reserves SL2,Plympton FC,Seaford Rangers,2,1,2,0,,,home-win,90
4KLlzq2OgK,HPG Homes State League 2 South - Reserves,RES,SL2,False,2026-08-08 12:45,R18,T.K. Shutter Reserve,Adelaide University Men's Reserves SL2,Vipers FC Men's Reserves SL2,Adelaide University,Vipers FC,1,7,0,3,,,away-win,90
pN6R9aobDN,HPG Homes State League 2 South - Under 18's,U18,SL2,False,2026-03-14 10:30,R1,Summit Sport and Recreation Park,Mount Barker United Under 18's SL2,Noarlunga United Under 18's SL2,Mount Barker United,Noarlunga United,1,3,1,1,,,away-win,90
OmepXkzl1d,HPG Homes State League 2 South - Under 18's,U18,SL2,False,2026-03-14 11:30,R1,University Ovals,Adelaide University Under 18's SL2,Plympton FC Under 18's SL2,Adelaide University,Plympton FC,2,3,1,2,,,away-win,90
8NO5XqObbd,HPG Homes State League 2 South - Under 18's,U18,SL2,False,2026-03-14 12:30,R1,Karingal Reserve,Seaford Rangers Under 18's SL2,Western Strikers Under 18's SL2,Seaford Rangers,Western Strikers,5,2,2,1,,,home-win,90
2Kp0p3k4BK,HPG Homes State League 2 South - Under 18's,U18,SL2,False,2026-03-14 13:00,R1,West Beach Parks Football Centre,Adelaide Titans Football Club Under 18's SL2,Adelaide Hills Hawks Under 18's SL2,Adelaide Titans Football Club,Adelaide Hills Hawks,1,7,0,5,,,away-win,90
4KLlzq4k1K,HPG Homes State League 2 South - Under 18's,U18,SL2,False,2026-03-14 13:30,R1,Ferryden Park Reserve,Ghan United Under 18's SL2,Vipers FC Under 18's SL2,Ghan United,Vipers FC,0,8,0,3,,,away-win,90
BdDb9qMw3N,HPG Homes State League 2 South - Under 18's,U18,SL2,False,2026-03-21 10:15,R2,Carnegie Reserve,Western Strikers Under 18's SL2,Adelaide University Under 18's SL2,Western Strikers,Adelaide University,2,1,0,0,,,home-win,90
jdywlg0xLN,HPG Homes State League 2 South - Under 18's,U18,SL2,False,2026-03-21 10:30,R2,Evian Football Park @ St Clair Oval,Vipers FC Under 18's SL2,Adelaide Hills Hawks Under 18's SL2,Vipers FC,Adelaide Hills Hawks,4,2,3,1,,,home-win,90
bd9pWabLlK,HPG Homes State League 2 South - Under 18's,U18,SL2,False,2026-03-21 12:30,R2,Karingal Reserve,Seaford Rangers Under 18's SL2,Ghan United Under 18's SL2,Seaford Rangers,Ghan United,0,1,0,1,,,away-win,90
am14QaeBzd,HPG Homes State League 2 South - Under 18's,U18,SL2,False,2026-03-21 13:00,R2,West Beach Parks Football Centre,Adelaide Titans Football Club Under 18's SL2,Mount Barker United Under 18's SL2,Adelaide Titans Football Club,Mount Barker United,4,2,2,2,,,home-win,90
1K3pva0ABd,HPG Homes State League 2 South - Under 18's,U18,SL2,False,2026-03-21 14:30,R2,Wilfred Taylor Reserve,Noarlunga United Under 18's SL2,Plympton FC Under 18's SL2,Noarlunga United,Plympton FC,0,2,0,2,,,away-win,90
ld454aZABm,HPG Homes State League 2 South - Under 18's,U18,SL2,False,2026-03-28 10:00,R3,Jack Smith Park,Plympton FC Under 18's SL2,Adelaide Titans Football Club Under 18's SL2,Plympton FC,Adelaide Titans Football Club,2,1,1,1,,,home-win,90
MNGJxqGn0m,HPG Homes State League 2 South - Under 18's,U18,SL2,False,2026-03-28 10:30,R3,Hawks Nest,Adelaide Hills Hawks Under 18's SL2,Seaford Rangers Under 18's SL2,Adelaide Hills Hawks,Seaford Rangers,2,3,0,1,,,away-win,90
vmZp9qxWDK,HPG Homes State League 2 South - Under 18's,U18,SL2,False,2026-03-28 10:30,R3,Summit Sport and Recreation Park,Mount Barker United Under 18's SL2,Vipers FC Under 18's SL2,Mount Barker United,Vipers FC,0,8,0,4,,,away-win,90
ld454aZgem,HPG Homes State League 2 South - Under 18's,U18,SL2,False,2026-03-28 11:30,R3,University Ovals,Adelaide University Under 18's SL2,Noarlunga United Under 18's SL2,Adelaide University,Noarlunga United,2,1,0,0,,,home-win,90
MNGJxqGlBm,HPG Homes State League 2 South - Under 18's,U18,SL2,False,2026-03-28 12:30,R3,Ferryden Park Reserve,Ghan United Under 18's SL2,Western Strikers Under 18's SL2,Ghan United,Western Strikers,0,5,0,1,,,away-win,90
nmYnZqoQrN,HPG Homes State League 2 South - Under 18's,U18,SL2,False,2026-04-11 09:30,R4,Jack Smith Park,Plympton FC Under 18's SL2,Vipers FC Under 18's SL2,Plympton FC,Vipers FC,1,3,0,1,,,away-win,90
lNbJjn7EoN,HPG Homes State League 2 South - Under 18's,U18,SL2,False,2026-04-11 10:15,R4,Carnegie Reserve,Western Strikers Under 18's SL2,Noarlunga United Under 18's SL2,Western Strikers,Noarlunga United,8,0,5,0,,,home-win,90
jmazBQgX0N,HPG Homes State League 2 South - Under 18's,U18,SL2,False,2026-04-11 11:30,R4,University Ovals,Adelaide University Under 18's SL2,Adelaide Titans Football Club Under 18's SL2,Adelaide University,Adelaide Titans Football Club,2,2,0,2,,,draw,90
gdM6EqkY7m,HPG Homes State League 2 South - Under 18's,U18,SL2,False,2026-04-11 12:30,R4,Ferryden Park Reserve,Ghan United Under 18's SL2,Adelaide Hills Hawks Under 18's SL2,Ghan United,Adelaide Hills Hawks,1,6,1,3,,,away-win,90
pmvvwB9Prm,HPG Homes State League 2 South - Under 18's,U18,SL2,False,2026-04-11 12:30,R4,Karingal Reserve,Seaford Rangers Under 18's SL2,Mount Barker United Under 18's SL2,Seaford Rangers,Mount Barker United,11,0,2,0,,,home-win,90
emAnelD3qN,HPG Homes State League 2 South - Under 18's,U18,SL2,False,2026-04-18 10:00,R5,West Beach Parks Football Centre,Adelaide Titans Football Club Under 18's SL2,Noarlunga United Under 18's SL2,Adelaide Titans Football Club,Noarlunga United,1,1,0,1,,,draw,90
Pmj279pQ9m,HPG Homes State League 2 South - Under 18's,U18,SL2,False,2026-04-18 10:30,R5,Hawks Nest,Adelaide Hills Hawks Under 18's SL2,Western Strikers Under 18's SL2,Adelaide Hills Hawks,Western Strikers,0,3,0,1,,,away-win,90
PmrGqje2rN,HPG Homes State League 2 South - Under 18's,U18,SL2,False,2026-04-18 10:30,R5,Summit Sport and Recreation Park,Mount Barker United Under 18's SL2,Ghan United Under 18's SL2,Mount Barker United,Ghan United,4,3,2,2,,,home-win,90
EN2pnyRr2d,HPG Homes State League 2 South - Under 18's,U18,SL2,False,2026-04-18 10:30,R5,Evian Football Park @ St Clair Oval,Vipers FC Under 18's SL2,Adelaide University Under 18's SL2,Vipers FC,Adelaide University,3,4,2,2,,,away-win,90
8NO5Xb6y7d,HPG Homes State League 2 South - Under 18's,U18,SL2,False,2026-04-18 12:30,R5,Karingal Reserve,Seaford Rangers Under 18's SL2,Plympton FC Under 18's SL2,Seaford Rangers,Plympton FC,1,2,1,0,,,away-win,90
jmazBnWQMN,HPG Homes State League 2 South - Under 18's,U18,SL2,False,2026-05-02 10:15,R6,Carnegie Reserve,Western Strikers Under 18's SL2,Adelaide Titans Football Club Under 18's SL2,Western Strikers,Adelaide Titans Football Club,3,2,0,2,,,home-win,90
MNGJxzeMbm,HPG Homes State League 2 South - Under 18's,U18,SL2,False,2026-05-02 10:30,R6,Hawks Nest,Adelaide Hills Hawks Under 18's SL2,Mount Barker United Under 18's SL2,Adelaide Hills Hawks,Mount Barker United,11,0,5,0,,,home-win,90
ld454Eo7pm,HPG Homes State League 2 South - Under 18's,U18,SL2,False,2026-05-02 10:30,R6,Wilfred Taylor Reserve,Noarlunga United Under 18's SL2,Vipers FC Under 18's SL2,Noarlunga United,Vipers FC,2,5,0,2,,,away-win,90
nmYnZPkErN,HPG Homes State League 2 South - Under 18's,U18,SL2,False,2026-05-02 11:30,R6,University Ovals,Adelaide University Under 18's SL2,Seaford Rangers Under 18's SL2,Adelaide University,Seaford Rangers,1,2,1,0,,,away-win,90
pmvvwLbArm,HPG Homes State League 2 South - Under 18's,U18,SL2,False,2026-05-02 12:30,R6,Ferryden Park Reserve,Ghan United Under 18's SL2,Plympton FC Under 18's SL2,Ghan United,Plympton FC,1,7,1,3,,,away-win,90
bd9pWwyklK,HPG Homes State League 2 South - Under 18's,U18,SL2,False,2026-05-09 10:00,R7,West Beach Parks Football Centre,Adelaide Titans Football Club Under 18's SL2,Vipers FC Under 18's SL2,Adelaide Titans Football Club,Vipers FC,1,9,0,3,,,away-win,90
BdDb9Xl33N,HPG Homes State League 2 South - Under 18's,U18,SL2,False,2026-05-09 10:30,R7,Summit Sport and Recreation Park,Mount Barker United Under 18's SL2,Western Strikers Under 18's SL2,Mount Barker United,Western Strikers,2,3,1,0,,,away-win,90
1K3pv6Z8Bd,HPG Homes State League 2 South - Under 18's,U18,SL2,False,2026-05-09 10:30,R7,Hawks Nest,Adelaide Hills Hawks Under 18's SL2,Plympton FC Under 18's SL2,Adelaide Hills Hawks,Plympton FC,1,0,0,0,,,home-win,90
jdywlz7kLN,HPG Homes State League 2 South - Under 18's,U18,SL2,False,2026-05-09 10:30,R7,Wilfred Taylor Reserve,Noarlunga United Under 18's SL2,Seaford Rangers Under 18's SL2,Noarlunga United,Seaford Rangers,0,3,0,1,,,away-win,90
am14Q798zd,HPG Homes State League 2 South - Under 18's,U18,SL2,False,2026-05-09 11:30,R7,University Ovals,Adelaide University Under 18's SL2,Ghan United Under 18's SL2,Adelaide University,Ghan United,5,0,3,0,,,home-win,90
gdM6ExAqBm,HPG Homes State League 2 South - Under 18's,U18,SL2,False,2026-05-16 10:15,R8,Hawks Nest,Adelaide Hills Hawks Under 18's SL2,Noarlunga United Under 18's SL2,Adelaide Hills Hawks,Noarlunga United,1,0,0,0,,,home-win,90
ld454Eo8em,HPG Homes State League 2 South - Under 18's,U18,SL2,False,2026-05-16 10:30,R8,Evian Football Park @ St Clair Oval,Vipers FC Under 18's SL2,Seaford Rangers Under 18's SL2,Vipers FC,Seaford Rangers,2,0,2,0,,,home-win,90
vmZp9MOqlK,HPG Homes State League 2 South - Under 18's,U18,SL2,False,2026-05-16 10:30,R8,Summit Sport and Recreation Park,Mount Barker United Under 18's SL2,Adelaide University Under 18's SL2,Mount Barker United,Adelaide University,1,7,0,3,,,away-win,90
lNbJjvLn3N,HPG Homes State League 2 South - Under 18's,U18,SL2,False,2026-05-16 13:00,R8,West Beach Parks Football Centre,Adelaide Titans Football Club Under 18's SL2,Ghan United Under 18's SL2,Adelaide Titans Football Club,Ghan United,3,4,2,4,,,away-win,90
MNGJxzeZBm,HPG Homes State League 2 South - Under 18's,U18,SL2,False,2026-05-16 14:30,R8,Jack Smith Park,Plympton FC Under 18's SL2,Western Strikers Under 18's SL2,Plympton FC,Western Strikers,0,2,0,2,,,away-win,90
BdDb9XlXgN,HPG Homes State League 2 South - Under 18's,U18,SL2,False,2026-05-23 10:00,R9,Jack Smith Park,Plympton FC Under 18's SL2,Mount Barker United Under 18's SL2,Plympton FC,Mount Barker United,2,1,1,1,,,home-win,90
2Kp0poYoqK,HPG Homes State League 2 South - Under 18's,U18,SL2,False,2026-05-23 10:30,R9,Evian Football Park @ St Clair Oval,Vipers FC Under 18's SL2,Western Strikers Under 18's SL2,Vipers FC,Western Strikers,2,1,1,1,,,home-win,90
MNGJxzezEm,HPG Homes State League 2 South - Under 18's,U18,SL2,False,2026-05-23 10:30,R9,Karingal Reserve,Seaford Rangers Under 18's SL2,Adelaide Titans Football Club Under 18's SL2,Seaford Rangers,Adelaide Titans Football Club,2,1,1,1,,,home-win,90
ld454EoErm,HPG Homes State League 2 South - Under 18's,U18,SL2,False,2026-05-23 10:30,R9,Hawks Nest,Adelaide Hills Hawks Under 18's SL2,Adelaide University Under 18's SL2,Adelaide Hills Hawks,Adelaide University,3,3,2,2,,,draw,90
vmZp9MOMMK,HPG Homes State League 2 South - Under 18's,U18,SL2,False,2026-05-23 10:30,R9,Wilfred Taylor Reserve,Noarlunga United Under 18's SL2,Ghan United Under 18's SL2,Noarlunga United,Ghan United,6,2,2,2,,,home-win,90
gdM6ExAl1m,HPG Homes State League 2 South - Under 18's,U18,SL2,False,2026-05-30 10:00,R10,Jack Smith Park,Plympton FC Under 18's SL2,Adelaide University Under 18's SL2,Plympton FC,Adelaide University,3,1,1,1,,,home-win,90
lNbJjvLvEN,HPG Homes State League 2 South - Under 18's,U18,SL2,False,2026-05-30 10:15,R10,Carnegie Reserve,Western Strikers Under 18's SL2,Seaford Rangers Under 18's SL2,Western Strikers,Seaford Rangers,1,1,0,0,,,draw,90
jmazBnW75N,HPG Homes State League 2 South - Under 18's,U18,SL2,False,2026-05-30 10:30,R10,Evian Football Park @ St Clair Oval,Vipers FC Under 18's SL2,Ghan United Under 18's SL2,Vipers FC,Ghan United,5,1,2,0,,,home-win,90
MNGJxzeV2m,HPG Homes State League 2 South - Under 18's,U18,SL2,False,2026-05-30 10:30,R10,Wilfred Taylor Reserve,Noarlunga United Under 18's SL2,Mount Barker United Under 18's SL2,Noarlunga United,Mount Barker United,3,0,2,0,,,home-win,90
ld454EoPxm,HPG Homes State League 2 South - Under 18's,U18,SL2,False,2026-05-30 10:30,R10,Hawks Nest,Adelaide Hills Hawks Under 18's SL2,Adelaide Titans Football Club Under 18's SL2,Adelaide Hills Hawks,Adelaide Titans Football Club,6,1,2,1,,,home-win,90
lNbJjvLODN,HPG Homes State League 2 South - Under 18's,U18,SL2,False,2026-06-13 10:30,R11,Karingal Reserve,Seaford Rangers Under 18's SL2,Vipers FC Under 18's SL2,Seaford Rangers,Vipers FC,2,5,0,3,,,away-win,90
jmazBnWlYN,HPG Homes State League 2 South - Under 18's,U18,SL2,False,2026-06-13 12:30,R11,Ferryden Park Reserve,Ghan United Under 18's SL2,Adelaide Titans Football Club Under 18's SL2,Ghan United,Adelaide Titans Football Club,4,0,2,0,,,home-win,90
gdM6ExA7Qm,HPG Homes State League 2 South - Under 18's,U18,SL2,False,2026-06-16 19:30,R11,Summit Sport and Recreation Park,Adelaide University Under 18's SL2,Mount Barker United Under 18's SL2,Adelaide University,Mount Barker United,4,1,2,0,,,home-win,90
8NO5Xb6OBd,HPG Homes State League 2 South - Under 18's,U18,SL2,False,2026-06-20 10:00,R12,Jack Smith Park,Plympton FC Under 18's SL2,Noarlunga United Under 18's SL2,Plympton FC,Noarlunga United,5,0,1,0,,,home-win,90
PmrGqjeO5N,HPG Homes State League 2 South - Under 18's,U18,SL2,False,2026-06-20 10:30,R12,Regency Park,Adelaide University Under 18's SL2,Western Strikers Under 18's SL2,Adelaide University,Western Strikers,2,2,2,1,,,draw,90
4KLlzoB42K,HPG Homes State League 2 South - Under 18's,U18,SL2,False,2026-06-20 10:30,R12,Summit Sport and Recreation Park,Mount Barker United Under 18's SL2,Adelaide Titans Football Club Under 18's SL2,Mount Barker United,Adelaide Titans Football Club,2,3,1,2,,,away-win,90
EN2pnyRzOd,HPG Homes State League 2 South - Under 18's,U18,SL2,False,2026-06-20 12:30,R12,Ferryden Park Reserve,Ghan United Under 18's SL2,Seaford Rangers Under 18's SL2,Ghan United,Seaford Rangers,1,6,1,2,,,away-win,90
1K3pv6ZkRd,HPG Homes State League 2 South - Under 18's,U18,SL2,False,2026-06-27 10:00,R13,West Beach Parks Football Centre,Adelaide Titans Football Club Under 18's SL2,Plympton FC Under 18's SL2,Adelaide Titans Football Club,Plympton FC,0,7,0,4,,,away-win,90
2Kp0poYnWK,HPG Homes State League 2 South - Under 18's,U18,SL2,False,2026-06-27 10:30,R13,Carnegie Reserve,Western Strikers Under 18's SL2,Ghan United Under 18's SL2,Western Strikers,Ghan United,5,3,3,1,,,home-win,90
BdDb9XlBxN,HPG Homes State League 2 South - Under 18's,U18,SL2,False,2026-06-27 10:30,R13,Wilfred Taylor Reserve,Noarlunga United Under 18's SL2,Adelaide University Under 18's SL2,Noarlunga United,Adelaide University,1,2,1,0,,,away-win,90
bd9pWwy9eK,HPG Homes State League 2 South - Under 18's,U18,SL2,False,2026-06-27 10:30,R13,Karingal Reserve,Seaford Rangers Under 18's SL2,Adelaide Hills Hawks Under 18's SL2,Seaford Rangers,Adelaide Hills Hawks,2,2,0,0,,,draw,90
jdywlz783N,HPG Homes State League 2 South - Under 18's,U18,SL2,False,2026-06-27 10:30,R13,Evian Football Park @ St Clair Oval,Vipers FC Under 18's SL2,Mount Barker United Under 18's SL2,Vipers FC,Mount Barker United,9,2,4,2,,,home-win,90
ld454EooOm,HPG Homes State League 2 South - Under 18's,U18,SL2,False,2026-07-04 10:00,R14,West Beach Parks Football Centre,Adelaide Titans Football Club Under 18's SL2,Seaford Rangers Under 18's SL2,Adelaide Titans Football Club,Seaford Rangers,1,6,1,2,,,away-win,90
MNGJxzeeQm,HPG Homes State League 2 South - Under 18's,U18,SL2,False,2026-07-04 10:30,R14,Summit Sport and Recreation Park,Mount Barker United Under 18's SL2,Plympton FC Under 18's SL2,Mount Barker United,Plympton FC,1,4,0,2,,,away-win,90
MNGJxDQv7m,HPG Homes State League 2 South - Under 18's,U18,SL2,False,2026-07-04 10:30,R14,Regency Park,Adelaide University Under 18's SL2,Adelaide Hills Hawks Under 18's SL2,Adelaide University,Adelaide Hills Hawks,1,3,1,2,,,away-win,90
ld454xkpDm,HPG Homes State League 2 South - Under 18's,U18,SL2,False,2026-07-04 12:30,R14,Ferryden Park Reserve,Ghan United Under 18's SL2,Noarlunga United Under 18's SL2,Ghan United,Noarlunga United,1,2,0,1,,,away-win,90
vmZp9MOGJK,HPG Homes State League 2 South - Under 18's,U18,SL2,False,2026-07-09 18:00,R11,Carnegie Reserve,Western Strikers Under 18's SL2,Plympton FC Under 18's SL2,Western Strikers,Plympton FC,2,1,1,1,,,home-win,90
jmazB7wzqN,HPG Homes State League 2 South - Under 18's,U18,SL2,False,2026-07-18 10:00,R15,West Beach Parks Football Centre,Adelaide Titans Football Club Under 18's SL2,Adelaide University Under 18's SL2,Adelaide Titans Football Club,Adelaide University,0,2,0,1,,,away-win,90
vmZp9jlvGK,HPG Homes State League 2 South - Under 18's,U18,SL2,False,2026-07-18 10:30,R15,Hawks Nest,Adelaide Hills Hawks Under 18's SL2,Ghan United Under 18's SL2,Adelaide Hills Hawks,Ghan United,5,1,1,0,,,home-win,90
lNbJjy0JpN,HPG Homes State League 2 South - Under 18's,U18,SL2,False,2026-07-18 10:30,R15,Summit Sport and Recreation Park,Mount Barker United Under 18's SL2,Seaford Rangers Under 18's SL2,Mount Barker United,Seaford Rangers,2,5,2,3,,,away-win,90
gdM6ElO6Zm,HPG Homes State League 2 South - Under 18's,U18,SL2,False,2026-07-18 10:30,R15,Evian Football Park @ St Clair Oval,Vipers FC Under 18's SL2,Plympton FC Under 18's SL2,Vipers FC,Plympton FC,1,0,1,0,,,home-win,90
pmvvwVDvRm,HPG Homes State League 2 South - Under 18's,U18,SL2,False,2026-07-18 15:00,R15,Wilfred Taylor Reserve,Noarlunga United Under 18's SL2,Western Strikers Under 18's SL2,Noarlunga United,Western Strikers,2,5,1,4,,,away-win,90
OmepXlEzGd,HPG Homes State League 2 South - Under 18's,U18,SL2,False,2026-07-22 18:00,R12,Hawks Nest,Adelaide Hills Hawks Under 18's SL2,Vipers FC Under 18's SL2,Adelaide Hills Hawks,Vipers FC,3,1,2,1,,,home-win,90
nmYnZxWn3N,HPG Homes State League 2 South - Under 18's,U18,SL2,False,2026-07-25 10:00,R16,West Beach Parks Football Centre,Adelaide Titans Football Club Under 18's SL2,Western Strikers Under 18's SL2,Adelaide Titans Football Club,Western Strikers,1,7,0,3,,,away-win,90
PmrGql5JEN,HPG Homes State League 2 South - Under 18's,U18,SL2,False,2026-07-25 10:00,R16,Jack Smith Park,Plympton FC Under 18's SL2,Ghan United Under 18's SL2,Plympton FC,Ghan United,7,0,1,0,,,home-win,90
Pmj27r5Y5m,HPG Homes State League 2 South - Under 18's,U18,SL2,False,2026-07-25 10:30,R16,Summit Sport and Recreation Park,Mount Barker United Under 18's SL2,Adelaide Hills Hawks Under 18's SL2,Mount Barker United,Adelaide Hills Hawks,0,7,0,4,,,away-win,90
emAneMYo1N,HPG Homes State League 2 South - Under 18's,U18,SL2,False,2026-07-25 10:30,R16,Evian Football Park @ St Clair Oval,Vipers FC Under 18's SL2,Noarlunga United Under 18's SL2,Vipers FC,Noarlunga United,5,1,4,0,,,home-win,90
EN2pn3vPEd,HPG Homes State League 2 South - Under 18's,U18,SL2,False,2026-07-25 10:30,R16,Karingal Reserve,Seaford Rangers Under 18's SL2,Adelaide University Under 18's SL2,Seaford Rangers,Adelaide University,4,0,1,0,,,home-win,90
am14Q79vXd,HPG Homes State League 2 South - Under 18's,U18,SL2,False,2026-07-29 19:45,R14,Carnegie Reserve,Western Strikers Under 18's SL2,Vipers FC Under 18's SL2,Western Strikers,Vipers FC,1,3,0,2,,,away-win,90
jmazB7Ja7N,HPG Homes State League 2 South - Under 18's,U18,SL2,False,2026-08-01 10:00,R17,Jack Smith Park,Plympton FC Under 18's SL2,Adelaide Hills Hawks Under 18's SL2,Plympton FC,Adelaide Hills Hawks,1,3,1,1,,,away-win,90
lNbJjyGq6N,HPG Homes State League 2 South - Under 18's,U18,SL2,False,2026-08-01 10:15,R17,Carnegie Reserve,Western Strikers Under 18's SL2,Mount Barker United Under 18's SL2,Western Strikers,Mount Barker United,7,0,3,0,,,home-win,90
gdM6ElL32m,HPG Homes State League 2 South - Under 18's,U18,SL2,False,2026-08-01 10:30,R17,Evian Football Park @ St Clair Oval,Vipers FC Under 18's SL2,Adelaide Titans Football Club Under 18's SL2,Vipers FC,Adelaide Titans Football Club,4,0,1,0,,,home-win,90
pmvvwVpy0m,HPG Homes State League 2 South - Under 18's,U18,SL2,False,2026-08-01 10:30,R17,Karingal Reserve,Seaford Rangers Under 18's SL2,Noarlunga United Under 18's SL2,Seaford Rangers,Noarlunga United,4,0,1,0,,,home-win,90
nmYnZxg51N,HPG Homes State League 2 South - Under 18's,U18,SL2,False,2026-08-01 10:30,R17,Ferryden Park Reserve,Ghan United Under 18's SL2,Adelaide University Under 18's SL2,Ghan United,Adelaide University,1,5,0,2,,,away-win,90
pmvvwLbyLm,HPG Homes State League 2 South - Under 18's,U18,SL2,False,2026-08-05 19:30,R11,Wilfred Taylor Reserve,Noarlunga United Under 18's SL2,Adelaide Hills Hawks Under 18's SL2,Noarlunga United,Adelaide Hills Hawks,0,3,0,2,,,away-win,90
OmepXPnEPd,HPG Homes State League 2 South - Under 18's,U18,SL2,False,2026-08-07 18:30,R18,Wilfred Taylor Reserve,Noarlunga United Under 18's SL2,Adelaide Titans Football Club Under 18's SL2,Noarlunga United,Adelaide Titans Football Club,0,2,0,0,,,away-win,90
8NO5XY962d,HPG Homes State League 2 South - Under 18's,U18,SL2,False,2026-08-07 19:30,R18,Ferryden Park Reserve,Ghan United Under 18's SL2,Mount Barker United Under 18's SL2,Ghan United,Mount Barker United,2,4,2,4,,,away-win,90
nmYnZxgkpN,HPG Homes State League 2 South - Under 18's,U18,SL2,False,2026-08-08 10:30,R18,Jack Smith Park,Plympton FC Under 18's SL2,Seaford Rangers Under 18's SL2,Plympton FC,Seaford Rangers,2,2,1,2,,,draw,90
4KLlzk1RpK,HPG Homes State League 2 South - Under 18's,U18,SL2,False,2026-08-08 10:30,R18,T.K. Shutter Reserve,Adelaide University Under 18's SL2,Vipers FC Under 18's SL2,Adelaide University,Vipers FC,0,5,0,1,,,away-win,90
pmvvwVpb6m,HPG Homes State League 2 South - Under 18's,U18,SL2,False,2026-08-08 11:00,R18,Carnegie Reserve,Western Strikers Under 18's SL2,Adelaide Hills Hawks Under 18's SL2,Western Strikers,Adelaide Hills Hawks,1,2,1,1,,,away-win,90
